-- MySQL dump 10.13  Distrib 5.7.22, for Linux (x86_64)
--
-- Host: localhost    Database: dj-bobjiang-v2
-- ------------------------------------------------------
-- Server version	5.7.22-0ubuntu0.16.04.1

/*!40101 SET @OLD_CHARACTER_SET_CLIENT=@@CHARACTER_SET_CLIENT */;
/*!40101 SET @OLD_CHARACTER_SET_RESULTS=@@CHARACTER_SET_RESULTS */;
/*!40101 SET @OLD_COLLATION_CONNECTION=@@COLLATION_CONNECTION */;
/*!40101 SET NAMES utf8 */;
/*!40103 SET @OLD_TIME_ZONE=@@TIME_ZONE */;
/*!40103 SET TIME_ZONE='+00:00' */;
/*!40014 SET @OLD_UNIQUE_CHECKS=@@UNIQUE_CHECKS, UNIQUE_CHECKS=0 */;
/*!40014 SET @OLD_FOREIGN_KEY_CHECKS=@@FOREIGN_KEY_CHECKS, FOREIGN_KEY_CHECKS=0 */;
/*!40101 SET @OLD_SQL_MODE=@@SQL_MODE, SQL_MODE='NO_AUTO_VALUE_ON_ZERO' */;
/*!40111 SET @OLD_SQL_NOTES=@@SQL_NOTES, SQL_NOTES=0 */;

--
-- Table structure for table `auth_group`
--

DROP TABLE IF EXISTS `auth_group`;
/*!40101 SET @saved_cs_client     = @@character_set_client */;
/*!40101 SET character_set_client = utf8 */;
CREATE TABLE `auth_group` (
  `id` int(11) NOT NULL AUTO_INCREMENT,
  `name` varchar(80) NOT NULL,
  PRIMARY KEY (`id`),
  UNIQUE KEY `name` (`name`)
) ENGINE=InnoDB DEFAULT CHARSET=utf8;
/*!40101 SET character_set_client = @saved_cs_client */;

--
-- Dumping data for table `auth_group`
--

LOCK TABLES `auth_group` WRITE;
/*!40000 ALTER TABLE `auth_group` DISABLE KEYS */;
/*!40000 ALTER TABLE `auth_group` ENABLE KEYS */;
UNLOCK TABLES;

--
-- Table structure for table `auth_group_permissions`
--

DROP TABLE IF EXISTS `auth_group_permissions`;
/*!40101 SET @saved_cs_client     = @@character_set_client */;
/*!40101 SET character_set_client = utf8 */;
CREATE TABLE `auth_group_permissions` (
  `id` int(11) NOT NULL AUTO_INCREMENT,
  `group_id` int(11) NOT NULL,
  `permission_id` int(11) NOT NULL,
  PRIMARY KEY (`id`),
  UNIQUE KEY `auth_group_permissions_group_id_permission_id_0cd325b0_uniq` (`group_id`,`permission_id`),
  KEY `auth_group_permissio_permission_id_84c5c92e_fk_auth_perm` (`permission_id`),
  CONSTRAINT `auth_group_permissio_permission_id_84c5c92e_fk_auth_perm` FOREIGN KEY (`permission_id`) REFERENCES `auth_permission` (`id`),
  CONSTRAINT `auth_group_permissions_group_id_b120cbf9_fk_auth_group_id` FOREIGN KEY (`group_id`) REFERENCES `auth_group` (`id`)
) ENGINE=InnoDB DEFAULT CHARSET=utf8;
/*!40101 SET character_set_client = @saved_cs_client */;

--
-- Dumping data for table `auth_group_permissions`
--

LOCK TABLES `auth_group_permissions` WRITE;
/*!40000 ALTER TABLE `auth_group_permissions` DISABLE KEYS */;
/*!40000 ALTER TABLE `auth_group_permissions` ENABLE KEYS */;
UNLOCK TABLES;

--
-- Table structure for table `auth_permission`
--

DROP TABLE IF EXISTS `auth_permission`;
/*!40101 SET @saved_cs_client     = @@character_set_client */;
/*!40101 SET character_set_client = utf8 */;
CREATE TABLE `auth_permission` (
  `id` int(11) NOT NULL AUTO_INCREMENT,
  `name` varchar(255) NOT NULL,
  `content_type_id` int(11) NOT NULL,
  `codename` varchar(100) NOT NULL,
  PRIMARY KEY (`id`),
  UNIQUE KEY `auth_permission_content_type_id_codename_01ab375a_uniq` (`content_type_id`,`codename`),
  CONSTRAINT `auth_permission_content_type_id_2f476e4b_fk_django_co` FOREIGN KEY (`content_type_id`) REFERENCES `django_content_type` (`id`)
) ENGINE=InnoDB AUTO_INCREMENT=71 DEFAULT CHARSET=utf8;
/*!40101 SET character_set_client = @saved_cs_client */;

--
-- Dumping data for table `auth_permission`
--

LOCK TABLES `auth_permission` WRITE;
/*!40000 ALTER TABLE `auth_permission` DISABLE KEYS */;
INSERT INTO `auth_permission` VALUES (1,'Can add log entry',1,'add_logentry'),(2,'Can change log entry',1,'change_logentry'),(3,'Can delete log entry',1,'delete_logentry'),(4,'Can add permission',2,'add_permission'),(5,'Can change permission',2,'change_permission'),(6,'Can delete permission',2,'delete_permission'),(7,'Can add group',3,'add_group'),(8,'Can change group',3,'change_group'),(9,'Can delete group',3,'delete_group'),(10,'Can add user',4,'add_user'),(11,'Can change user',4,'change_user'),(12,'Can delete user',4,'delete_user'),(13,'Can add content type',5,'add_contenttype'),(14,'Can change content type',5,'change_contenttype'),(15,'Can delete content type',5,'delete_contenttype'),(16,'Can add session',6,'add_session'),(17,'Can change session',6,'change_session'),(18,'Can delete session',6,'delete_session'),(19,'Can add post',7,'add_post'),(20,'Can change post',7,'change_post'),(21,'Can delete post',7,'delete_post'),(22,'Can add category',8,'add_category'),(23,'Can change category',8,'change_category'),(24,'Can delete category',8,'delete_category'),(25,'Can add tag',9,'add_tag'),(26,'Can change tag',9,'change_tag'),(27,'Can delete tag',9,'delete_tag'),(28,'Can add visiable',10,'add_visiable'),(29,'Can change visiable',10,'change_visiable'),(30,'Can delete visiable',10,'delete_visiable'),(31,'Can add comment',11,'add_comment'),(32,'Can change comment',11,'change_comment'),(33,'Can delete comment',11,'delete_comment'),(34,'Can add comment',12,'add_comment'),(35,'Can change comment',12,'change_comment'),(36,'Can delete comment',12,'delete_comment'),(37,'Can view log entry',1,'view_logentry'),(38,'Can view group',3,'view_group'),(39,'Can view permission',2,'view_permission'),(40,'Can view user',4,'view_user'),(41,'Can view category',8,'view_category'),(42,'Can view comment',11,'view_comment'),(43,'Can view post',7,'view_post'),(44,'Can view tag',9,'view_tag'),(45,'Can view visiable',10,'view_visiable'),(46,'Can view comment',12,'view_comment'),(47,'Can view content type',5,'view_contenttype'),(48,'Can view session',6,'view_session'),(49,'Can add Bookmark',13,'add_bookmark'),(50,'Can change Bookmark',13,'change_bookmark'),(51,'Can delete Bookmark',13,'delete_bookmark'),(52,'Can add User Setting',14,'add_usersettings'),(53,'Can change User Setting',14,'change_usersettings'),(54,'Can delete User Setting',14,'delete_usersettings'),(55,'Can add User Widget',15,'add_userwidget'),(56,'Can change User Widget',15,'change_userwidget'),(57,'Can delete User Widget',15,'delete_userwidget'),(58,'Can add log entry',16,'add_log'),(59,'Can change log entry',16,'change_log'),(60,'Can delete log entry',16,'delete_log'),(61,'Can view Bookmark',13,'view_bookmark'),(62,'Can view log entry',16,'view_log'),(63,'Can view User Setting',14,'view_usersettings'),(64,'Can view User Widget',15,'view_userwidget'),(65,'Can add revision',17,'add_revision'),(66,'Can change revision',17,'change_revision'),(67,'Can delete revision',17,'delete_revision'),(68,'Can add version',18,'add_version'),(69,'Can change version',18,'change_version'),(70,'Can delete version',18,'delete_version');
/*!40000 ALTER TABLE `auth_permission` ENABLE KEYS */;
UNLOCK TABLES;

--
-- Table structure for table `auth_user`
--

DROP TABLE IF EXISTS `auth_user`;
/*!40101 SET @saved_cs_client     = @@character_set_client */;
/*!40101 SET character_set_client = utf8 */;
CREATE TABLE `auth_user` (
  `id` int(11) NOT NULL AUTO_INCREMENT,
  `password` varchar(128) NOT NULL,
  `last_login` datetime(6) DEFAULT NULL,
  `is_superuser` tinyint(1) NOT NULL,
  `username` varchar(150) NOT NULL,
  `first_name` varchar(30) NOT NULL,
  `last_name` varchar(150) NOT NULL,
  `email` varchar(254) NOT NULL,
  `is_staff` tinyint(1) NOT NULL,
  `is_active` tinyint(1) NOT NULL,
  `date_joined` datetime(6) NOT NULL,
  PRIMARY KEY (`id`),
  UNIQUE KEY `username` (`username`)
) ENGINE=InnoDB AUTO_INCREMENT=3 DEFAULT CHARSET=utf8;
/*!40101 SET character_set_client = @saved_cs_client */;

--
-- Dumping data for table `auth_user`
--

LOCK TABLES `auth_user` WRITE;
/*!40000 ALTER TABLE `auth_user` DISABLE KEYS */;
INSERT INTO `auth_user` VALUES (1,'pbkdf2_sha256$100000$mbyNDOa7r1g1$H/LGi8PLNld6hR55wC19rdE4TxrwajKQ3Y30kfXwL08=','2018-09-10 18:11:30.600779',1,'root','','','jbsv43@sina.com',1,1,'2018-06-27 03:17:44.552924'),(2,'pbkdf2_sha256$120000$LjKt9TiC7QSk$0HN5aL80qMgiZi1zVtCS3O/s1h8mL6u/4iVFn36bThI=','2019-06-29 23:49:44.875448',1,'Bo','','','jbsv43@sina.com',1,1,'2018-06-28 07:18:38.682436');
/*!40000 ALTER TABLE `auth_user` ENABLE KEYS */;
UNLOCK TABLES;

--
-- Table structure for table `auth_user_groups`
--

DROP TABLE IF EXISTS `auth_user_groups`;
/*!40101 SET @saved_cs_client     = @@character_set_client */;
/*!40101 SET character_set_client = utf8 */;
CREATE TABLE `auth_user_groups` (
  `id` int(11) NOT NULL AUTO_INCREMENT,
  `user_id` int(11) NOT NULL,
  `group_id` int(11) NOT NULL,
  PRIMARY KEY (`id`),
  UNIQUE KEY `auth_user_groups_user_id_group_id_94350c0c_uniq` (`user_id`,`group_id`),
  KEY `auth_user_groups_group_id_97559544_fk_auth_group_id` (`group_id`),
  CONSTRAINT `auth_user_groups_group_id_97559544_fk_auth_group_id` FOREIGN KEY (`group_id`) REFERENCES `auth_group` (`id`),
  CONSTRAINT `auth_user_groups_user_id_6a12ed8b_fk_auth_user_id` FOREIGN KEY (`user_id`) REFERENCES `auth_user` (`id`)
) ENGINE=InnoDB DEFAULT CHARSET=utf8;
/*!40101 SET character_set_client = @saved_cs_client */;

--
-- Dumping data for table `auth_user_groups`
--

LOCK TABLES `auth_user_groups` WRITE;
/*!40000 ALTER TABLE `auth_user_groups` DISABLE KEYS */;
/*!40000 ALTER TABLE `auth_user_groups` ENABLE KEYS */;
UNLOCK TABLES;

--
-- Table structure for table `auth_user_user_permissions`
--

DROP TABLE IF EXISTS `auth_user_user_permissions`;
/*!40101 SET @saved_cs_client     = @@character_set_client */;
/*!40101 SET character_set_client = utf8 */;
CREATE TABLE `auth_user_user_permissions` (
  `id` int(11) NOT NULL AUTO_INCREMENT,
  `user_id` int(11) NOT NULL,
  `permission_id` int(11) NOT NULL,
  PRIMARY KEY (`id`),
  UNIQUE KEY `auth_user_user_permissions_user_id_permission_id_14a6b632_uniq` (`user_id`,`permission_id`),
  KEY `auth_user_user_permi_permission_id_1fbb5f2c_fk_auth_perm` (`permission_id`),
  CONSTRAINT `auth_user_user_permi_permission_id_1fbb5f2c_fk_auth_perm` FOREIGN KEY (`permission_id`) REFERENCES `auth_permission` (`id`),
  CONSTRAINT `auth_user_user_permissions_user_id_a95ead1b_fk_auth_user_id` FOREIGN KEY (`user_id`) REFERENCES `auth_user` (`id`)
) ENGINE=InnoDB DEFAULT CHARSET=utf8;
/*!40101 SET character_set_client = @saved_cs_client */;

--
-- Dumping data for table `auth_user_user_permissions`
--

LOCK TABLES `auth_user_user_permissions` WRITE;
/*!40000 ALTER TABLE `auth_user_user_permissions` DISABLE KEYS */;
/*!40000 ALTER TABLE `auth_user_user_permissions` ENABLE KEYS */;
UNLOCK TABLES;

--
-- Table structure for table `blog_category`
--

DROP TABLE IF EXISTS `blog_category`;
/*!40101 SET @saved_cs_client     = @@character_set_client */;
/*!40101 SET character_set_client = utf8 */;
CREATE TABLE `blog_category` (
  `id` int(11) NOT NULL AUTO_INCREMENT,
  `name` varchar(100) NOT NULL,
  PRIMARY KEY (`id`)
) ENGINE=InnoDB AUTO_INCREMENT=6 DEFAULT CHARSET=utf8;
/*!40101 SET character_set_client = @saved_cs_client */;

--
-- Dumping data for table `blog_category`
--

LOCK TABLES `blog_category` WRITE;
/*!40000 ALTER TABLE `blog_category` DISABLE KEYS */;
INSERT INTO `blog_category` VALUES (1,'技术'),(2,'随记'),(3,'心情'),(4,'测试用'),(5,'杂谈');
/*!40000 ALTER TABLE `blog_category` ENABLE KEYS */;
UNLOCK TABLES;

--
-- Table structure for table `blog_post`
--

DROP TABLE IF EXISTS `blog_post`;
/*!40101 SET @saved_cs_client     = @@character_set_client */;
/*!40101 SET character_set_client = utf8 */;
CREATE TABLE `blog_post` (
  `id` int(11) NOT NULL AUTO_INCREMENT,
  `title` varchar(200) NOT NULL,
  `text` longtext NOT NULL,
  `created_date` datetime(6) NOT NULL,
  `published_date` datetime(6) DEFAULT NULL,
  `author_id` int(11) NOT NULL,
  `category_id` int(11) DEFAULT NULL,
  `visiable_id` int(11) DEFAULT NULL,
  `views` int(10) unsigned NOT NULL,
  PRIMARY KEY (`id`),
  KEY `blog_post_author_id_dd7a8485_fk_auth_user_id` (`author_id`),
  KEY `blog_post_category_id_c326dbf8_fk_blog_category_id` (`category_id`),
  KEY `blog_post_visiable_id_5d29dbd0_fk_blog_visiable_id` (`visiable_id`),
  CONSTRAINT `blog_post_author_id_dd7a8485_fk_auth_user_id` FOREIGN KEY (`author_id`) REFERENCES `auth_user` (`id`),
  CONSTRAINT `blog_post_category_id_c326dbf8_fk_blog_category_id` FOREIGN KEY (`category_id`) REFERENCES `blog_category` (`id`),
  CONSTRAINT `blog_post_visiable_id_5d29dbd0_fk_blog_visiable_id` FOREIGN KEY (`visiable_id`) REFERENCES `blog_visiable` (`id`)
) ENGINE=InnoDB AUTO_INCREMENT=76 DEFAULT CHARSET=utf8;
/*!40101 SET character_set_client = @saved_cs_client */;

--
-- Dumping data for table `blog_post`
--

LOCK TABLES `blog_post` WRITE;
/*!40000 ALTER TABLE `blog_post` DISABLE KEYS */;
INSERT INTO `blog_post` VALUES (38,'测试公开度','<p>只是个测试</p>\r\n\r\n<h3>testss</h3>\r\n\r\n<h3>&nbsp;</h3>','2018-07-08 07:18:25.800410','2018-07-08 07:18:25.811788',2,4,2,33),(39,'rails配置环境时的LoadError解决方法','<p><span style=\"font-size:14px\">最近看ruby，在看ruby on rails的时候，搭建本地环境，对已有的Gemfile使用bundle install来安装相关环境，但是出现了mysql2的错误：</span></p>\r\n\r\n<p>cannot load such file -- mysql2/mysql2 (LoadError)</p>\r\n\r\n<p><span style=\"font-size:14px\">搜索了多种方法，发现可以修改Gemfile来重新bundle install。</span></p>\r\n\r\n<p><span style=\"font-size:14px\">把gem &#39;mysql2&#39;, &#39;0.4.5&#39; 改为 gem &#39;mysql2&#39;, &#39;~&gt; 0.4.5&#39;，之后再运行bundle install。</span></p>\r\n\r\n<p><span style=\"font-size:14px\">参考url：<a href=\"https://stackoverflow.com/questions/13701287/ruby-gem-loaderror-mysql2-mysql2-required\">https://stackoverflow.com/questions/13701287/ruby-gem-loaderror-mysql2-mysql2-required</a></span></p>\r\n\r\n<p><span style=\"font-size:14px\">其他gem安装报错的时候可以使用的命令样例：</span></p>\r\n\r\n<pre>\r\n<code>gem install libv8 -v \'3.16.14.13\' -- --with-system-v8\r\n\r\nPKG_CONFIG_PATH=/usr/local/opt/imagemagick@6/lib/pkgconfig gem install rmagick:2.16.0\r\n\r\ngem install puma -v \'3.6.2\' -- --with-opt-dir=/usr/local/opt/openssl\r\n\r\ngem install mysql2 -v \'0.4.5\' -- --srcdir=/usr/local/Cellar/mysql/8.0.11/include</code></pre>\r\n\r\n<p><!--5f39ae17-8c62-4a45-bc43-b32064c9388a:W3siYmxvY2tUeXBlIjoicGFyYWdyYXBoIiwic3R5bGVzIjp7fSwiYmxvY2tJZCI6IjMwOTAtMTUzNDc1NDk0MTM4NiIsInJpY2hUZXh0Ijp7ImlzUmljaFRleHQiOnRydWUsImtlZXBMaW5lQnJlYWsiOnRydWUsImRhdGEiOlt7ImNoYXIiOiLlnKgifSx7ImNoYXIiOiLnnIsifSx7ImNoYXIiOiJyIn0seyJjaGFyIjoidSJ9LHsiY2hhciI6ImIifSx7ImNoYXIiOiJ5In0seyJjaGFyIjoiICJ9LHsiY2hhciI6Im8ifSx7ImNoYXIiOiJuIn0seyJjaGFyIjoiICJ9LHsiY2hhciI6InIifSx7ImNoYXIiOiJhIn0seyJjaGFyIjoiaSJ9LHsiY2hhciI6ImwifSx7ImNoYXIiOiJzIn0seyJjaGFyIjoi55qEIn0seyJjaGFyIjoi5pe2In0seyJjaGFyIjoi5YCZIn0seyJjaGFyIjoi77yMIn0seyJjaGFyIjoi5pCtIn0seyJjaGFyIjoi5bu6In0seyJjaGFyIjoi5pysIn0seyJjaGFyIjoi5ZywIn0seyJjaGFyIjoi546vIn0seyJjaGFyIjoi5aKDIn0seyJjaGFyIjoi77yMIn0seyJjaGFyIjoi5a+5In0seyJjaGFyIjoi5beyIn0seyJjaGFyIjoi5pyJIn0seyJjaGFyIjoi55qEIn0seyJjaGFyIjoiRyJ9LHsiY2hhciI6ImUifSx7ImNoYXIiOiJtIn0seyJjaGFyIjoiZiJ9LHsiY2hhciI6ImkifSx7ImNoYXIiOiJsIn0seyJjaGFyIjoiZSJ9LHsiY2hhciI6IuS9vyJ9LHsiY2hhciI6IueUqCJ9LHsiY2hhciI6ImIifSx7ImNoYXIiOiJ1In0seyJjaGFyIjoibiJ9LHsiY2hhciI6ImQifSx7ImNoYXIiOiJsIn0seyJjaGFyIjoiZSJ9LHsiY2hhciI6IiAifSx7ImNoYXIiOiJpIn0seyJjaGFyIjoibiJ9LHsiY2hhciI6InMifSx7ImNoYXIiOiJ0In0seyJjaGFyIjoiYSJ9LHsiY2hhciI6ImwifSx7ImNoYXIiOiJsIn0seyJjaGFyIjoi5p2lIn0seyJjaGFyIjoi5a6JIn0seyJjaGFyIjoi6KOFIn0seyJjaGFyIjoi55u4In0seyJjaGFyIjoi5YWzIn0seyJjaGFyIjoi546vIn0seyJjaGFyIjoi5aKDIn0seyJjaGFyIjoi77yMIn0seyJjaGFyIjoi5L2GIn0seyJjaGFyIjoi5pivIn0seyJjaGFyIjoi5Ye6In0seyJjaGFyIjoi546wIn0seyJjaGFyIjoi5LqGIn0seyJjaGFyIjoibSJ9LHsiY2hhciI6InkifSx7ImNoYXIiOiJzIn0seyJjaGFyIjoicSJ9LHsiY2hhciI6ImwifSx7ImNoYXIiOiIyIn0seyJjaGFyIjoi55qEIn0seyJjaGFyIjoi6ZSZIn0seyJjaGFyIjoi6K+vIn0seyJjaGFyIjoi77yaIn1dfX0seyJibG9ja1R5cGUiOiJwYXJhZ3JhcGgiLCJzdHlsZXMiOnt9LCJibG9ja0lkIjoiODAyMS0xNTM0NzU1MTAwMTQ5IiwicmljaFRleHQiOnsiaXNSaWNoVGV4dCI6dHJ1ZSwia2VlcExpbmVCcmVhayI6dHJ1ZSwiZGF0YSI6W3siY2hhciI6ImMifSx7ImNoYXIiOiJhIn0seyJjaGFyIjoibiJ9LHsiY2hhciI6Im4ifSx7ImNoYXIiOiJvIn0seyJjaGFyIjoidCJ9LHsiY2hhciI6IiAifSx7ImNoYXIiOiJsIn0seyJjaGFyIjoibyJ9LHsiY2hhciI6ImEifSx7ImNoYXIiOiJkIn0seyJjaGFyIjoiICJ9LHsiY2hhciI6InMifSx7ImNoYXIiOiJ1In0seyJjaGFyIjoiYyJ9LHsiY2hhciI6ImgifSx7ImNoYXIiOiIgIn0seyJjaGFyIjoiZiJ9LHsiY2hhciI6ImkifSx7ImNoYXIiOiJsIn0seyJjaGFyIjoiZSJ9LHsiY2hhciI6IiAifSx7ImNoYXIiOiItIn0seyJjaGFyIjoiLSJ9LHsiY2hhciI6IiAifSx7ImNoYXIiOiJtIn0seyJjaGFyIjoieSJ9LHsiY2hhciI6InMifSx7ImNoYXIiOiJxIn0seyJjaGFyIjoibCJ9LHsiY2hhciI6IjIifSx7ImNoYXIiOiIvIn0seyJjaGFyIjoibSJ9LHsiY2hhciI6InkifSx7ImNoYXIiOiJzIn0seyJjaGFyIjoicSJ9LHsiY2hhciI6ImwifSx7ImNoYXIiOiIyIn0seyJjaGFyIjoiICJ9LHsiY2hhciI6IigifSx7ImNoYXIiOiJMIn0seyJjaGFyIjoibyJ9LHsiY2hhciI6ImEifSx7ImNoYXIiOiJkIn0seyJjaGFyIjoiRSJ9LHsiY2hhciI6InIifSx7ImNoYXIiOiJyIn0seyJjaGFyIjoibyJ9LHsiY2hhciI6InIifSx7ImNoYXIiOiIpIn1dfX0seyJibG9ja1R5cGUiOiJwYXJhZ3JhcGgiLCJzdHlsZXMiOnt9LCJibG9ja0lkIjoiNTU0MS0xNTM0NzU1MTEyNzIzIiwicmljaFRleHQiOnsiaXNSaWNoVGV4dCI6dHJ1ZSwia2VlcExpbmVCcmVhayI6dHJ1ZSwiZGF0YSI6W3siY2hhciI6IuiHqiJ9LHsiY2hhciI6IuW3sSJ9LHsiY2hhciI6IuaJiyJ9LHsiY2hhciI6IuWKqCJ9LHsiY2hhciI6IuWBmiJ9LHsiY2hhciI6Iu+8jCJ9LHsiY2hhciI6InIifSx7ImNoYXIiOiJlIn0seyJjaGFyIjoicSJ9LHsiY2hhciI6InUifSx7ImNoYXIiOiJpIn0seyJjaGFyIjoiciJ9LHsiY2hhciI6ImUifSx7ImNoYXIiOiIgIn0seyJjaGFyIjoiJyJ9LHsiY2hhciI6Im0ifSx7ImNoYXIiOiJ5In0seyJjaGFyIjoicyJ9LHsiY2hhciI6InEifSx7ImNoYXIiOiJsIn0seyJjaGFyIjoiMiJ9LHsiY2hhciI6IicifSx7ImNoYXIiOiIgIn0seyJjaGFyIjoiKCJ9LHsiY2hhciI6IuWPryJ9LHsiY2hhciI6IuihjCJ9LHsiY2hhciI6IikifSx7ImNoYXIiOiLvvIwifSx7ImNoYXIiOiJyIn0seyJjaGFyIjoiZSJ9LHsiY2hhciI6InEifSx7ImNoYXIiOiJ1In0seyJjaGFyIjoiaSJ9LHsiY2hhciI6InIifSx7ImNoYXIiOiJlIn0seyJjaGFyIjoiICJ9LHsiY2hhciI6IicifSx7ImNoYXIiOiJtIn0seyJjaGFyIjoieSJ9LHsiY2hhciI6InMifSx7ImNoYXIiOiJxIn0seyJjaGFyIjoibCJ9LHsiY2hhciI6IjIifSx7ImNoYXIiOiIvIn0seyJjaGFyIjoibSJ9LHsiY2hhciI6InkifSx7ImNoYXIiOiJzIn0seyJjaGFyIjoicSJ9LHsiY2hhciI6ImwifSx7ImNoYXIiOiIyIn0seyJjaGFyIjoiJyJ9LHsiY2hhciI6IiAifSx7ImNoYXIiOiLvvIgifSx7ImNoYXIiOiJMIn0seyJjaGFyIjoibyJ9LHsiY2hhciI6ImEifSx7ImNoYXIiOiJkIn0seyJjaGFyIjoiRSJ9LHsiY2hhciI6InIifSx7ImNoYXIiOiJyIn0seyJjaGFyIjoibyJ9LHsiY2hhciI6InIifSx7ImNoYXIiOiLvvIkifV19fSx7ImJsb2NrVHlwZSI6InBhcmFncmFwaCIsInN0eWxlcyI6e30sImJsb2NrSWQiOiIyNzQyLTE1MzQ3NTUxNTg4NjQiLCJyaWNoVGV4dCI6eyJpc1JpY2hUZXh0Ijp0cnVlLCJrZWVwTGluZUJyZWFrIjp0cnVlLCJkYXRhIjpbeyJjaGFyIjoi5pCcIn0seyJjaGFyIjoi57SiIn0seyJjaGFyIjoi5LqGIn0seyJjaGFyIjoi5LiLIn0seyJjaGFyIjoi77yMIn0seyJjaGFyIjoi5Y+RIn0seyJjaGFyIjoi546wIn0seyJjaGFyIjoi5Y+vIn0seyJjaGFyIjoi5LulIn0seyJjaGFyIjoi5L+uIn0seyJjaGFyIjoi5pS5In0seyJjaGFyIjoiRyJ9LHsiY2hhciI6ImUifSx7ImNoYXIiOiJtIn0seyJjaGFyIjoiZiJ9LHsiY2hhciI6ImkifSx7ImNoYXIiOiJsIn0seyJjaGFyIjoiZSJ9LHsiY2hhciI6IuadpSJ9LHsiY2hhciI6IumHjSJ9LHsiY2hhciI6IuaWsCJ9LHsiY2hhciI6ImIifSx7ImNoYXIiOiJ1In0seyJjaGFyIjoibiJ9LHsiY2hhciI6ImQifSx7ImNoYXIiOiJsIn0seyJjaGFyIjoiZSJ9LHsiY2hhciI6IiAifSx7ImNoYXIiOiJpIn0seyJjaGFyIjoibiJ9LHsiY2hhciI6InMifSx7ImNoYXIiOiJ0In0seyJjaGFyIjoiYSJ9LHsiY2hhciI6ImwifSx7ImNoYXIiOiJsIn0seyJjaGFyIjoi77yaIn1dfX0seyJibG9ja1R5cGUiOiJwYXJhZ3JhcGgiLCJzdHlsZXMiOnt9LCJibG9ja0lkIjoiMjQ0NC0xNTM0NzU1MjI2MjgwIiwicmljaFRleHQiOnsiaXNSaWNoVGV4dCI6dHJ1ZSwia2VlcExpbmVCcmVhayI6dHJ1ZSwiZGF0YSI6W3siY2hhciI6IuaKiiJ9LHsiY2hhciI6ImcifSx7ImNoYXIiOiJlIn0seyJjaGFyIjoibSJ9LHsiY2hhciI6IiAifSx7ImNoYXIiOiInIn0seyJjaGFyIjoibSJ9LHsiY2hhciI6InkifSx7ImNoYXIiOiJzIn0seyJjaGFyIjoicSJ9LHsiY2hhciI6ImwifSx7ImNoYXIiOiIyIn0seyJjaGFyIjoiJyJ9LHsiY2hhciI6IiwifSx7ImNoYXIiOiIgIn0seyJjaGFyIjoiJyJ9LHsiY2hhciI6IjAifSx7ImNoYXIiOiIuIn0seyJjaGFyIjoiNCJ9LHsiY2hhciI6Ii4ifSx7ImNoYXIiOiI1In0seyJjaGFyIjoiJyJ9LHsiY2hhciI6IiAifSx7ImNoYXIiOiLmlLkifSx7ImNoYXIiOiLkuLoifSx7ImNoYXIiOiIgIn0seyJjaGFyIjoiZyJ9LHsiY2hhciI6ImUifSx7ImNoYXIiOiJtIn0seyJjaGFyIjoiICJ9LHsiY2hhciI6IicifSx7ImNoYXIiOiJtIn0seyJjaGFyIjoieSJ9LHsiY2hhciI6InMifSx7ImNoYXIiOiJxIn0seyJjaGFyIjoibCJ9LHsiY2hhciI6IjIifSx7ImNoYXIiOiInIn0seyJjaGFyIjoiLCJ9LHsiY2hhciI6IiAifSx7ImNoYXIiOiInIn0seyJjaGFyIjoifiJ9LHsiY2hhciI6Ij4ifSx7ImNoYXIiOiIgIn0seyJjaGFyIjoiMCJ9LHsiY2hhciI6Ii4ifSx7ImNoYXIiOiI0In0seyJjaGFyIjoiLiJ9LHsiY2hhciI6IjUifSx7ImNoYXIiOiInIn0seyJjaGFyIjoi77yMIn0seyJjaGFyIjoi5LmLIn0seyJjaGFyIjoi5ZCOIn0seyJjaGFyIjoi5YaNIn0seyJjaGFyIjoi6L+QIn0seyJjaGFyIjoi6KGMIn0seyJjaGFyIjoiYiJ9LHsiY2hhciI6InUifSx7ImNoYXIiOiJuIn0seyJjaGFyIjoiZCJ9LHsiY2hhciI6ImwifSx7ImNoYXIiOiJlIn0seyJjaGFyIjoiICJ9LHsiY2hhciI6ImkifSx7ImNoYXIiOiJuIn0seyJjaGFyIjoicyJ9LHsiY2hhciI6InQifSx7ImNoYXIiOiJhIn0seyJjaGFyIjoibCJ9LHsiY2hhciI6ImwifSx7ImNoYXIiOiLjgIIifV19fSx7ImJsb2NrVHlwZSI6InBhcmFncmFwaCIsInN0eWxlcyI6e30sImJsb2NrSWQiOiI0MzcwLTE1MzQ3NTUyNzc0NDEiLCJyaWNoVGV4dCI6eyJpc1JpY2hUZXh0Ijp0cnVlLCJrZWVwTGluZUJyZWFrIjp0cnVlLCJkYXRhIjpbeyJjaGFyIjoi5Y+CIn0seyJjaGFyIjoi6ICDIn0seyJjaGFyIjoidSJ9LHsiY2hhciI6InIifSx7ImNoYXIiOiJsIn0seyJjaGFyIjoi77yaIn0seyJjaGFyIjoiaCIsInN0eWxlcyI6eyJ1bmRlcmxpbmUiOnRydWUsImNvbG9yIjoiIzAwMzg4NCIsImhyZWYiOiJodHRwczovL3N0YWNrb3ZlcmZsb3cuY29tL3F1ZXN0aW9ucy8xMzcwMTI4Ny9ydWJ5LWdlbS1sb2FkZXJyb3ItbXlzcWwyLW15c3FsMi1yZXF1aXJlZCJ9fSx7ImNoYXIiOiJ0Iiwic3R5bGVzIjp7InVuZGVybGluZSI6dHJ1ZSwiY29sb3IiOiIjMDAzODg0IiwiaHJlZiI6Imh0dHBzOi8vc3RhY2tvdmVyZmxvdy5jb20vcXVlc3Rpb25zLzEzNzAxMjg3L3J1YnktZ2VtLWxvYWRlcnJvci1teXNxbDItbXlzcWwyLXJlcXVpcmVkIn19LHsiY2hhciI6InQiLCJzdHlsZXMiOnsidW5kZXJsaW5lIjp0cnVlLCJjb2xvciI6IiMwMDM4ODQiLCJocmVmIjoiaHR0cHM6Ly9zdGFja292ZXJmbG93LmNvbS9xdWVzdGlvbnMvMTM3MDEyODcvcnVieS1nZW0tbG9hZGVycm9yLW15c3FsMi1teXNxbDItcmVxdWlyZWQifX0seyJjaGFyIjoicCIsInN0eWxlcyI6eyJ1bmRlcmxpbmUiOnRydWUsImNvbG9yIjoiIzAwMzg4NCIsImhyZWYiOiJodHRwczovL3N0YWNrb3ZlcmZsb3cuY29tL3F1ZXN0aW9ucy8xMzcwMTI4Ny9ydWJ5LWdlbS1sb2FkZXJyb3ItbXlzcWwyLW15c3FsMi1yZXF1aXJlZCJ9fSx7ImNoYXIiOiJzIiwic3R5bGVzIjp7InVuZGVybGluZSI6dHJ1ZSwiY29sb3IiOiIjMDAzODg0IiwiaHJlZiI6Imh0dHBzOi8vc3RhY2tvdmVyZmxvdy5jb20vcXVlc3Rpb25zLzEzNzAxMjg3L3J1YnktZ2VtLWxvYWRlcnJvci1teXNxbDItbXlzcWwyLXJlcXVpcmVkIn19LHsiY2hhciI6IjoiLCJzdHlsZXMiOnsidW5kZXJsaW5lIjp0cnVlLCJjb2xvciI6IiMwMDM4ODQiLCJocmVmIjoiaHR0cHM6Ly9zdGFja292ZXJmbG93LmNvbS9xdWVzdGlvbnMvMTM3MDEyODcvcnVieS1nZW0tbG9hZGVycm9yLW15c3FsMi1teXNxbDItcmVxdWlyZWQifX0seyJjaGFyIjoiLyIsInN0eWxlcyI6eyJ1bmRlcmxpbmUiOnRydWUsImNvbG9yIjoiIzAwMzg4NCIsImhyZWYiOiJodHRwczovL3N0YWNrb3ZlcmZsb3cuY29tL3F1ZXN0aW9ucy8xMzcwMTI4Ny9ydWJ5LWdlbS1sb2FkZXJyb3ItbXlzcWwyLW15c3FsMi1yZXF1aXJlZCJ9fSx7ImNoYXIiOiIvIiwic3R5bGVzIjp7InVuZGVybGluZSI6dHJ1ZSwiY29sb3IiOiIjMDAzODg0IiwiaHJlZiI6Imh0dHBzOi8vc3RhY2tvdmVyZmxvdy5jb20vcXVlc3Rpb25zLzEzNzAxMjg3L3J1YnktZ2VtLWxvYWRlcnJvci1teXNxbDItbXlzcWwyLXJlcXVpcmVkIn19LHsiY2hhciI6InMiLCJzdHlsZXMiOnsidW5kZXJsaW5lIjp0cnVlLCJjb2xvciI6IiMwMDM4ODQiLCJocmVmIjoiaHR0cHM6Ly9zdGFja292ZXJmbG93LmNvbS9xdWVzdGlvbnMvMTM3MDEyODcvcnVieS1nZW0tbG9hZGVycm9yLW15c3FsMi1teXNxbDItcmVxdWlyZWQifX0seyJjaGFyIjoidCIsInN0eWxlcyI6eyJ1bmRlcmxpbmUiOnRydWUsImNvbG9yIjoiIzAwMzg4NCIsImhyZWYiOiJodHRwczovL3N0YWNrb3ZlcmZsb3cuY29tL3F1ZXN0aW9ucy8xMzcwMTI4Ny9ydWJ5LWdlbS1sb2FkZXJyb3ItbXlzcWwyLW15c3FsMi1yZXF1aXJlZCJ9fSx7ImNoYXIiOiJhIiwic3R5bGVzIjp7InVuZGVybGluZSI6dHJ1ZSwiY29sb3IiOiIjMDAzODg0IiwiaHJlZiI6Imh0dHBzOi8vc3RhY2tvdmVyZmxvdy5jb20vcXVlc3Rpb25zLzEzNzAxMjg3L3J1YnktZ2VtLWxvYWRlcnJvci1teXNxbDItbXlzcWwyLXJlcXVpcmVkIn19LHsiY2hhciI6ImMiLCJzdHlsZXMiOnsidW5kZXJsaW5lIjp0cnVlLCJjb2xvciI6IiMwMDM4ODQiLCJocmVmIjoiaHR0cHM6Ly9zdGFja292ZXJmbG93LmNvbS9xdWVzdGlvbnMvMTM3MDEyODcvcnVieS1nZW0tbG9hZGVycm9yLW15c3FsMi1teXNxbDItcmVxdWlyZWQifX0seyJjaGFyIjoiayIsInN0eWxlcyI6eyJ1bmRlcmxpbmUiOnRydWUsImNvbG9yIjoiIzAwMzg4NCIsImhyZWYiOiJodHRwczovL3N0YWNrb3ZlcmZsb3cuY29tL3F1ZXN0aW9ucy8xMzcwMTI4Ny9ydWJ5LWdlbS1sb2FkZXJyb3ItbXlzcWwyLW15c3FsMi1yZXF1aXJlZCJ9fSx7ImNoYXIiOiJvIiwic3R5bGVzIjp7InVuZGVybGluZSI6dHJ1ZSwiY29sb3IiOiIjMDAzODg0IiwiaHJlZiI6Imh0dHBzOi8vc3RhY2tvdmVyZmxvdy5jb20vcXVlc3Rpb25zLzEzNzAxMjg3L3J1YnktZ2VtLWxvYWRlcnJvci1teXNxbDItbXlzcWwyLXJlcXVpcmVkIn19LHsiY2hhciI6InYiLCJzdHlsZXMiOnsidW5kZXJsaW5lIjp0cnVlLCJjb2xvciI6IiMwMDM4ODQiLCJocmVmIjoiaHR0cHM6Ly9zdGFja292ZXJmbG93LmNvbS9xdWVzdGlvbnMvMTM3MDEyODcvcnVieS1nZW0tbG9hZGVycm9yLW15c3FsMi1teXNxbDItcmVxdWlyZWQifX0seyJjaGFyIjoiZSIsInN0eWxlcyI6eyJ1bmRlcmxpbmUiOnRydWUsImNvbG9yIjoiIzAwMzg4NCIsImhyZWYiOiJodHRwczovL3N0YWNrb3ZlcmZsb3cuY29tL3F1ZXN0aW9ucy8xMzcwMTI4Ny9ydWJ5LWdlbS1sb2FkZXJyb3ItbXlzcWwyLW15c3FsMi1yZXF1aXJlZCJ9fSx7ImNoYXIiOiJyIiwic3R5bGVzIjp7InVuZGVybGluZSI6dHJ1ZSwiY29sb3IiOiIjMDAzODg0IiwiaHJlZiI6Imh0dHBzOi8vc3RhY2tvdmVyZmxvdy5jb20vcXVlc3Rpb25zLzEzNzAxMjg3L3J1YnktZ2VtLWxvYWRlcnJvci1teXNxbDItbXlzcWwyLXJlcXVpcmVkIn19LHsiY2hhciI6ImYiLCJzdHlsZXMiOnsidW5kZXJsaW5lIjp0cnVlLCJjb2xvciI6IiMwMDM4ODQiLCJocmVmIjoiaHR0cHM6Ly9zdGFja292ZXJmbG93LmNvbS9xdWVzdGlvbnMvMTM3MDEyODcvcnVieS1nZW0tbG9hZGVycm9yLW15c3FsMi1teXNxbDItcmVxdWlyZWQifX0seyJjaGFyIjoibCIsInN0eWxlcyI6eyJ1bmRlcmxpbmUiOnRydWUsImNvbG9yIjoiIzAwMzg4NCIsImhyZWYiOiJodHRwczovL3N0YWNrb3ZlcmZsb3cuY29tL3F1ZXN0aW9ucy8xMzcwMTI4Ny9ydWJ5LWdlbS1sb2FkZXJyb3ItbXlzcWwyLW15c3FsMi1yZXF1aXJlZCJ9fSx7ImNoYXIiOiJvIiwic3R5bGVzIjp7InVuZGVybGluZSI6dHJ1ZSwiY29sb3IiOiIjMDAzODg0IiwiaHJlZiI6Imh0dHBzOi8vc3RhY2tvdmVyZmxvdy5jb20vcXVlc3Rpb25zLzEzNzAxMjg3L3J1YnktZ2VtLWxvYWRlcnJvci1teXNxbDItbXlzcWwyLXJlcXVpcmVkIn19LHsiY2hhciI6InciLCJzdHlsZXMiOnsidW5kZXJsaW5lIjp0cnVlLCJjb2xvciI6IiMwMDM4ODQiLCJocmVmIjoiaHR0cHM6Ly9zdGFja292ZXJmbG93LmNvbS9xdWVzdGlvbnMvMTM3MDEyODcvcnVieS1nZW0tbG9hZGVycm9yLW15c3FsMi1teXNxbDItcmVxdWlyZWQifX0seyJjaGFyIjoiLiIsInN0eWxlcyI6eyJ1bmRlcmxpbmUiOnRydWUsImNvbG9yIjoiIzAwMzg4NCIsImhyZWYiOiJodHRwczovL3N0YWNrb3ZlcmZsb3cuY29tL3F1ZXN0aW9ucy8xMzcwMTI4Ny9ydWJ5LWdlbS1sb2FkZXJyb3ItbXlzcWwyLW15c3FsMi1yZXF1aXJlZCJ9fSx7ImNoYXIiOiJjIiwic3R5bGVzIjp7InVuZGVybGluZSI6dHJ1ZSwiY29sb3IiOiIjMDAzODg0IiwiaHJlZiI6Imh0dHBzOi8vc3RhY2tvdmVyZmxvdy5jb20vcXVlc3Rpb25zLzEzNzAxMjg3L3J1YnktZ2VtLWxvYWRlcnJvci1teXNxbDItbXlzcWwyLXJlcXVpcmVkIn19LHsiY2hhciI6Im8iLCJzdHlsZXMiOnsidW5kZXJsaW5lIjp0cnVlLCJjb2xvciI6IiMwMDM4ODQiLCJocmVmIjoiaHR0cHM6Ly9zdGFja292ZXJmbG93LmNvbS9xdWVzdGlvbnMvMTM3MDEyODcvcnVieS1nZW0tbG9hZGVycm9yLW15c3FsMi1teXNxbDItcmVxdWlyZWQifX0seyJjaGFyIjoibSIsInN0eWxlcyI6eyJ1bmRlcmxpbmUiOnRydWUsImNvbG9yIjoiIzAwMzg4NCIsImhyZWYiOiJodHRwczovL3N0YWNrb3ZlcmZsb3cuY29tL3F1ZXN0aW9ucy8xMzcwMTI4Ny9ydWJ5LWdlbS1sb2FkZXJyb3ItbXlzcWwyLW15c3FsMi1yZXF1aXJlZCJ9fSx7ImNoYXIiOiIvIiwic3R5bGVzIjp7InVuZGVybGluZSI6dHJ1ZSwiY29sb3IiOiIjMDAzODg0IiwiaHJlZiI6Imh0dHBzOi8vc3RhY2tvdmVyZmxvdy5jb20vcXVlc3Rpb25zLzEzNzAxMjg3L3J1YnktZ2VtLWxvYWRlcnJvci1teXNxbDItbXlzcWwyLXJlcXVpcmVkIn19LHsiY2hhciI6InEiLCJzdHlsZXMiOnsidW5kZXJsaW5lIjp0cnVlLCJjb2xvciI6IiMwMDM4ODQiLCJocmVmIjoiaHR0cHM6Ly9zdGFja292ZXJmbG93LmNvbS9xdWVzdGlvbnMvMTM3MDEyODcvcnVieS1nZW0tbG9hZGVycm9yLW15c3FsMi1teXNxbDItcmVxdWlyZWQifX0seyJjaGFyIjoidSIsInN0eWxlcyI6eyJ1bmRlcmxpbmUiOnRydWUsImNvbG9yIjoiIzAwMzg4NCIsImhyZWYiOiJodHRwczovL3N0YWNrb3ZlcmZsb3cuY29tL3F1ZXN0aW9ucy8xMzcwMTI4Ny9ydWJ5LWdlbS1sb2FkZXJyb3ItbXlzcWwyLW15c3FsMi1yZXF1aXJlZCJ9fSx7ImNoYXIiOiJlIiwic3R5bGVzIjp7InVuZGVybGluZSI6dHJ1ZSwiY29sb3IiOiIjMDAzODg0IiwiaHJlZiI6Imh0dHBzOi8vc3RhY2tvdmVyZmxvdy5jb20vcXVlc3Rpb25zLzEzNzAxMjg3L3J1YnktZ2VtLWxvYWRlcnJvci1teXNxbDItbXlzcWwyLXJlcXVpcmVkIn19LHsiY2hhciI6InMiLCJzdHlsZXMiOnsidW5kZXJsaW5lIjp0cnVlLCJjb2xvciI6IiMwMDM4ODQiLCJocmVmIjoiaHR0cHM6Ly9zdGFja292ZXJmbG93LmNvbS9xdWVzdGlvbnMvMTM3MDEyODcvcnVieS1nZW0tbG9hZGVycm9yLW15c3FsMi1teXNxbDItcmVxdWlyZWQifX0seyJjaGFyIjoidCIsInN0eWxlcyI6eyJ1bmRlcmxpbmUiOnRydWUsImNvbG9yIjoiIzAwMzg4NCIsImhyZWYiOiJodHRwczovL3N0YWNrb3ZlcmZsb3cuY29tL3F1ZXN0aW9ucy8xMzcwMTI4Ny9ydWJ5LWdlbS1sb2FkZXJyb3ItbXlzcWwyLW15c3FsMi1yZXF1aXJlZCJ9fSx7ImNoYXIiOiJpIiwic3R5bGVzIjp7InVuZGVybGluZSI6dHJ1ZSwiY29sb3IiOiIjMDAzODg0IiwiaHJlZiI6Imh0dHBzOi8vc3RhY2tvdmVyZmxvdy5jb20vcXVlc3Rpb25zLzEzNzAxMjg3L3J1YnktZ2VtLWxvYWRlcnJvci1teXNxbDItbXlzcWwyLXJlcXVpcmVkIn19LHsiY2hhciI6Im8iLCJzdHlsZXMiOnsidW5kZXJsaW5lIjp0cnVlLCJjb2xvciI6IiMwMDM4ODQiLCJocmVmIjoiaHR0cHM6Ly9zdGFja292ZXJmbG93LmNvbS9xdWVzdGlvbnMvMTM3MDEyODcvcnVieS1nZW0tbG9hZGVycm9yLW15c3FsMi1teXNxbDItcmVxdWlyZWQifX0seyJjaGFyIjoibiIsInN0eWxlcyI6eyJ1bmRlcmxpbmUiOnRydWUsImNvbG9yIjoiIzAwMzg4NCIsImhyZWYiOiJodHRwczovL3N0YWNrb3ZlcmZsb3cuY29tL3F1ZXN0aW9ucy8xMzcwMTI4Ny9ydWJ5LWdlbS1sb2FkZXJyb3ItbXlzcWwyLW15c3FsMi1yZXF1aXJlZCJ9fSx7ImNoYXIiOiJzIiwic3R5bGVzIjp7InVuZGVybGluZSI6dHJ1ZSwiY29sb3IiOiIjMDAzODg0IiwiaHJlZiI6Imh0dHBzOi8vc3RhY2tvdmVyZmxvdy5jb20vcXVlc3Rpb25zLzEzNzAxMjg3L3J1YnktZ2VtLWxvYWRlcnJvci1teXNxbDItbXlzcWwyLXJlcXVpcmVkIn19LHsiY2hhciI6Ii8iLCJzdHlsZXMiOnsidW5kZXJsaW5lIjp0cnVlLCJjb2xvciI6IiMwMDM4ODQiLCJocmVmIjoiaHR0cHM6Ly9zdGFja292ZXJmbG93LmNvbS9xdWVzdGlvbnMvMTM3MDEyODcvcnVieS1nZW0tbG9hZGVycm9yLW15c3FsMi1teXNxbDItcmVxdWlyZWQifX0seyJjaGFyIjoiMSIsInN0eWxlcyI6eyJ1bmRlcmxpbmUiOnRydWUsImNvbG9yIjoiIzAwMzg4NCIsImhyZWYiOiJodHRwczovL3N0YWNrb3ZlcmZsb3cuY29tL3F1ZXN0aW9ucy8xMzcwMTI4Ny9ydWJ5LWdlbS1sb2FkZXJyb3ItbXlzcWwyLW15c3FsMi1yZXF1aXJlZCJ9fSx7ImNoYXIiOiIzIiwic3R5bGVzIjp7InVuZGVybGluZSI6dHJ1ZSwiY29sb3IiOiIjMDAzODg0IiwiaHJlZiI6Imh0dHBzOi8vc3RhY2tvdmVyZmxvdy5jb20vcXVlc3Rpb25zLzEzNzAxMjg3L3J1YnktZ2VtLWxvYWRlcnJvci1teXNxbDItbXlzcWwyLXJlcXVpcmVkIn19LHsiY2hhciI6IjciLCJzdHlsZXMiOnsidW5kZXJsaW5lIjp0cnVlLCJjb2xvciI6IiMwMDM4ODQiLCJocmVmIjoiaHR0cHM6Ly9zdGFja292ZXJmbG93LmNvbS9xdWVzdGlvbnMvMTM3MDEyODcvcnVieS1nZW0tbG9hZGVycm9yLW15c3FsMi1teXNxbDItcmVxdWlyZWQifX0seyJjaGFyIjoiMCIsInN0eWxlcyI6eyJ1bmRlcmxpbmUiOnRydWUsImNvbG9yIjoiIzAwMzg4NCIsImhyZWYiOiJodHRwczovL3N0YWNrb3ZlcmZsb3cuY29tL3F1ZXN0aW9ucy8xMzcwMTI4Ny9ydWJ5LWdlbS1sb2FkZXJyb3ItbXlzcWwyLW15c3FsMi1yZXF1aXJlZCJ9fSx7ImNoYXIiOiIxIiwic3R5bGVzIjp7InVuZGVybGluZSI6dHJ1ZSwiY29sb3IiOiIjMDAzODg0IiwiaHJlZiI6Imh0dHBzOi8vc3RhY2tvdmVyZmxvdy5jb20vcXVlc3Rpb25zLzEzNzAxMjg3L3J1YnktZ2VtLWxvYWRlcnJvci1teXNxbDItbXlzcWwyLXJlcXVpcmVkIn19LHsiY2hhciI6IjIiLCJzdHlsZXMiOnsidW5kZXJsaW5lIjp0cnVlLCJjb2xvciI6IiMwMDM4ODQiLCJocmVmIjoiaHR0cHM6Ly9zdGFja292ZXJmbG93LmNvbS9xdWVzdGlvbnMvMTM3MDEyODcvcnVieS1nZW0tbG9hZGVycm9yLW15c3FsMi1teXNxbDItcmVxdWlyZWQifX0seyJjaGFyIjoiOCIsInN0eWxlcyI6eyJ1bmRlcmxpbmUiOnRydWUsImNvbG9yIjoiIzAwMzg4NCIsImhyZWYiOiJodHRwczovL3N0YWNrb3ZlcmZsb3cuY29tL3F1ZXN0aW9ucy8xMzcwMTI4Ny9ydWJ5LWdlbS1sb2FkZXJyb3ItbXlzcWwyLW15c3FsMi1yZXF1aXJlZCJ9fSx7ImNoYXIiOiI3Iiwic3R5bGVzIjp7InVuZGVybGluZSI6dHJ1ZSwiY29sb3IiOiIjMDAzODg0IiwiaHJlZiI6Imh0dHBzOi8vc3RhY2tvdmVyZmxvdy5jb20vcXVlc3Rpb25zLzEzNzAxMjg3L3J1YnktZ2VtLWxvYWRlcnJvci1teXNxbDItbXlzcWwyLXJlcXVpcmVkIn19LHsiY2hhciI6Ii8iLCJzdHlsZXMiOnsidW5kZXJsaW5lIjp0cnVlLCJjb2xvciI6IiMwMDM4ODQiLCJocmVmIjoiaHR0cHM6Ly9zdGFja292ZXJmbG93LmNvbS9xdWVzdGlvbnMvMTM3MDEyODcvcnVieS1nZW0tbG9hZGVycm9yLW15c3FsMi1teXNxbDItcmVxdWlyZWQifX0seyJjaGFyIjoiciIsInN0eWxlcyI6eyJ1bmRlcmxpbmUiOnRydWUsImNvbG9yIjoiIzAwMzg4NCIsImhyZWYiOiJodHRwczovL3N0YWNrb3ZlcmZsb3cuY29tL3F1ZXN0aW9ucy8xMzcwMTI4Ny9ydWJ5LWdlbS1sb2FkZXJyb3ItbXlzcWwyLW15c3FsMi1yZXF1aXJlZCJ9fSx7ImNoYXIiOiJ1Iiwic3R5bGVzIjp7InVuZGVybGluZSI6dHJ1ZSwiY29sb3IiOiIjMDAzODg0IiwiaHJlZiI6Imh0dHBzOi8vc3RhY2tvdmVyZmxvdy5jb20vcXVlc3Rpb25zLzEzNzAxMjg3L3J1YnktZ2VtLWxvYWRlcnJvci1teXNxbDItbXlzcWwyLXJlcXVpcmVkIn19LHsiY2hhciI6ImIiLCJzdHlsZXMiOnsidW5kZXJsaW5lIjp0cnVlLCJjb2xvciI6IiMwMDM4ODQiLCJocmVmIjoiaHR0cHM6Ly9zdGFja292ZXJmbG93LmNvbS9xdWVzdGlvbnMvMTM3MDEyODcvcnVieS1nZW0tbG9hZGVycm9yLW15c3FsMi1teXNxbDItcmVxdWlyZWQifX0seyJjaGFyIjoieSIsInN0eWxlcyI6eyJ1bmRlcmxpbmUiOnRydWUsImNvbG9yIjoiIzAwMzg4NCIsImhyZWYiOiJodHRwczovL3N0YWNrb3ZlcmZsb3cuY29tL3F1ZXN0aW9ucy8xMzcwMTI4Ny9ydWJ5LWdlbS1sb2FkZXJyb3ItbXlzcWwyLW15c3FsMi1yZXF1aXJlZCJ9fSx7ImNoYXIiOiItIiwic3R5bGVzIjp7InVuZGVybGluZSI6dHJ1ZSwiY29sb3IiOiIjMDAzODg0IiwiaHJlZiI6Imh0dHBzOi8vc3RhY2tvdmVyZmxvdy5jb20vcXVlc3Rpb25zLzEzNzAxMjg3L3J1YnktZ2VtLWxvYWRlcnJvci1teXNxbDItbXlzcWwyLXJlcXVpcmVkIn19LHsiY2hhciI6ImciLCJzdHlsZXMiOnsidW5kZXJsaW5lIjp0cnVlLCJjb2xvciI6IiMwMDM4ODQiLCJocmVmIjoiaHR0cHM6Ly9zdGFja292ZXJmbG93LmNvbS9xdWVzdGlvbnMvMTM3MDEyODcvcnVieS1nZW0tbG9hZGVycm9yLW15c3FsMi1teXNxbDItcmVxdWlyZWQifX0seyJjaGFyIjoiZSIsInN0eWxlcyI6eyJ1bmRlcmxpbmUiOnRydWUsImNvbG9yIjoiIzAwMzg4NCIsImhyZWYiOiJodHRwczovL3N0YWNrb3ZlcmZsb3cuY29tL3F1ZXN0aW9ucy8xMzcwMTI4Ny9ydWJ5LWdlbS1sb2FkZXJyb3ItbXlzcWwyLW15c3FsMi1yZXF1aXJlZCJ9fSx7ImNoYXIiOiJtIiwic3R5bGVzIjp7InVuZGVybGluZSI6dHJ1ZSwiY29sb3IiOiIjMDAzODg0IiwiaHJlZiI6Imh0dHBzOi8vc3RhY2tvdmVyZmxvdy5jb20vcXVlc3Rpb25zLzEzNzAxMjg3L3J1YnktZ2VtLWxvYWRlcnJvci1teXNxbDItbXlzcWwyLXJlcXVpcmVkIn19LHsiY2hhciI6Ii0iLCJzdHlsZXMiOnsidW5kZXJsaW5lIjp0cnVlLCJjb2xvciI6IiMwMDM4ODQiLCJocmVmIjoiaHR0cHM6Ly9zdGFja292ZXJmbG93LmNvbS9xdWVzdGlvbnMvMTM3MDEyODcvcnVieS1nZW0tbG9hZGVycm9yLW15c3FsMi1teXNxbDItcmVxdWlyZWQifX0seyJjaGFyIjoibCIsInN0eWxlcyI6eyJ1bmRlcmxpbmUiOnRydWUsImNvbG9yIjoiIzAwMzg4NCIsImhyZWYiOiJodHRwczovL3N0YWNrb3ZlcmZsb3cuY29tL3F1ZXN0aW9ucy8xMzcwMTI4Ny9ydWJ5LWdlbS1sb2FkZXJyb3ItbXlzcWwyLW15c3FsMi1yZXF1aXJlZCJ9fSx7ImNoYXIiOiJvIiwic3R5bGVzIjp7InVuZGVybGluZSI6dHJ1ZSwiY29sb3IiOiIjMDAzODg0IiwiaHJlZiI6Imh0dHBzOi8vc3RhY2tvdmVyZmxvdy5jb20vcXVlc3Rpb25zLzEzNzAxMjg3L3J1YnktZ2VtLWxvYWRlcnJvci1teXNxbDItbXlzcWwyLXJlcXVpcmVkIn19LHsiY2hhciI6ImEiLCJzdHlsZXMiOnsidW5kZXJsaW5lIjp0cnVlLCJjb2xvciI6IiMwMDM4ODQiLCJocmVmIjoiaHR0cHM6Ly9zdGFja292ZXJmbG93LmNvbS9xdWVzdGlvbnMvMTM3MDEyODcvcnVieS1nZW0tbG9hZGVycm9yLW15c3FsMi1teXNxbDItcmVxdWlyZWQifX0seyJjaGFyIjoiZCIsInN0eWxlcyI6eyJ1bmRlcmxpbmUiOnRydWUsImNvbG9yIjoiIzAwMzg4NCIsImhyZWYiOiJodHRwczovL3N0YWNrb3ZlcmZsb3cuY29tL3F1ZXN0aW9ucy8xMzcwMTI4Ny9ydWJ5LWdlbS1sb2FkZXJyb3ItbXlzcWwyLW15c3FsMi1yZXF1aXJlZCJ9fSx7ImNoYXIiOiJlIiwic3R5bGVzIjp7InVuZGVybGluZSI6dHJ1ZSwiY29sb3IiOiIjMDAzODg0IiwiaHJlZiI6Imh0dHBzOi8vc3RhY2tvdmVyZmxvdy5jb20vcXVlc3Rpb25zLzEzNzAxMjg3L3J1YnktZ2VtLWxvYWRlcnJvci1teXNxbDItbXlzcWwyLXJlcXVpcmVkIn19LHsiY2hhciI6InIiLCJzdHlsZXMiOnsidW5kZXJsaW5lIjp0cnVlLCJjb2xvciI6IiMwMDM4ODQiLCJocmVmIjoiaHR0cHM6Ly9zdGFja292ZXJmbG93LmNvbS9xdWVzdGlvbnMvMTM3MDEyODcvcnVieS1nZW0tbG9hZGVycm9yLW15c3FsMi1teXNxbDItcmVxdWlyZWQifX0seyJjaGFyIjoiciIsInN0eWxlcyI6eyJ1bmRlcmxpbmUiOnRydWUsImNvbG9yIjoiIzAwMzg4NCIsImhyZWYiOiJodHRwczovL3N0YWNrb3ZlcmZsb3cuY29tL3F1ZXN0aW9ucy8xMzcwMTI4Ny9ydWJ5LWdlbS1sb2FkZXJyb3ItbXlzcWwyLW15c3FsMi1yZXF1aXJlZCJ9fSx7ImNoYXIiOiJvIiwic3R5bGVzIjp7InVuZGVybGluZSI6dHJ1ZSwiY29sb3IiOiIjMDAzODg0IiwiaHJlZiI6Imh0dHBzOi8vc3RhY2tvdmVyZmxvdy5jb20vcXVlc3Rpb25zLzEzNzAxMjg3L3J1YnktZ2VtLWxvYWRlcnJvci1teXNxbDItbXlzcWwyLXJlcXVpcmVkIn19LHsiY2hhciI6InIiLCJzdHlsZXMiOnsidW5kZXJsaW5lIjp0cnVlLCJjb2xvciI6IiMwMDM4ODQiLCJocmVmIjoiaHR0cHM6Ly9zdGFja292ZXJmbG93LmNvbS9xdWVzdGlvbnMvMTM3MDEyODcvcnVieS1nZW0tbG9hZGVycm9yLW15c3FsMi1teXNxbDItcmVxdWlyZWQifX0seyJjaGFyIjoiLSIsInN0eWxlcyI6eyJ1bmRlcmxpbmUiOnRydWUsImNvbG9yIjoiIzAwMzg4NCIsImhyZWYiOiJodHRwczovL3N0YWNrb3ZlcmZsb3cuY29tL3F1ZXN0aW9ucy8xMzcwMTI4Ny9ydWJ5LWdlbS1sb2FkZXJyb3ItbXlzcWwyLW15c3FsMi1yZXF1aXJlZCJ9fSx7ImNoYXIiOiJtIiwic3R5bGVzIjp7InVuZGVybGluZSI6dHJ1ZSwiY29sb3IiOiIjMDAzODg0IiwiaHJlZiI6Imh0dHBzOi8vc3RhY2tvdmVyZmxvdy5jb20vcXVlc3Rpb25zLzEzNzAxMjg3L3J1YnktZ2VtLWxvYWRlcnJvci1teXNxbDItbXlzcWwyLXJlcXVpcmVkIn19LHsiY2hhciI6InkiLCJzdHlsZXMiOnsidW5kZXJsaW5lIjp0cnVlLCJjb2xvciI6IiMwMDM4ODQiLCJocmVmIjoiaHR0cHM6Ly9zdGFja292ZXJmbG93LmNvbS9xdWVzdGlvbnMvMTM3MDEyODcvcnVieS1nZW0tbG9hZGVycm9yLW15c3FsMi1teXNxbDItcmVxdWlyZWQifX0seyJjaGFyIjoicyIsInN0eWxlcyI6eyJ1bmRlcmxpbmUiOnRydWUsImNvbG9yIjoiIzAwMzg4NCIsImhyZWYiOiJodHRwczovL3N0YWNrb3ZlcmZsb3cuY29tL3F1ZXN0aW9ucy8xMzcwMTI4Ny9ydWJ5LWdlbS1sb2FkZXJyb3ItbXlzcWwyLW15c3FsMi1yZXF1aXJlZCJ9fSx7ImNoYXIiOiJxIiwic3R5bGVzIjp7InVuZGVybGluZSI6dHJ1ZSwiY29sb3IiOiIjMDAzODg0IiwiaHJlZiI6Imh0dHBzOi8vc3RhY2tvdmVyZmxvdy5jb20vcXVlc3Rpb25zLzEzNzAxMjg3L3J1YnktZ2VtLWxvYWRlcnJvci1teXNxbDItbXlzcWwyLXJlcXVpcmVkIn19LHsiY2hhciI6ImwiLCJzdHlsZXMiOnsidW5kZXJsaW5lIjp0cnVlLCJjb2xvciI6IiMwMDM4ODQiLCJocmVmIjoiaHR0cHM6Ly9zdGFja292ZXJmbG93LmNvbS9xdWVzdGlvbnMvMTM3MDEyODcvcnVieS1nZW0tbG9hZGVycm9yLW15c3FsMi1teXNxbDItcmVxdWlyZWQifX0seyJjaGFyIjoiMiIsInN0eWxlcyI6eyJ1bmRlcmxpbmUiOnRydWUsImNvbG9yIjoiIzAwMzg4NCIsImhyZWYiOiJodHRwczovL3N0YWNrb3ZlcmZsb3cuY29tL3F1ZXN0aW9ucy8xMzcwMTI4Ny9ydWJ5LWdlbS1sb2FkZXJyb3ItbXlzcWwyLW15c3FsMi1yZXF1aXJlZCJ9fSx7ImNoYXIiOiItIiwic3R5bGVzIjp7InVuZGVybGluZSI6dHJ1ZSwiY29sb3IiOiIjMDAzODg0IiwiaHJlZiI6Imh0dHBzOi8vc3RhY2tvdmVyZmxvdy5jb20vcXVlc3Rpb25zLzEzNzAxMjg3L3J1YnktZ2VtLWxvYWRlcnJvci1teXNxbDItbXlzcWwyLXJlcXVpcmVkIn19LHsiY2hhciI6Im0iLCJzdHlsZXMiOnsidW5kZXJsaW5lIjp0cnVlLCJjb2xvciI6IiMwMDM4ODQiLCJocmVmIjoiaHR0cHM6Ly9zdGFja292ZXJmbG93LmNvbS9xdWVzdGlvbnMvMTM3MDEyODcvcnVieS1nZW0tbG9hZGVycm9yLW15c3FsMi1teXNxbDItcmVxdWlyZWQifX0seyJjaGFyIjoieSIsInN0eWxlcyI6eyJ1bmRlcmxpbmUiOnRydWUsImNvbG9yIjoiIzAwMzg4NCIsImhyZWYiOiJodHRwczovL3N0YWNrb3ZlcmZsb3cuY29tL3F1ZXN0aW9ucy8xMzcwMTI4Ny9ydWJ5LWdlbS1sb2FkZXJyb3ItbXlzcWwyLW15c3FsMi1yZXF1aXJlZCJ9fSx7ImNoYXIiOiJzIiwic3R5bGVzIjp7InVuZGVybGluZSI6dHJ1ZSwiY29sb3IiOiIjMDAzODg0IiwiaHJlZiI6Imh0dHBzOi8vc3RhY2tvdmVyZmxvdy5jb20vcXVlc3Rpb25zLzEzNzAxMjg3L3J1YnktZ2VtLWxvYWRlcnJvci1teXNxbDItbXlzcWwyLXJlcXVpcmVkIn19LHsiY2hhciI6InEiLCJzdHlsZXMiOnsidW5kZXJsaW5lIjp0cnVlLCJjb2xvciI6IiMwMDM4ODQiLCJocmVmIjoiaHR0cHM6Ly9zdGFja292ZXJmbG93LmNvbS9xdWVzdGlvbnMvMTM3MDEyODcvcnVieS1nZW0tbG9hZGVycm9yLW15c3FsMi1teXNxbDItcmVxdWlyZWQifX0seyJjaGFyIjoibCIsInN0eWxlcyI6eyJ1bmRlcmxpbmUiOnRydWUsImNvbG9yIjoiIzAwMzg4NCIsImhyZWYiOiJodHRwczovL3N0YWNrb3ZlcmZsb3cuY29tL3F1ZXN0aW9ucy8xMzcwMTI4Ny9ydWJ5LWdlbS1sb2FkZXJyb3ItbXlzcWwyLW15c3FsMi1yZXF1aXJlZCJ9fSx7ImNoYXIiOiIyIiwic3R5bGVzIjp7InVuZGVybGluZSI6dHJ1ZSwiY29sb3IiOiIjMDAzODg0IiwiaHJlZiI6Imh0dHBzOi8vc3RhY2tvdmVyZmxvdy5jb20vcXVlc3Rpb25zLzEzNzAxMjg3L3J1YnktZ2VtLWxvYWRlcnJvci1teXNxbDItbXlzcWwyLXJlcXVpcmVkIn19LHsiY2hhciI6Ii0iLCJzdHlsZXMiOnsidW5kZXJsaW5lIjp0cnVlLCJjb2xvciI6IiMwMDM4ODQiLCJocmVmIjoiaHR0cHM6Ly9zdGFja292ZXJmbG93LmNvbS9xdWVzdGlvbnMvMTM3MDEyODcvcnVieS1nZW0tbG9hZGVycm9yLW15c3FsMi1teXNxbDItcmVxdWlyZWQifX0seyJjaGFyIjoiciIsInN0eWxlcyI6eyJ1bmRlcmxpbmUiOnRydWUsImNvbG9yIjoiIzAwMzg4NCIsImhyZWYiOiJodHRwczovL3N0YWNrb3ZlcmZsb3cuY29tL3F1ZXN0aW9ucy8xMzcwMTI4Ny9ydWJ5LWdlbS1sb2FkZXJyb3ItbXlzcWwyLW15c3FsMi1yZXF1aXJlZCJ9fSx7ImNoYXIiOiJlIiwic3R5bGVzIjp7InVuZGVybGluZSI6dHJ1ZSwiY29sb3IiOiIjMDAzODg0IiwiaHJlZiI6Imh0dHBzOi8vc3RhY2tvdmVyZmxvdy5jb20vcXVlc3Rpb25zLzEzNzAxMjg3L3J1YnktZ2VtLWxvYWRlcnJvci1teXNxbDItbXlzcWwyLXJlcXVpcmVkIn19LHsiY2hhciI6InEiLCJzdHlsZXMiOnsidW5kZXJsaW5lIjp0cnVlLCJjb2xvciI6IiMwMDM4ODQiLCJocmVmIjoiaHR0cHM6Ly9zdGFja292ZXJmbG93LmNvbS9xdWVzdGlvbnMvMTM3MDEyODcvcnVieS1nZW0tbG9hZGVycm9yLW15c3FsMi1teXNxbDItcmVxdWlyZWQifX0seyJjaGFyIjoidSIsInN0eWxlcyI6eyJ1bmRlcmxpbmUiOnRydWUsImNvbG9yIjoiIzAwMzg4NCIsImhyZWYiOiJodHRwczovL3N0YWNrb3ZlcmZsb3cuY29tL3F1ZXN0aW9ucy8xMzcwMTI4Ny9ydWJ5LWdlbS1sb2FkZXJyb3ItbXlzcWwyLW15c3FsMi1yZXF1aXJlZCJ9fSx7ImNoYXIiOiJpIiwic3R5bGVzIjp7InVuZGVybGluZSI6dHJ1ZSwiY29sb3IiOiIjMDAzODg0IiwiaHJlZiI6Imh0dHBzOi8vc3RhY2tvdmVyZmxvdy5jb20vcXVlc3Rpb25zLzEzNzAxMjg3L3J1YnktZ2VtLWxvYWRlcnJvci1teXNxbDItbXlzcWwyLXJlcXVpcmVkIn19LHsiY2hhciI6InIiLCJzdHlsZXMiOnsidW5kZXJsaW5lIjp0cnVlLCJjb2xvciI6IiMwMDM4ODQiLCJocmVmIjoiaHR0cHM6Ly9zdGFja292ZXJmbG93LmNvbS9xdWVzdGlvbnMvMTM3MDEyODcvcnVieS1nZW0tbG9hZGVycm9yLW15c3FsMi1teXNxbDItcmVxdWlyZWQifX0seyJjaGFyIjoiZSIsInN0eWxlcyI6eyJ1bmRlcmxpbmUiOnRydWUsImNvbG9yIjoiIzAwMzg4NCIsImhyZWYiOiJodHRwczovL3N0YWNrb3ZlcmZsb3cuY29tL3F1ZXN0aW9ucy8xMzcwMTI4Ny9ydWJ5LWdlbS1sb2FkZXJyb3ItbXlzcWwyLW15c3FsMi1yZXF1aXJlZCJ9fSx7ImNoYXIiOiJkIiwic3R5bGVzIjp7InVuZGVybGluZSI6dHJ1ZSwiY29sb3IiOiIjMDAzODg0IiwiaHJlZiI6Imh0dHBzOi8vc3RhY2tvdmVyZmxvdy5jb20vcXVlc3Rpb25zLzEzNzAxMjg3L3J1YnktZ2VtLWxvYWRlcnJvci1teXNxbDItbXlzcWwyLXJlcXVpcmVkIn19XX19LHsiYmxvY2tUeXBlIjoicGFyYWdyYXBoIiwic3R5bGVzIjp7fSwiYmxvY2tJZCI6IjM3NTktMTUzNDc1NTMyNDQwOSIsInJpY2hUZXh0Ijp7ImlzUmljaFRleHQiOnRydWUsImtlZXBMaW5lQnJlYWsiOnRydWUsImRhdGEiOltdfX0seyJibG9ja1R5cGUiOiJwYXJhZ3JhcGgiLCJzdHlsZXMiOnt9LCJibG9ja0lkIjoiODg4Ny0xNTM0NzU1MzI0NTM3IiwicmljaFRleHQiOnsiaXNSaWNoVGV4dCI6dHJ1ZSwia2VlcExpbmVCcmVhayI6dHJ1ZSwiZGF0YSI6W119fSx7ImJsb2NrVHlwZSI6InBhcmFncmFwaCIsInN0eWxlcyI6e30sImJsb2NrSWQiOiI4NDQwLTE1MzQ3NTUyNzc1OTIiLCJyaWNoVGV4dCI6eyJpc1JpY2hUZXh0Ijp0cnVlLCJrZWVwTGluZUJyZWFrIjp0cnVlLCJkYXRhIjpbeyJjaGFyIjoi5YW2In0seyJjaGFyIjoi5LuWIn0seyJjaGFyIjoiZyJ9LHsiY2hhciI6ImUifSx7ImNoYXIiOiJtIn0seyJjaGFyIjoi5a6JIn0seyJjaGFyIjoi6KOFIn0seyJjaGFyIjoi5oqlIn0seyJjaGFyIjoi6ZSZIn0seyJjaGFyIjoi55qEIn0seyJjaGFyIjoi5pe2In0seyJjaGFyIjoi5YCZIn0seyJjaGFyIjoi5Y+vIn0seyJjaGFyIjoi5LulIn0seyJjaGFyIjoi5L2/In0seyJjaGFyIjoi55SoIn0seyJjaGFyIjoi55qEIn0seyJjaGFyIjoi5ZG9In0seyJjaGFyIjoi5LukIn0seyJjaGFyIjoi5qC3In0seyJjaGFyIjoi5L6LIn0seyJjaGFyIjoi77yaIn1dfX0seyJibG9ja1R5cGUiOiJwYXJhZ3JhcGgiLCJzdHlsZXMiOnt9LCJibG9ja0lkIjoiOTY4OS0xNTM0NzU1Mjk3MTIyIiwicmljaFRleHQiOnsiaXNSaWNoVGV4dCI6dHJ1ZSwia2VlcExpbmVCcmVhayI6dHJ1ZSwiZGF0YSI6W3siY2hhciI6ImcifSx7ImNoYXIiOiJlIn0seyJjaGFyIjoibSJ9LHsiY2hhciI6IiAifSx7ImNoYXIiOiJpIn0seyJjaGFyIjoibiJ9LHsiY2hhciI6InMifSx7ImNoYXIiOiJ0In0seyJjaGFyIjoiYSJ9LHsiY2hhciI6ImwifSx7ImNoYXIiOiJsIn0seyJjaGFyIjoiICJ9LHsiY2hhciI6ImwifSx7ImNoYXIiOiJpIn0seyJjaGFyIjoiYiJ9LHsiY2hhciI6InYifSx7ImNoYXIiOiI4In0seyJjaGFyIjoiICJ9LHsiY2hhciI6Ii0ifSx7ImNoYXIiOiJ2In0seyJjaGFyIjoiICJ9LHsiY2hhciI6IicifSx7ImNoYXIiOiIzIn0seyJjaGFyIjoiLiJ9LHsiY2hhciI6IjEifSx7ImNoYXIiOiI2In0seyJjaGFyIjoiLiJ9LHsiY2hhciI6IjEifSx7ImNoYXIiOiI0In0seyJjaGFyIjoiLiJ9LHsiY2hhciI6IjEifSx7ImNoYXIiOiIzIn0seyJjaGFyIjoiJyJ9LHsiY2hhciI6IiAifSx7ImNoYXIiOiItIn0seyJjaGFyIjoiLSJ9LHsiY2hhciI6IiAifSx7ImNoYXIiOiItIn0seyJjaGFyIjoiLSJ9LHsiY2hhciI6IncifSx7ImNoYXIiOiJpIn0seyJjaGFyIjoidCJ9LHsiY2hhciI6ImgifSx7ImNoYXIiOiItIn0seyJjaGFyIjoicyJ9LHsiY2hhciI6InkifSx7ImNoYXIiOiJzIn0seyJjaGFyIjoidCJ9LHsiY2hhciI6ImUifSx7ImNoYXIiOiJtIn0seyJjaGFyIjoiLSJ9LHsiY2hhciI6InYifSx7ImNoYXIiOiI4In1dfX0seyJibG9ja1R5cGUiOiJwYXJhZ3JhcGgiLCJzdHlsZXMiOnt9LCJibG9ja0lkIjoiNTMyNC0xNTM0NzU1MzEwMDYxIiwicmljaFRleHQiOnsiaXNSaWNoVGV4dCI6dHJ1ZSwia2VlcExpbmVCcmVhayI6dHJ1ZSwiZGF0YSI6W3siY2hhciI6IlAifSx7ImNoYXIiOiJLIn0seyJjaGFyIjoiRyJ9LHsiY2hhciI6Il8ifSx7ImNoYXIiOiJDIn0seyJjaGFyIjoiTyJ9LHsiY2hhciI6Ik4ifSx7ImNoYXIiOiJGIn0seyJjaGFyIjoiSSJ9LHsiY2hhciI6IkcifSx7ImNoYXIiOiJfIn0seyJjaGFyIjoiUCJ9LHsiY2hhciI6IkEifSx7ImNoYXIiOiJUIn0seyJjaGFyIjoiSCJ9LHsiY2hhciI6Ij0ifSx7ImNoYXIiOiIvIn0seyJjaGFyIjoidSJ9LHsiY2hhciI6InMifSx7ImNoYXIiOiJyIn0seyJjaGFyIjoiLyJ9LHsiY2hhciI6ImwifSx7ImNoYXIiOiJvIn0seyJjaGFyIjoiYyJ9LHsiY2hhciI6ImEifSx7ImNoYXIiOiJsIn0seyJjaGFyIjoiLyJ9LHsiY2hhciI6Im8ifSx7ImNoYXIiOiJwIn0seyJjaGFyIjoidCJ9LHsiY2hhciI6Ii8ifSx7ImNoYXIiOiJpIn0seyJjaGFyIjoibSJ9LHsiY2hhciI6ImEifSx7ImNoYXIiOiJnIn0seyJjaGFyIjoiZSJ9LHsiY2hhciI6Im0ifSx7ImNoYXIiOiJhIn0seyJjaGFyIjoiZyJ9LHsiY2hhciI6ImkifSx7ImNoYXIiOiJjIn0seyJjaGFyIjoiayJ9LHsiY2hhciI6IkAifSx7ImNoYXIiOiI2In0seyJjaGFyIjoiLyJ9LHsiY2hhciI6ImwifSx7ImNoYXIiOiJpIn0seyJjaGFyIjoiYiJ9LHsiY2hhciI6Ii8ifSx7ImNoYXIiOiJwIn0seyJjaGFyIjoiayJ9LHsiY2hhciI6ImcifSx7ImNoYXIiOiJjIn0seyJjaGFyIjoibyJ9LHsiY2hhciI6Im4ifSx7ImNoYXIiOiJmIn0seyJjaGFyIjoiaSJ9LHsiY2hhciI6ImcifSx7ImNoYXIiOiIgIn0seyJjaGFyIjoiZyJ9LHsiY2hhciI6ImUifSx7ImNoYXIiOiJtIn0seyJjaGFyIjoiICJ9LHsiY2hhciI6ImkifSx7ImNoYXIiOiJuIn0seyJjaGFyIjoicyJ9LHsiY2hhciI6InQifSx7ImNoYXIiOiJhIn0seyJjaGFyIjoibCJ9LHsiY2hhciI6ImwifSx7ImNoYXIiOiIgIn0seyJjaGFyIjoiciJ9LHsiY2hhciI6Im0ifSx7ImNoYXIiOiJhIn0seyJjaGFyIjoiZyJ9LHsiY2hhciI6ImkifSx7ImNoYXIiOiJjIn0seyJjaGFyIjoiayJ9LHsiY2hhciI6IjoifSx7ImNoYXIiOiIyIn0seyJjaGFyIjoiLiJ9LHsiY2hhciI6IjEifSx7ImNoYXIiOiI2In0seyJjaGFyIjoiLiJ9LHsiY2hhciI6IjAifV19fSx7ImJsb2NrVHlwZSI6InBhcmFncmFwaCIsInN0eWxlcyI6e30sImJsb2NrSWQiOiI4Nzk4LTE1MzQ3NTUzMTAwNjEiLCJyaWNoVGV4dCI6eyJpc1JpY2hUZXh0Ijp0cnVlLCJrZWVwTGluZUJyZWFrIjp0cnVlLCJkYXRhIjpbeyJjaGFyIjoiZyJ9LHsiY2hhciI6ImUifSx7ImNoYXIiOiJtIn0seyJjaGFyIjoiICJ9LHsiY2hhciI6ImkifSx7ImNoYXIiOiJuIn0seyJjaGFyIjoicyJ9LHsiY2hhciI6InQifSx7ImNoYXIiOiJhIn0seyJjaGFyIjoibCJ9LHsiY2hhciI6ImwifSx7ImNoYXIiOiIgIn0seyJjaGFyIjoicCJ9LHsiY2hhciI6InUifSx7ImNoYXIiOiJtIn0seyJjaGFyIjoiYSJ9LHsiY2hhciI6IiAifSx7ImNoYXIiOiItIn0seyJjaGFyIjoidiJ9LHsiY2hhciI6IiAifSx7ImNoYXIiOiInIn0seyJjaGFyIjoiMyJ9LHsiY2hhciI6Ii4ifSx7ImNoYXIiOiI2In0seyJjaGFyIjoiLiJ9LHsiY2hhciI6IjIifSx7ImNoYXIiOiInIn0seyJjaGFyIjoiICJ9LHsiY2hhciI6Ii0ifSx7ImNoYXIiOiItIn0seyJjaGFyIjoiICJ9LHsiY2hhciI6Ii0ifSx7ImNoYXIiOiItIn0seyJjaGFyIjoidyJ9LHsiY2hhciI6ImkifSx7ImNoYXIiOiJ0In0seyJjaGFyIjoiaCJ9LHsiY2hhciI6Ii0ifSx7ImNoYXIiOiJvIn0seyJjaGFyIjoicCJ9LHsiY2hhciI6InQifSx7ImNoYXIiOiItIn0seyJjaGFyIjoiZCJ9LHsiY2hhciI6ImkifSx7ImNoYXIiOiJyIn0seyJjaGFyIjoiPSJ9LHsiY2hhciI6Ii8ifSx7ImNoYXIiOiJ1In0seyJjaGFyIjoicyJ9LHsiY2hhciI6InIifSx7ImNoYXIiOiIvIn0seyJjaGFyIjoibCJ9LHsiY2hhciI6Im8ifSx7ImNoYXIiOiJjIn0seyJjaGFyIjoiYSJ9LHsiY2hhciI6ImwifSx7ImNoYXIiOiIvIn0seyJjaGFyIjoibyJ9LHsiY2hhciI6InAifSx7ImNoYXIiOiJ0In0seyJjaGFyIjoiLyJ9LHsiY2hhciI6Im8ifSx7ImNoYXIiOiJwIn0seyJjaGFyIjoiZSJ9LHsiY2hhciI6Im4ifSx7ImNoYXIiOiJzIn0seyJjaGFyIjoicyJ9LHsiY2hhciI6ImwifV19fSx7ImJsb2NrVHlwZSI6InBhcmFncmFwaCIsInN0eWxlcyI6e30sImJsb2NrSWQiOiIyMzM5LTE1MzQ3NTUzMTAwNjEiLCJyaWNoVGV4dCI6eyJpc1JpY2hUZXh0Ijp0cnVlLCJrZWVwTGluZUJyZWFrIjp0cnVlLCJkYXRhIjpbeyJjaGFyIjoiZyJ9LHsiY2hhciI6ImUifSx7ImNoYXIiOiJtIn0seyJjaGFyIjoiICJ9LHsiY2hhciI6ImkifSx7ImNoYXIiOiJuIn0seyJjaGFyIjoicyJ9LHsiY2hhciI6InQifSx7ImNoYXIiOiJhIn0seyJjaGFyIjoibCJ9LHsiY2hhciI6ImwifSx7ImNoYXIiOiIgIn0seyJjaGFyIjoibSJ9LHsiY2hhciI6InkifSx7ImNoYXIiOiJzIn0seyJjaGFyIjoicSJ9LHsiY2hhciI6ImwifSx7ImNoYXIiOiIyIn0seyJjaGFyIjoiICJ9LHsiY2hhciI6Ii0ifSx7ImNoYXIiOiJ2In0seyJjaGFyIjoiICJ9LHsiY2hhciI6IicifSx7ImNoYXIiOiIwIn0seyJjaGFyIjoiLiJ9LHsiY2hhciI6IjQifSx7ImNoYXIiOiIuIn0seyJjaGFyIjoiNSJ9LHsiY2hhciI6IicifSx7ImNoYXIiOiIgIn0seyJjaGFyIjoiLSJ9LHsiY2hhciI6Ii0ifSx7ImNoYXIiOiIgIn0seyJjaGFyIjoiLSJ9LHsiY2hhciI6Ii0ifSx7ImNoYXIiOiJzIn0seyJjaGFyIjoiciJ9LHsiY2hhciI6ImMifSx7ImNoYXIiOiJkIn0seyJjaGFyIjoiaSJ9LHsiY2hhciI6InIifSx7ImNoYXIiOiI9In0seyJjaGFyIjoiLyJ9LHsiY2hhciI6InUifSx7ImNoYXIiOiJzIn0seyJjaGFyIjoiciJ9LHsiY2hhciI6Ii8ifSx7ImNoYXIiOiJsIn0seyJjaGFyIjoibyJ9LHsiY2hhciI6ImMifSx7ImNoYXIiOiJhIn0seyJjaGFyIjoibCJ9LHsiY2hhciI6Ii8ifSx7ImNoYXIiOiJDIn0seyJjaGFyIjoiZSJ9LHsiY2hhciI6ImwifSx7ImNoYXIiOiJsIn0seyJjaGFyIjoiYSJ9LHsiY2hhciI6InIifSx7ImNoYXIiOiIvIn0seyJjaGFyIjoibSJ9LHsiY2hhciI6InkifSx7ImNoYXIiOiJzIn0seyJjaGFyIjoicSJ9LHsiY2hhciI6ImwifSx7ImNoYXIiOiIvIn0seyJjaGFyIjoiOCJ9LHsiY2hhciI6Ii4ifSx7ImNoYXIiOiIwIn0seyJjaGFyIjoiLiJ9LHsiY2hhciI6IjEifSx7ImNoYXIiOiIxIn0seyJjaGFyIjoiLyJ9LHsiY2hhciI6ImkifSx7ImNoYXIiOiJuIn0seyJjaGFyIjoiYyJ9LHsiY2hhciI6ImwifSx7ImNoYXIiOiJ1In0seyJjaGFyIjoiZCJ9LHsiY2hhciI6ImUifV19fV0=--></p>','2018-08-20 09:59:00.000000','2018-08-20 09:59:00.000000',2,1,1,210),(40,'以阿里云为例，申请建立自己的域名和网站','<p><span style=\"font-size:14px\">以阿里云为例。（如果域名和服务器是申请的国外的，比如godaddy，可以省略通信管理局和公安机关审核的步骤，当然也需要考虑访问的速度，国内的还是选择阿里云）</span></p>\r\n\r\n<p><span style=\"font-size:18px\"><strong>- 申请虚拟主机</strong></span><br />\r\n<span style=\"font-size:14px\">在https://dev.aliyun.com/注册用户。</span></p>\r\n\r\n<p><span style=\"font-size:14px\">创建实例，选择地域，配置，网络等，购买。比如在https://ecs-buy.aliyun.com/wizard/#/prepay/cn-shenzhen。一般个人用的选个两核和1g内存就够了,一个月几十块。</span></p>\r\n\r\n<p><img alt=\"\" src=\"/media/upload/Bo/2018/08/20/aliyun-1.png\" style=\"height:244px; width:600px\" /><br />\r\n<span style=\"font-size:18px\"><strong>- 购买域名</strong></span><br />\r\n<span style=\"font-size:14px\">在类似万网的地方搜索你想要的名字，https://wanwang.aliyun.com/，只要无人使用，就可以购买，当然有的会特别贵。普通的一年几十块。<br />\r\n一般不要选择.cn的，具体原因可以搜索一下，这里不详述了。</span></p>\r\n\r\n<p><br />\r\n<span style=\"font-size:18px\"><strong>- 搭建网站</strong></span></p>\r\n\r\n<p><span style=\"font-size:14px\">申请了虚拟主机后，能远程连接到你的主机，然后配置搭建你的网站，比如本站用了wordpress、django，这个自选，复杂度不定，该文不详述。<br />\r\n搭建好了后，可以用ip访问到你的网站。此时还不可以用域名直接访问。需要域名绑定，并备案你的网站和主体信息。</span></p>\r\n\r\n<p><br />\r\n<span style=\"font-size:18px\"><strong>- 网站备案</strong></span></p>\r\n\r\n<p><span style=\"font-size:14px\">在这里https://beian.aliyun.com/，可以备案你的网站，以及你的一些信息，会提交到通信管理局审核。一般需要20天左右。此时就可以用域名访问你的网站了。需要将备案号放在你的网站主页上，备案号并链接至&quot;http://www.miitbeian.gov.cn/&quot;。</span></p>\r\n\r\n<p><span style=\"font-size:14px\">在国内的网站，还需要在公安机关备案。可以参考https://help.aliyun.com/knowledge_detail/36983.html。备案成功后也有个备案号，需要放在网站主页。如果只是个人博客之类的，可以选择非交互性网站，这样不用自己本人去公安机关去，在网上处理即可了。</span></p>\r\n\r\n<p><span style=\"font-size:14px\">&nbsp;</span></p>','2018-08-19 10:30:00.000000','2018-08-19 10:30:00.000000',2,1,1,175),(41,'django上传文件500错误但本地server不出现错误的问题','<p><span style=\"font-size:14px\">最近改了django，遇到一个问题，在用域名访问时，提示上传错误http500。但是登录上去，用python manage.py runserver来启动再上传文件则不出现问题。</span></p>\r\n\r\n<p><span style=\"font-size:14px\">检查了nginx的access和error的log，均无消息。后头在uwsgi的log中发现是permission denied的提示。看来是没有权限提交。</span></p>\r\n\r\n<p><span style=\"font-size:14px\">检查了nginx.conf，发现user与django目录的user不一样，于是用chown命令修改用户，之后上传成功。</span></p>','2018-08-20 14:20:00.000000','2018-08-20 14:20:00.000000',2,1,1,168),(43,'Mac上配置appium环境','<p>需要对iphone和android同时做自动化测试，于是选择了appium。虽然慢，不过可以跨平台。</p>\r\n\r\n<p>在mac上先保证HomeBrew是安装了的，如果没有安装，可以运行下面的命令：&nbsp;</p>\r\n\r\n<p>ruby -e &quot;$(curl -fsSL https://raw.githubusercontent.com/Homebrew/install/master/install)&quot;</p>\r\n\r\n<p>然后运行如下的命令来安装相应环境：</p>\r\n\r\n<pre>\r\n<code>brew install libimobiledevice\r\nbrew install ideviceinstaller\r\nbrew install ios-webkit-debug-proxy\r\nbrew install ios-deploy\r\nbrew install carthage\r\nbrew install node</code></pre>\r\n\r\n<p>此时再安装appium，并检查环境是否正常：</p>\r\n\r\n<pre>\r\n<code>npm install -g appium\r\nnpm install -g appium-doctor\r\nAppium-doctor --ios</code></pre>\r\n\r\n<p>如果需要做iphone上的自动化测试，记得安装xcode。</p>\r\n\r\n<p>在appium的目录下有webdriveragent，需要build和test，可以参考这个链接的内容：https://testerhome.com/topics/7220。</p>\r\n\r\n<p>当环境准备好了后，比如用iphone时，用数据线插上手机，运行：ios_webkit_debug_proxy -c &lt;iphone udid&gt;:27753 -d; 再运行appium来启动appium server，就可以开始编写你的脚本啦。</p>\r\n\r\n<p>如果是想对safari做自动化测试，还需要安装SafariLauncher。</p>\r\n\r\n<p>当需要指定bundleId时，可以用ideviceinstaller -l来获取手机安装app的bundleId。</p>\r\n\r\n<p>需要注意的是，真机需要有效的开发分发证书和开发的 Provisioning Profile。</p>\r\n\r\n<p><!--5f39ae17-8c62-4a45-bc43-b32064c9388a:W3siYmxvY2tUeXBlIjoicGFyYWdyYXBoIiwic3R5bGVzIjp7ImFsaWduIjoibGVmdCIsImluZGVudCI6MCwidGV4dC1pbmRlbnQiOjAsImxpbmUtaGVpZ2h0IjoxLjc1fSwiYmxvY2tJZCI6IjY5ODQtMTUzMzEwMzM2Mjg5NCIsInJpY2hUZXh0Ijp7ImlzUmljaFRleHQiOnRydWUsImtlZXBMaW5lQnJlYWsiOnRydWUsImRhdGEiOlt7ImNoYXIiOiJpIn0seyJjaGFyIjoibyJ9LHsiY2hhciI6InMifSx7ImNoYXIiOiJfIn0seyJjaGFyIjoidyJ9LHsiY2hhciI6ImUifSx7ImNoYXIiOiJiIn0seyJjaGFyIjoiayJ9LHsiY2hhciI6ImkifSx7ImNoYXIiOiJ0In0seyJjaGFyIjoiXyJ9LHsiY2hhciI6ImQifSx7ImNoYXIiOiJlIn0seyJjaGFyIjoiYiJ9LHsiY2hhciI6InUifSx7ImNoYXIiOiJnIn0seyJjaGFyIjoiXyJ9LHsiY2hhciI6InAifSx7ImNoYXIiOiJyIn0seyJjaGFyIjoibyJ9LHsiY2hhciI6IngifSx7ImNoYXIiOiJ5In0seyJjaGFyIjoiICJ9LHsiY2hhciI6Ii0ifSx7ImNoYXIiOiJjIn0seyJjaGFyIjoiICJ9LHsiY2hhciI6IjUifSx7ImNoYXIiOiJkIn0seyJjaGFyIjoiMyJ9LHsiY2hhciI6IjkifSx7ImNoYXIiOiI4In0seyJjaGFyIjoiZiJ9LHsiY2hhciI6IjQifSx7ImNoYXIiOiI3In0seyJjaGFyIjoiNCJ9LHsiY2hhciI6IjIifSx7ImNoYXIiOiJjIn0seyJjaGFyIjoiNSJ9LHsiY2hhciI6IjQifSx7ImNoYXIiOiI5In0seyJjaGFyIjoiOCJ9LHsiY2hhciI6IjYifSx7ImNoYXIiOiIwIn0seyJjaGFyIjoiMyJ9LHsiY2hhciI6ImMifSx7ImNoYXIiOiI5In0seyJjaGFyIjoiYiJ9LHsiY2hhciI6IjIifSx7ImNoYXIiOiJmIn0seyJjaGFyIjoiZCJ9LHsiY2hhciI6IjUifSx7ImNoYXIiOiJkIn0seyJjaGFyIjoiZSJ9LHsiY2hhciI6ImUifSx7ImNoYXIiOiIxIn0seyJjaGFyIjoiOSJ9LHsiY2hhciI6IjQifSx7ImNoYXIiOiJhIn0seyJjaGFyIjoiNiJ9LHsiY2hhciI6ImIifSx7ImNoYXIiOiIxIn0seyJjaGFyIjoiNSJ9LHsiY2hhciI6IjgifSx7ImNoYXIiOiIxIn0seyJjaGFyIjoiZCJ9LHsiY2hhciI6ImQifSx7ImNoYXIiOiI6In0seyJjaGFyIjoiMiJ9LHsiY2hhciI6IjcifSx7ImNoYXIiOiI3In0seyJjaGFyIjoiNSJ9LHsiY2hhciI6IjMifSx7ImNoYXIiOiIgIn0seyJjaGFyIjoiLSJ9LHsiY2hhciI6ImQifV19fV0=--></p>\r\n\r\n<p><!--5f39ae17-8c62-4a45-bc43-b32064c9388a:W3siYmxvY2tUeXBlIjoicGFyYWdyYXBoIiwic3R5bGVzIjp7ImFsaWduIjoibGVmdCIsImluZGVudCI6MCwidGV4dC1pbmRlbnQiOjAsImxpbmUtaGVpZ2h0IjoxLjc1fSwiYmxvY2tJZCI6IjcyMjMtMTUzMzEwMzM2Mjg5NCIsInJpY2hUZXh0Ijp7ImlzUmljaFRleHQiOnRydWUsImtlZXBMaW5lQnJlYWsiOnRydWUsImRhdGEiOlt7ImNoYXIiOiJoIn0seyJjaGFyIjoidCJ9LHsiY2hhciI6InQifSx7ImNoYXIiOiJwIn0seyJjaGFyIjoicyJ9LHsiY2hhciI6IjoifSx7ImNoYXIiOiIvIn0seyJjaGFyIjoiLyJ9LHsiY2hhciI6InQifSx7ImNoYXIiOiJlIn0seyJjaGFyIjoicyJ9LHsiY2hhciI6InQifSx7ImNoYXIiOiJlIn0seyJjaGFyIjoiciJ9LHsiY2hhciI6ImgifSx7ImNoYXIiOiJvIn0seyJjaGFyIjoibSJ9LHsiY2hhciI6ImUifSx7ImNoYXIiOiIuIn0seyJjaGFyIjoiYyJ9LHsiY2hhciI6Im8ifSx7ImNoYXIiOiJtIn0seyJjaGFyIjoiLyJ9LHsiY2hhciI6InQifSx7ImNoYXIiOiJvIn0seyJjaGFyIjoicCJ9LHsiY2hhciI6ImkifSx7ImNoYXIiOiJjIn0seyJjaGFyIjoicyJ9LHsiY2hhciI6Ii8ifSx7ImNoYXIiOiI3In0seyJjaGFyIjoiMiJ9LHsiY2hhciI6IjIifSx7ImNoYXIiOiIwIn1dfX1d--></p>','2018-08-27 11:09:00.000000','2018-08-27 11:09:00.000000',2,1,1,187),(45,'Selenium Webdriver做自动化时一些有用的js操作','<p>selenium webdriver算是做web相关的自动化用得最多的了。</p>\r\n\r\n<p>除了源生操作，还可以执行javascript来达到某些操作，非常方便。</p>\r\n\r\n<p>下面列出了一些常用的js操作：</p>\r\n\r\n<p>向下滑动</p>\r\n\r\n<pre>\r\n<code class=\"language-python\">script = \"oldTop = arguments[0].scrollTop; newTop = oldTop + 309; arguments[0].scrollTop = newTop; if( arguments[0].scrollTop == newTop){ return true; } else { return false; }\"        \r\n\r\ndriver.execute_script(script, web_element)</code></pre>\r\n\r\n<p>打开新窗口</p>\r\n\r\n<pre>\r\n<code class=\"language-python\">script = \"window.open(\'%s\')\" %url\r\n\r\ndriver.execute_script(script)</code></pre>\r\n\r\n<p>滑动到顶端</p>\r\n\r\n<pre>\r\n<code class=\"language-python\">driver.execute_script(\"window.scrollTo(0, 0)\")</code></pre>\r\n\r\n<p>滑动到底端</p>\r\n\r\n<pre>\r\n<code class=\"language-python\">driver.execute_script(\"window.scrollBy(0,document.body.scrollHeight)\",\"\")</code></pre>\r\n\r\n<p>水平滚动</p>\r\n\r\n<pre>\r\n<code class=\"language-python\">driver.execute_script(\"document.documentElement.scrollLeft=\" + \"x\"; )</code></pre>\r\n\r\n<p>操作文本</p>\r\n\r\n<pre>\r\n<code class=\"language-python\">text = \"teststring\"\r\ndriver.execute_script(\"var sum=document.getElementById(\'id\'); sum.value=\'\" + text + \"\';\";)</code></pre>\r\n\r\n<p>播放视频</p>\r\n\r\n<pre>\r\n<code class=\"language-python\">driver.execute_script(\"return arguments[0].play()\", video);</code></pre>\r\n\r\n<p>想到其他的再来加。。</p>','2018-09-13 18:24:00.000000','2018-09-13 18:24:00.000000',2,1,1,121),(46,'APP自动化的元素定位','<p>app自动化和web自动化比较类似 （指UI自动化，非api），不过web自动化时inspect元素比较方便，使用chrome或者firefox无论自写元素定位或者直接获取xpath都很简单。</p>\r\n\r\n<p>做app自动化时，各类元素则显得没有那么直观。下面列出一些元素定位可以使用的工具和方式。（个人推荐webdriveragent和source）</p>\r\n\r\n<p>1. 使用appium自带的inspector，但是得下载桌面版，如果只是命令行式的则没有。</p>\r\n\r\n<p>2. 使用macaca的inspector，可以参照https://macacajs.github.io/app-inspector/cn/。据说用起来不错，不过我尝试了后总是提示internal server error，便没有再试。</p>\r\n\r\n<p>3. 对应ios，appium也有ios-inspector，可以参考https://github.com/mykola-mokhnach/Appium-iOS-Inspector。</p>\r\n\r\n<p>4. 使用webdriveragent的inspector，前一篇文章有介绍如何在mac上配置appium的环境，在配置过程中，会build webdriveragent，在build和test的过程中，其实就能看到一个server url，这个url就能用于inspect元素。</p>\r\n\r\n<p>如下图，连上手机后再xcode中test webdriveragent</p>\r\n\r\n<p><img alt=\"\" src=\"/media/upload/Bo/2018/09/18/xcode-webdriveragent.png\" style=\"height:348px; width:600px\" /></p>\r\n\r\n<p>打开红框中的url可以看到session，在url后加上inspector，比如http://169.254.85.134:8100/inspector，则可以看到各元素的情况，如下图：</p>\r\n\r\n<p><img alt=\"\" src=\"/media/upload/Bo/2018/09/18/webdriveragent-inspector.png\" style=\"height:302px; width:600px\" /></p>\r\n\r\n<p>5. 对于android可以用UI automator view。</p>\r\n\r\n<p><img alt=\"\" src=\"/media/upload/Bo/2019/03/01/ui_automator_view_calculator.png\" style=\"height:477px; width:800px\" /></p>\r\n\r\n<p>6. 通过page source来自己查看，这个方式不是很直观，但比较详细。比如python用print(driver.page_source)，是把当前页面的所有内容抓出来，保存到一个xml文件里，可以找需要的内容。</p>\r\n\r\n<p><img alt=\"\" src=\"/media/upload/Bo/2018/09/18/appium-page-source.png\" style=\"height:222px; width:600px\" /></p>\r\n\r\n<p>有遇到其他的再来补充。</p>','2018-09-18 10:41:00.000000','2018-09-18 10:41:00.000000',2,1,1,216),(52,'markdown','# 一级标题\r\n\r\n## 二级标题\r\n\r\n### 三级标题\r\n\r\n- 列表项1\r\n- 列表项2\r\n- 列表项3\r\n\r\n> 这是一段引用\r\n\r\n```python\r\ndef detail(request, pk):\r\n    post = get_object_or_404(Post, pk=pk)\r\n    post.body = markdown.markdown(post.body,\r\n                                  extensions=[\r\n                                      \'markdown.extensions.extra\',\r\n                                      \'markdown.extensions.codehilite\',\r\n                                      \'markdown.extensions.toc\',\r\n                                  ])\r\n    return render(request, \'blog/detail.html\', context={\'post\': post})\r\n```','2018-09-25 15:49:50.644032','2018-09-25 15:49:50.654677',2,4,2,23),(53,'看西航动力研究所张小平事件有感','<p>知乎链接： <a href=\"https://www.zhihu.com/question/295927388\">https://www.zhihu.com/question/295927388</a></p>\r\n\r\n<p>国内向来不重视技术，都想做管理，总觉得管理有前途更风光。</p>\r\n\r\n<p>技术发展不起来，大多用国外的轮子，有几个人懂原理，多少人就是调用接口而已。</p>\r\n\r\n<p>工作圈子里往往充斥着技术做到30多就得转行什么的，事多待遇又差还不受尊重，难以沉淀。如何出成果。各行各业若长此以往，难以想象。</p>\r\n\r\n<p>管理的多，都想做管理，什么都不懂的外行也来领导内行，这种也不是没有。做事的少，摘桃子的人多，估计国企里这种多些。有本事的谁也受不了。</p>\r\n\r\n<p>我小时候老师让谈未来理想的时候，还有人说科学家之类，现在的小朋友有几个有这想法。</p>\r\n\r\n<p>可惜。若能有个好的技术氛围，好好发展，我们国家也不用像中兴事件受制于人。</p>','2018-09-27 09:57:00.000000','2018-09-27 09:57:00.000000',2,5,1,122),(54,'python的经典类和新式类','<p>python里的class存在着经典类和新式类的区别。class() 为经典类，class(object) 为新式类。普通的使用差别也不大，但对类的使用多一点，则会有些注意事项。</p>\r\n\r\n<p>1. 在class里继承于object的方式是python2系列中的，因为在python3中默认会加载object，所有的类都是新式类。但在维护更改遗留的python2项目时，需要注意两者区别。</p>\r\n\r\n<p>&nbsp;</p>\r\n\r\n<p>2. 多重继承时，对于父类中的方法则有个遍历方式的不同。经典类是深度优先，新式类是广度优先（有的也有说是c3算法，在有些结果下和广度优先的结果一样）。</p>\r\n\r\n<p>比如class D继承与B和C，B和C是A的子类，C有重写A中的方法。用经典类时，则会从D-B-A，找到A中的方法，而使用不到C中重写的方法。如果是新式类，则会是D-B-C-A的顺序，会调用到C中的方法。</p>\r\n\r\n<p>&nbsp;</p>\r\n\r\n<p>3.&nbsp;在经典类中，所有的类都是classobj类型，类的实例是instance类型。类与实例只有通过__class__属性进行关联。这样在判断实例类型时，就会造成不便：所有的实例都是instance类型，会出现两个不一样的类比较结果为真的情况。</p>\r\n\r\n<p>经典类的实例是instance类型，而内置类的实例却不是，无法统一。也会造成麻烦。</p>\r\n\r\n<p>&nbsp;</p>\r\n\r\n<p>4. 在python2中如果不指定object时，则没有__class__的方法可以使用。</p>\r\n\r\n<p>&nbsp;</p>\r\n\r\n<p>因此在使用python2时，最好是加上object，使用python3则可以忽略。</p>','2018-11-11 18:06:00.000000','2018-11-11 18:06:00.000000',2,1,1,128),(55,'iOS自动化使用appium关于gesture的更新','<p>最近几天在修改ruby的自动化测试框架，需要加上appium的相关支持。</p>\r\n\r\n<p>于是参照了自己以前在python自动化框架中实现的部分，但是发现TouchAction无法执行，Tap或者swipe等均不生效，提示&ldquo;unknown server-side error occurred while processing the command&rdquo;。一度怀疑是测试环境出了问题。多次调试后未成功，去搜索了官方资料，发现iOS的手势操作有些变化。</p>\r\n\r\n<p>参照下面官方链接的说明：</p>\r\n\r\n<p><a href=\"https://appium.io/docs/en/writing-running-appium/ios/ios-xctest-mobile-gestures/#automating-mobile-gestures-for-ios-with-webdriveragentxctest-backend\">https://appium.io/docs/en/writing-running-appium/ios/ios-xctest-mobile-gestures/#automating-mobile-gestures-for-ios-with-webdriveragentxctest-backend</a></p>\r\n\r\n<p>Unfortunately Apple&#39;s XCTest framework does not natively support W3C standards for TouchAction interface implementation. Although, it provides rich set of gestures, inluding these, that are unique for iOS platform. It is possible to directly invoke these gestures in Appium starting from version 1.6.4-beta.</p>\r\n\r\n<p>It is important to rememeber that XCTest and WDA are being constantly changed. This means all &quot;mobile: *&quot; commands can be also subject of change in Appium without any preliminary notice.</p>\r\n\r\n<p>将操作替换为类似下面的语句则可以成功操作手势，使用更简洁方便。</p>\r\n\r\n<pre>\r\n<code class=\"language-ruby\">@driver.execute_script \'mobile: tap\', :x =&gt; 200, :y =&gt; 10, :fingers =&gt; 1, :tapCount =&gt; 1, :duration =&gt; 0.5, :element =&gt; login_button.ref</code></pre>\r\n\r\n<p>&nbsp;</p>\r\n\r\n<p><!--5f39ae17-8c62-4a45-bc43-b32064c9388a:W3siYmxvY2tJZCI6IjQ1NTAtMTU0MjM0NTEzNzA0NyIsImJsb2NrVHlwZSI6InBhcmFncmFwaCIsInN0eWxlcyI6eyJhbGlnbiI6ImxlZnQiLCJpbmRlbnQiOjAsInRleHQtaW5kZW50IjowLCJsaW5lLWhlaWdodCI6MS43NSwiYmFjay1jb2xvciI6IiIsInBhZGRpbmciOiIifSwidHlwZSI6InBhcmFncmFwaCIsInJpY2hUZXh0Ijp7ImRhdGEiOlt7ImNoYXIiOiJoIiwic3R5bGVzIjp7InVuZGVybGluZSI6dHJ1ZSwiY29sb3IiOiIjMDAzODg0IiwiaHJlZiI6Imh0dHBzOi8vYXBwaXVtLmlvL2RvY3MvZW4vd3JpdGluZy1ydW5uaW5nLWFwcGl1bS9pb3MvaW9zLXhjdGVzdC1tb2JpbGUtZ2VzdHVyZXMvI2F1dG9tYXRpbmctbW9iaWxlLWdlc3R1cmVzLWZvci1pb3Mtd2l0aC13ZWJkcml2ZXJhZ2VudHhjdGVzdC1iYWNrZW5kIn19LHsiY2hhciI6InQiLCJzdHlsZXMiOnsidW5kZXJsaW5lIjp0cnVlLCJjb2xvciI6IiMwMDM4ODQiLCJocmVmIjoiaHR0cHM6Ly9hcHBpdW0uaW8vZG9jcy9lbi93cml0aW5nLXJ1bm5pbmctYXBwaXVtL2lvcy9pb3MteGN0ZXN0LW1vYmlsZS1nZXN0dXJlcy8jYXV0b21hdGluZy1tb2JpbGUtZ2VzdHVyZXMtZm9yLWlvcy13aXRoLXdlYmRyaXZlcmFnZW50eGN0ZXN0LWJhY2tlbmQifX0seyJjaGFyIjoidCIsInN0eWxlcyI6eyJ1bmRlcmxpbmUiOnRydWUsImNvbG9yIjoiIzAwMzg4NCIsImhyZWYiOiJodHRwczovL2FwcGl1bS5pby9kb2NzL2VuL3dyaXRpbmctcnVubmluZy1hcHBpdW0vaW9zL2lvcy14Y3Rlc3QtbW9iaWxlLWdlc3R1cmVzLyNhdXRvbWF0aW5nLW1vYmlsZS1nZXN0dXJlcy1mb3ItaW9zLXdpdGgtd2ViZHJpdmVyYWdlbnR4Y3Rlc3QtYmFja2VuZCJ9fSx7ImNoYXIiOiJwIiwic3R5bGVzIjp7InVuZGVybGluZSI6dHJ1ZSwiY29sb3IiOiIjMDAzODg0IiwiaHJlZiI6Imh0dHBzOi8vYXBwaXVtLmlvL2RvY3MvZW4vd3JpdGluZy1ydW5uaW5nLWFwcGl1bS9pb3MvaW9zLXhjdGVzdC1tb2JpbGUtZ2VzdHVyZXMvI2F1dG9tYXRpbmctbW9iaWxlLWdlc3R1cmVzLWZvci1pb3Mtd2l0aC13ZWJkcml2ZXJhZ2VudHhjdGVzdC1iYWNrZW5kIn19LHsiY2hhciI6InMiLCJzdHlsZXMiOnsidW5kZXJsaW5lIjp0cnVlLCJjb2xvciI6IiMwMDM4ODQiLCJocmVmIjoiaHR0cHM6Ly9hcHBpdW0uaW8vZG9jcy9lbi93cml0aW5nLXJ1bm5pbmctYXBwaXVtL2lvcy9pb3MteGN0ZXN0LW1vYmlsZS1nZXN0dXJlcy8jYXV0b21hdGluZy1tb2JpbGUtZ2VzdHVyZXMtZm9yLWlvcy13aXRoLXdlYmRyaXZlcmFnZW50eGN0ZXN0LWJhY2tlbmQifX0seyJjaGFyIjoiOiIsInN0eWxlcyI6eyJ1bmRlcmxpbmUiOnRydWUsImNvbG9yIjoiIzAwMzg4NCIsImhyZWYiOiJodHRwczovL2FwcGl1bS5pby9kb2NzL2VuL3dyaXRpbmctcnVubmluZy1hcHBpdW0vaW9zL2lvcy14Y3Rlc3QtbW9iaWxlLWdlc3R1cmVzLyNhdXRvbWF0aW5nLW1vYmlsZS1nZXN0dXJlcy1mb3ItaW9zLXdpdGgtd2ViZHJpdmVyYWdlbnR4Y3Rlc3QtYmFja2VuZCJ9fSx7ImNoYXIiOiIvIiwic3R5bGVzIjp7InVuZGVybGluZSI6dHJ1ZSwiY29sb3IiOiIjMDAzODg0IiwiaHJlZiI6Imh0dHBzOi8vYXBwaXVtLmlvL2RvY3MvZW4vd3JpdGluZy1ydW5uaW5nLWFwcGl1bS9pb3MvaW9zLXhjdGVzdC1tb2JpbGUtZ2VzdHVyZXMvI2F1dG9tYXRpbmctbW9iaWxlLWdlc3R1cmVzLWZvci1pb3Mtd2l0aC13ZWJkcml2ZXJhZ2VudHhjdGVzdC1iYWNrZW5kIn19LHsiY2hhciI6Ii8iLCJzdHlsZXMiOnsidW5kZXJsaW5lIjp0cnVlLCJjb2xvciI6IiMwMDM4ODQiLCJocmVmIjoiaHR0cHM6Ly9hcHBpdW0uaW8vZG9jcy9lbi93cml0aW5nLXJ1bm5pbmctYXBwaXVtL2lvcy9pb3MteGN0ZXN0LW1vYmlsZS1nZXN0dXJlcy8jYXV0b21hdGluZy1tb2JpbGUtZ2VzdHVyZXMtZm9yLWlvcy13aXRoLXdlYmRyaXZlcmFnZW50eGN0ZXN0LWJhY2tlbmQifX0seyJjaGFyIjoiYSIsInN0eWxlcyI6eyJ1bmRlcmxpbmUiOnRydWUsImNvbG9yIjoiIzAwMzg4NCIsImhyZWYiOiJodHRwczovL2FwcGl1bS5pby9kb2NzL2VuL3dyaXRpbmctcnVubmluZy1hcHBpdW0vaW9zL2lvcy14Y3Rlc3QtbW9iaWxlLWdlc3R1cmVzLyNhdXRvbWF0aW5nLW1vYmlsZS1nZXN0dXJlcy1mb3ItaW9zLXdpdGgtd2ViZHJpdmVyYWdlbnR4Y3Rlc3QtYmFja2VuZCJ9fSx7ImNoYXIiOiJwIiwic3R5bGVzIjp7InVuZGVybGluZSI6dHJ1ZSwiY29sb3IiOiIjMDAzODg0IiwiaHJlZiI6Imh0dHBzOi8vYXBwaXVtLmlvL2RvY3MvZW4vd3JpdGluZy1ydW5uaW5nLWFwcGl1bS9pb3MvaW9zLXhjdGVzdC1tb2JpbGUtZ2VzdHVyZXMvI2F1dG9tYXRpbmctbW9iaWxlLWdlc3R1cmVzLWZvci1pb3Mtd2l0aC13ZWJkcml2ZXJhZ2VudHhjdGVzdC1iYWNrZW5kIn19LHsiY2hhciI6InAiLCJzdHlsZXMiOnsidW5kZXJsaW5lIjp0cnVlLCJjb2xvciI6IiMwMDM4ODQiLCJocmVmIjoiaHR0cHM6Ly9hcHBpdW0uaW8vZG9jcy9lbi93cml0aW5nLXJ1bm5pbmctYXBwaXVtL2lvcy9pb3MteGN0ZXN0LW1vYmlsZS1nZXN0dXJlcy8jYXV0b21hdGluZy1tb2JpbGUtZ2VzdHVyZXMtZm9yLWlvcy13aXRoLXdlYmRyaXZlcmFnZW50eGN0ZXN0LWJhY2tlbmQifX0seyJjaGFyIjoiaSIsInN0eWxlcyI6eyJ1bmRlcmxpbmUiOnRydWUsImNvbG9yIjoiIzAwMzg4NCIsImhyZWYiOiJodHRwczovL2FwcGl1bS5pby9kb2NzL2VuL3dyaXRpbmctcnVubmluZy1hcHBpdW0vaW9zL2lvcy14Y3Rlc3QtbW9iaWxlLWdlc3R1cmVzLyNhdXRvbWF0aW5nLW1vYmlsZS1nZXN0dXJlcy1mb3ItaW9zLXdpdGgtd2ViZHJpdmVyYWdlbnR4Y3Rlc3QtYmFja2VuZCJ9fSx7ImNoYXIiOiJ1Iiwic3R5bGVzIjp7InVuZGVybGluZSI6dHJ1ZSwiY29sb3IiOiIjMDAzODg0IiwiaHJlZiI6Imh0dHBzOi8vYXBwaXVtLmlvL2RvY3MvZW4vd3JpdGluZy1ydW5uaW5nLWFwcGl1bS9pb3MvaW9zLXhjdGVzdC1tb2JpbGUtZ2VzdHVyZXMvI2F1dG9tYXRpbmctbW9iaWxlLWdlc3R1cmVzLWZvci1pb3Mtd2l0aC13ZWJkcml2ZXJhZ2VudHhjdGVzdC1iYWNrZW5kIn19LHsiY2hhciI6Im0iLCJzdHlsZXMiOnsidW5kZXJsaW5lIjp0cnVlLCJjb2xvciI6IiMwMDM4ODQiLCJocmVmIjoiaHR0cHM6Ly9hcHBpdW0uaW8vZG9jcy9lbi93cml0aW5nLXJ1bm5pbmctYXBwaXVtL2lvcy9pb3MteGN0ZXN0LW1vYmlsZS1nZXN0dXJlcy8jYXV0b21hdGluZy1tb2JpbGUtZ2VzdHVyZXMtZm9yLWlvcy13aXRoLXdlYmRyaXZlcmFnZW50eGN0ZXN0LWJhY2tlbmQifX0seyJjaGFyIjoiLiIsInN0eWxlcyI6eyJ1bmRlcmxpbmUiOnRydWUsImNvbG9yIjoiIzAwMzg4NCIsImhyZWYiOiJodHRwczovL2FwcGl1bS5pby9kb2NzL2VuL3dyaXRpbmctcnVubmluZy1hcHBpdW0vaW9zL2lvcy14Y3Rlc3QtbW9iaWxlLWdlc3R1cmVzLyNhdXRvbWF0aW5nLW1vYmlsZS1nZXN0dXJlcy1mb3ItaW9zLXdpdGgtd2ViZHJpdmVyYWdlbnR4Y3Rlc3QtYmFja2VuZCJ9fSx7ImNoYXIiOiJpIiwic3R5bGVzIjp7InVuZGVybGluZSI6dHJ1ZSwiY29sb3IiOiIjMDAzODg0IiwiaHJlZiI6Imh0dHBzOi8vYXBwaXVtLmlvL2RvY3MvZW4vd3JpdGluZy1ydW5uaW5nLWFwcGl1bS9pb3MvaW9zLXhjdGVzdC1tb2JpbGUtZ2VzdHVyZXMvI2F1dG9tYXRpbmctbW9iaWxlLWdlc3R1cmVzLWZvci1pb3Mtd2l0aC13ZWJkcml2ZXJhZ2VudHhjdGVzdC1iYWNrZW5kIn19LHsiY2hhciI6Im8iLCJzdHlsZXMiOnsidW5kZXJsaW5lIjp0cnVlLCJjb2xvciI6IiMwMDM4ODQiLCJocmVmIjoiaHR0cHM6Ly9hcHBpdW0uaW8vZG9jcy9lbi93cml0aW5nLXJ1bm5pbmctYXBwaXVtL2lvcy9pb3MteGN0ZXN0LW1vYmlsZS1nZXN0dXJlcy8jYXV0b21hdGluZy1tb2JpbGUtZ2VzdHVyZXMtZm9yLWlvcy13aXRoLXdlYmRyaXZlcmFnZW50eGN0ZXN0LWJhY2tlbmQifX0seyJjaGFyIjoiLyIsInN0eWxlcyI6eyJ1bmRlcmxpbmUiOnRydWUsImNvbG9yIjoiIzAwMzg4NCIsImhyZWYiOiJodHRwczovL2FwcGl1bS5pby9kb2NzL2VuL3dyaXRpbmctcnVubmluZy1hcHBpdW0vaW9zL2lvcy14Y3Rlc3QtbW9iaWxlLWdlc3R1cmVzLyNhdXRvbWF0aW5nLW1vYmlsZS1nZXN0dXJlcy1mb3ItaW9zLXdpdGgtd2ViZHJpdmVyYWdlbnR4Y3Rlc3QtYmFja2VuZCJ9fSx7ImNoYXIiOiJkIiwic3R5bGVzIjp7InVuZGVybGluZSI6dHJ1ZSwiY29sb3IiOiIjMDAzODg0IiwiaHJlZiI6Imh0dHBzOi8vYXBwaXVtLmlvL2RvY3MvZW4vd3JpdGluZy1ydW5uaW5nLWFwcGl1bS9pb3MvaW9zLXhjdGVzdC1tb2JpbGUtZ2VzdHVyZXMvI2F1dG9tYXRpbmctbW9iaWxlLWdlc3R1cmVzLWZvci1pb3Mtd2l0aC13ZWJkcml2ZXJhZ2VudHhjdGVzdC1iYWNrZW5kIn19LHsiY2hhciI6Im8iLCJzdHlsZXMiOnsidW5kZXJsaW5lIjp0cnVlLCJjb2xvciI6IiMwMDM4ODQiLCJocmVmIjoiaHR0cHM6Ly9hcHBpdW0uaW8vZG9jcy9lbi93cml0aW5nLXJ1bm5pbmctYXBwaXVtL2lvcy9pb3MteGN0ZXN0LW1vYmlsZS1nZXN0dXJlcy8jYXV0b21hdGluZy1tb2JpbGUtZ2VzdHVyZXMtZm9yLWlvcy13aXRoLXdlYmRyaXZlcmFnZW50eGN0ZXN0LWJhY2tlbmQifX0seyJjaGFyIjoiYyIsInN0eWxlcyI6eyJ1bmRlcmxpbmUiOnRydWUsImNvbG9yIjoiIzAwMzg4NCIsImhyZWYiOiJodHRwczovL2FwcGl1bS5pby9kb2NzL2VuL3dyaXRpbmctcnVubmluZy1hcHBpdW0vaW9zL2lvcy14Y3Rlc3QtbW9iaWxlLWdlc3R1cmVzLyNhdXRvbWF0aW5nLW1vYmlsZS1nZXN0dXJlcy1mb3ItaW9zLXdpdGgtd2ViZHJpdmVyYWdlbnR4Y3Rlc3QtYmFja2VuZCJ9fSx7ImNoYXIiOiJzIiwic3R5bGVzIjp7InVuZGVybGluZSI6dHJ1ZSwiY29sb3IiOiIjMDAzODg0IiwiaHJlZiI6Imh0dHBzOi8vYXBwaXVtLmlvL2RvY3MvZW4vd3JpdGluZy1ydW5uaW5nLWFwcGl1bS9pb3MvaW9zLXhjdGVzdC1tb2JpbGUtZ2VzdHVyZXMvI2F1dG9tYXRpbmctbW9iaWxlLWdlc3R1cmVzLWZvci1pb3Mtd2l0aC13ZWJkcml2ZXJhZ2VudHhjdGVzdC1iYWNrZW5kIn19LHsiY2hhciI6Ii8iLCJzdHlsZXMiOnsidW5kZXJsaW5lIjp0cnVlLCJjb2xvciI6IiMwMDM4ODQiLCJocmVmIjoiaHR0cHM6Ly9hcHBpdW0uaW8vZG9jcy9lbi93cml0aW5nLXJ1bm5pbmctYXBwaXVtL2lvcy9pb3MteGN0ZXN0LW1vYmlsZS1nZXN0dXJlcy8jYXV0b21hdGluZy1tb2JpbGUtZ2VzdHVyZXMtZm9yLWlvcy13aXRoLXdlYmRyaXZlcmFnZW50eGN0ZXN0LWJhY2tlbmQifX0seyJjaGFyIjoiZSIsInN0eWxlcyI6eyJ1bmRlcmxpbmUiOnRydWUsImNvbG9yIjoiIzAwMzg4NCIsImhyZWYiOiJodHRwczovL2FwcGl1bS5pby9kb2NzL2VuL3dyaXRpbmctcnVubmluZy1hcHBpdW0vaW9zL2lvcy14Y3Rlc3QtbW9iaWxlLWdlc3R1cmVzLyNhdXRvbWF0aW5nLW1vYmlsZS1nZXN0dXJlcy1mb3ItaW9zLXdpdGgtd2ViZHJpdmVyYWdlbnR4Y3Rlc3QtYmFja2VuZCJ9fSx7ImNoYXIiOiJuIiwic3R5bGVzIjp7InVuZGVybGluZSI6dHJ1ZSwiY29sb3IiOiIjMDAzODg0IiwiaHJlZiI6Imh0dHBzOi8vYXBwaXVtLmlvL2RvY3MvZW4vd3JpdGluZy1ydW5uaW5nLWFwcGl1bS9pb3MvaW9zLXhjdGVzdC1tb2JpbGUtZ2VzdHVyZXMvI2F1dG9tYXRpbmctbW9iaWxlLWdlc3R1cmVzLWZvci1pb3Mtd2l0aC13ZWJkcml2ZXJhZ2VudHhjdGVzdC1iYWNrZW5kIn19LHsiY2hhciI6Ii8iLCJzdHlsZXMiOnsidW5kZXJsaW5lIjp0cnVlLCJjb2xvciI6IiMwMDM4ODQiLCJocmVmIjoiaHR0cHM6Ly9hcHBpdW0uaW8vZG9jcy9lbi93cml0aW5nLXJ1bm5pbmctYXBwaXVtL2lvcy9pb3MteGN0ZXN0LW1vYmlsZS1nZXN0dXJlcy8jYXV0b21hdGluZy1tb2JpbGUtZ2VzdHVyZXMtZm9yLWlvcy13aXRoLXdlYmRyaXZlcmFnZW50eGN0ZXN0LWJhY2tlbmQifX0seyJjaGFyIjoidyIsInN0eWxlcyI6eyJ1bmRlcmxpbmUiOnRydWUsImNvbG9yIjoiIzAwMzg4NCIsImhyZWYiOiJodHRwczovL2FwcGl1bS5pby9kb2NzL2VuL3dyaXRpbmctcnVubmluZy1hcHBpdW0vaW9zL2lvcy14Y3Rlc3QtbW9iaWxlLWdlc3R1cmVzLyNhdXRvbWF0aW5nLW1vYmlsZS1nZXN0dXJlcy1mb3ItaW9zLXdpdGgtd2ViZHJpdmVyYWdlbnR4Y3Rlc3QtYmFja2VuZCJ9fSx7ImNoYXIiOiJyIiwic3R5bGVzIjp7InVuZGVybGluZSI6dHJ1ZSwiY29sb3IiOiIjMDAzODg0IiwiaHJlZiI6Imh0dHBzOi8vYXBwaXVtLmlvL2RvY3MvZW4vd3JpdGluZy1ydW5uaW5nLWFwcGl1bS9pb3MvaW9zLXhjdGVzdC1tb2JpbGUtZ2VzdHVyZXMvI2F1dG9tYXRpbmctbW9iaWxlLWdlc3R1cmVzLWZvci1pb3Mtd2l0aC13ZWJkcml2ZXJhZ2VudHhjdGVzdC1iYWNrZW5kIn19LHsiY2hhciI6ImkiLCJzdHlsZXMiOnsidW5kZXJsaW5lIjp0cnVlLCJjb2xvciI6IiMwMDM4ODQiLCJocmVmIjoiaHR0cHM6Ly9hcHBpdW0uaW8vZG9jcy9lbi93cml0aW5nLXJ1bm5pbmctYXBwaXVtL2lvcy9pb3MteGN0ZXN0LW1vYmlsZS1nZXN0dXJlcy8jYXV0b21hdGluZy1tb2JpbGUtZ2VzdHVyZXMtZm9yLWlvcy13aXRoLXdlYmRyaXZlcmFnZW50eGN0ZXN0LWJhY2tlbmQifX0seyJjaGFyIjoidCIsInN0eWxlcyI6eyJ1bmRlcmxpbmUiOnRydWUsImNvbG9yIjoiIzAwMzg4NCIsImhyZWYiOiJodHRwczovL2FwcGl1bS5pby9kb2NzL2VuL3dyaXRpbmctcnVubmluZy1hcHBpdW0vaW9zL2lvcy14Y3Rlc3QtbW9iaWxlLWdlc3R1cmVzLyNhdXRvbWF0aW5nLW1vYmlsZS1nZXN0dXJlcy1mb3ItaW9zLXdpdGgtd2ViZHJpdmVyYWdlbnR4Y3Rlc3QtYmFja2VuZCJ9fSx7ImNoYXIiOiJpIiwic3R5bGVzIjp7InVuZGVybGluZSI6dHJ1ZSwiY29sb3IiOiIjMDAzODg0IiwiaHJlZiI6Imh0dHBzOi8vYXBwaXVtLmlvL2RvY3MvZW4vd3JpdGluZy1ydW5uaW5nLWFwcGl1bS9pb3MvaW9zLXhjdGVzdC1tb2JpbGUtZ2VzdHVyZXMvI2F1dG9tYXRpbmctbW9iaWxlLWdlc3R1cmVzLWZvci1pb3Mtd2l0aC13ZWJkcml2ZXJhZ2VudHhjdGVzdC1iYWNrZW5kIn19LHsiY2hhciI6Im4iLCJzdHlsZXMiOnsidW5kZXJsaW5lIjp0cnVlLCJjb2xvciI6IiMwMDM4ODQiLCJocmVmIjoiaHR0cHM6Ly9hcHBpdW0uaW8vZG9jcy9lbi93cml0aW5nLXJ1bm5pbmctYXBwaXVtL2lvcy9pb3MteGN0ZXN0LW1vYmlsZS1nZXN0dXJlcy8jYXV0b21hdGluZy1tb2JpbGUtZ2VzdHVyZXMtZm9yLWlvcy13aXRoLXdlYmRyaXZlcmFnZW50eGN0ZXN0LWJhY2tlbmQifX0seyJjaGFyIjoiZyIsInN0eWxlcyI6eyJ1bmRlcmxpbmUiOnRydWUsImNvbG9yIjoiIzAwMzg4NCIsImhyZWYiOiJodHRwczovL2FwcGl1bS5pby9kb2NzL2VuL3dyaXRpbmctcnVubmluZy1hcHBpdW0vaW9zL2lvcy14Y3Rlc3QtbW9iaWxlLWdlc3R1cmVzLyNhdXRvbWF0aW5nLW1vYmlsZS1nZXN0dXJlcy1mb3ItaW9zLXdpdGgtd2ViZHJpdmVyYWdlbnR4Y3Rlc3QtYmFja2VuZCJ9fSx7ImNoYXIiOiItIiwic3R5bGVzIjp7InVuZGVybGluZSI6dHJ1ZSwiY29sb3IiOiIjMDAzODg0IiwiaHJlZiI6Imh0dHBzOi8vYXBwaXVtLmlvL2RvY3MvZW4vd3JpdGluZy1ydW5uaW5nLWFwcGl1bS9pb3MvaW9zLXhjdGVzdC1tb2JpbGUtZ2VzdHVyZXMvI2F1dG9tYXRpbmctbW9iaWxlLWdlc3R1cmVzLWZvci1pb3Mtd2l0aC13ZWJkcml2ZXJhZ2VudHhjdGVzdC1iYWNrZW5kIn19LHsiY2hhciI6InIiLCJzdHlsZXMiOnsidW5kZXJsaW5lIjp0cnVlLCJjb2xvciI6IiMwMDM4ODQiLCJocmVmIjoiaHR0cHM6Ly9hcHBpdW0uaW8vZG9jcy9lbi93cml0aW5nLXJ1bm5pbmctYXBwaXVtL2lvcy9pb3MteGN0ZXN0LW1vYmlsZS1nZXN0dXJlcy8jYXV0b21hdGluZy1tb2JpbGUtZ2VzdHVyZXMtZm9yLWlvcy13aXRoLXdlYmRyaXZlcmFnZW50eGN0ZXN0LWJhY2tlbmQifX0seyJjaGFyIjoidSIsInN0eWxlcyI6eyJ1bmRlcmxpbmUiOnRydWUsImNvbG9yIjoiIzAwMzg4NCIsImhyZWYiOiJodHRwczovL2FwcGl1bS5pby9kb2NzL2VuL3dyaXRpbmctcnVubmluZy1hcHBpdW0vaW9zL2lvcy14Y3Rlc3QtbW9iaWxlLWdlc3R1cmVzLyNhdXRvbWF0aW5nLW1vYmlsZS1nZXN0dXJlcy1mb3ItaW9zLXdpdGgtd2ViZHJpdmVyYWdlbnR4Y3Rlc3QtYmFja2VuZCJ9fSx7ImNoYXIiOiJuIiwic3R5bGVzIjp7InVuZGVybGluZSI6dHJ1ZSwiY29sb3IiOiIjMDAzODg0IiwiaHJlZiI6Imh0dHBzOi8vYXBwaXVtLmlvL2RvY3MvZW4vd3JpdGluZy1ydW5uaW5nLWFwcGl1bS9pb3MvaW9zLXhjdGVzdC1tb2JpbGUtZ2VzdHVyZXMvI2F1dG9tYXRpbmctbW9iaWxlLWdlc3R1cmVzLWZvci1pb3Mtd2l0aC13ZWJkcml2ZXJhZ2VudHhjdGVzdC1iYWNrZW5kIn19LHsiY2hhciI6Im4iLCJzdHlsZXMiOnsidW5kZXJsaW5lIjp0cnVlLCJjb2xvciI6IiMwMDM4ODQiLCJocmVmIjoiaHR0cHM6Ly9hcHBpdW0uaW8vZG9jcy9lbi93cml0aW5nLXJ1bm5pbmctYXBwaXVtL2lvcy9pb3MteGN0ZXN0LW1vYmlsZS1nZXN0dXJlcy8jYXV0b21hdGluZy1tb2JpbGUtZ2VzdHVyZXMtZm9yLWlvcy13aXRoLXdlYmRyaXZlcmFnZW50eGN0ZXN0LWJhY2tlbmQifX0seyJjaGFyIjoiaSIsInN0eWxlcyI6eyJ1bmRlcmxpbmUiOnRydWUsImNvbG9yIjoiIzAwMzg4NCIsImhyZWYiOiJodHRwczovL2FwcGl1bS5pby9kb2NzL2VuL3dyaXRpbmctcnVubmluZy1hcHBpdW0vaW9zL2lvcy14Y3Rlc3QtbW9iaWxlLWdlc3R1cmVzLyNhdXRvbWF0aW5nLW1vYmlsZS1nZXN0dXJlcy1mb3ItaW9zLXdpdGgtd2ViZHJpdmVyYWdlbnR4Y3Rlc3QtYmFja2VuZCJ9fSx7ImNoYXIiOiJuIiwic3R5bGVzIjp7InVuZGVybGluZSI6dHJ1ZSwiY29sb3IiOiIjMDAzODg0IiwiaHJlZiI6Imh0dHBzOi8vYXBwaXVtLmlvL2RvY3MvZW4vd3JpdGluZy1ydW5uaW5nLWFwcGl1bS9pb3MvaW9zLXhjdGVzdC1tb2JpbGUtZ2VzdHVyZXMvI2F1dG9tYXRpbmctbW9iaWxlLWdlc3R1cmVzLWZvci1pb3Mtd2l0aC13ZWJkcml2ZXJhZ2VudHhjdGVzdC1iYWNrZW5kIn19LHsiY2hhciI6ImciLCJzdHlsZXMiOnsidW5kZXJsaW5lIjp0cnVlLCJjb2xvciI6IiMwMDM4ODQiLCJocmVmIjoiaHR0cHM6Ly9hcHBpdW0uaW8vZG9jcy9lbi93cml0aW5nLXJ1bm5pbmctYXBwaXVtL2lvcy9pb3MteGN0ZXN0LW1vYmlsZS1nZXN0dXJlcy8jYXV0b21hdGluZy1tb2JpbGUtZ2VzdHVyZXMtZm9yLWlvcy13aXRoLXdlYmRyaXZlcmFnZW50eGN0ZXN0LWJhY2tlbmQifX0seyJjaGFyIjoiLSIsInN0eWxlcyI6eyJ1bmRlcmxpbmUiOnRydWUsImNvbG9yIjoiIzAwMzg4NCIsImhyZWYiOiJodHRwczovL2FwcGl1bS5pby9kb2NzL2VuL3dyaXRpbmctcnVubmluZy1hcHBpdW0vaW9zL2lvcy14Y3Rlc3QtbW9iaWxlLWdlc3R1cmVzLyNhdXRvbWF0aW5nLW1vYmlsZS1nZXN0dXJlcy1mb3ItaW9zLXdpdGgtd2ViZHJpdmVyYWdlbnR4Y3Rlc3QtYmFja2VuZCJ9fSx7ImNoYXIiOiJhIiwic3R5bGVzIjp7InVuZGVybGluZSI6dHJ1ZSwiY29sb3IiOiIjMDAzODg0IiwiaHJlZiI6Imh0dHBzOi8vYXBwaXVtLmlvL2RvY3MvZW4vd3JpdGluZy1ydW5uaW5nLWFwcGl1bS9pb3MvaW9zLXhjdGVzdC1tb2JpbGUtZ2VzdHVyZXMvI2F1dG9tYXRpbmctbW9iaWxlLWdlc3R1cmVzLWZvci1pb3Mtd2l0aC13ZWJkcml2ZXJhZ2VudHhjdGVzdC1iYWNrZW5kIn19LHsiY2hhciI6InAiLCJzdHlsZXMiOnsidW5kZXJsaW5lIjp0cnVlLCJjb2xvciI6IiMwMDM4ODQiLCJocmVmIjoiaHR0cHM6Ly9hcHBpdW0uaW8vZG9jcy9lbi93cml0aW5nLXJ1bm5pbmctYXBwaXVtL2lvcy9pb3MteGN0ZXN0LW1vYmlsZS1nZXN0dXJlcy8jYXV0b21hdGluZy1tb2JpbGUtZ2VzdHVyZXMtZm9yLWlvcy13aXRoLXdlYmRyaXZlcmFnZW50eGN0ZXN0LWJhY2tlbmQifX0seyJjaGFyIjoicCIsInN0eWxlcyI6eyJ1bmRlcmxpbmUiOnRydWUsImNvbG9yIjoiIzAwMzg4NCIsImhyZWYiOiJodHRwczovL2FwcGl1bS5pby9kb2NzL2VuL3dyaXRpbmctcnVubmluZy1hcHBpdW0vaW9zL2lvcy14Y3Rlc3QtbW9iaWxlLWdlc3R1cmVzLyNhdXRvbWF0aW5nLW1vYmlsZS1nZXN0dXJlcy1mb3ItaW9zLXdpdGgtd2ViZHJpdmVyYWdlbnR4Y3Rlc3QtYmFja2VuZCJ9fSx7ImNoYXIiOiJpIiwic3R5bGVzIjp7InVuZGVybGluZSI6dHJ1ZSwiY29sb3IiOiIjMDAzODg0IiwiaHJlZiI6Imh0dHBzOi8vYXBwaXVtLmlvL2RvY3MvZW4vd3JpdGluZy1ydW5uaW5nLWFwcGl1bS9pb3MvaW9zLXhjdGVzdC1tb2JpbGUtZ2VzdHVyZXMvI2F1dG9tYXRpbmctbW9iaWxlLWdlc3R1cmVzLWZvci1pb3Mtd2l0aC13ZWJkcml2ZXJhZ2VudHhjdGVzdC1iYWNrZW5kIn19LHsiY2hhciI6InUiLCJzdHlsZXMiOnsidW5kZXJsaW5lIjp0cnVlLCJjb2xvciI6IiMwMDM4ODQiLCJocmVmIjoiaHR0cHM6Ly9hcHBpdW0uaW8vZG9jcy9lbi93cml0aW5nLXJ1bm5pbmctYXBwaXVtL2lvcy9pb3MteGN0ZXN0LW1vYmlsZS1nZXN0dXJlcy8jYXV0b21hdGluZy1tb2JpbGUtZ2VzdHVyZXMtZm9yLWlvcy13aXRoLXdlYmRyaXZlcmFnZW50eGN0ZXN0LWJhY2tlbmQifX0seyJjaGFyIjoibSIsInN0eWxlcyI6eyJ1bmRlcmxpbmUiOnRydWUsImNvbG9yIjoiIzAwMzg4NCIsImhyZWYiOiJodHRwczovL2FwcGl1bS5pby9kb2NzL2VuL3dyaXRpbmctcnVubmluZy1hcHBpdW0vaW9zL2lvcy14Y3Rlc3QtbW9iaWxlLWdlc3R1cmVzLyNhdXRvbWF0aW5nLW1vYmlsZS1nZXN0dXJlcy1mb3ItaW9zLXdpdGgtd2ViZHJpdmVyYWdlbnR4Y3Rlc3QtYmFja2VuZCJ9fSx7ImNoYXIiOiIvIiwic3R5bGVzIjp7InVuZGVybGluZSI6dHJ1ZSwiY29sb3IiOiIjMDAzODg0IiwiaHJlZiI6Imh0dHBzOi8vYXBwaXVtLmlvL2RvY3MvZW4vd3JpdGluZy1ydW5uaW5nLWFwcGl1bS9pb3MvaW9zLXhjdGVzdC1tb2JpbGUtZ2VzdHVyZXMvI2F1dG9tYXRpbmctbW9iaWxlLWdlc3R1cmVzLWZvci1pb3Mtd2l0aC13ZWJkcml2ZXJhZ2VudHhjdGVzdC1iYWNrZW5kIn19LHsiY2hhciI6ImkiLCJzdHlsZXMiOnsidW5kZXJsaW5lIjp0cnVlLCJjb2xvciI6IiMwMDM4ODQiLCJocmVmIjoiaHR0cHM6Ly9hcHBpdW0uaW8vZG9jcy9lbi93cml0aW5nLXJ1bm5pbmctYXBwaXVtL2lvcy9pb3MteGN0ZXN0LW1vYmlsZS1nZXN0dXJlcy8jYXV0b21hdGluZy1tb2JpbGUtZ2VzdHVyZXMtZm9yLWlvcy13aXRoLXdlYmRyaXZlcmFnZW50eGN0ZXN0LWJhY2tlbmQifX0seyJjaGFyIjoibyIsInN0eWxlcyI6eyJ1bmRlcmxpbmUiOnRydWUsImNvbG9yIjoiIzAwMzg4NCIsImhyZWYiOiJodHRwczovL2FwcGl1bS5pby9kb2NzL2VuL3dyaXRpbmctcnVubmluZy1hcHBpdW0vaW9zL2lvcy14Y3Rlc3QtbW9iaWxlLWdlc3R1cmVzLyNhdXRvbWF0aW5nLW1vYmlsZS1nZXN0dXJlcy1mb3ItaW9zLXdpdGgtd2ViZHJpdmVyYWdlbnR4Y3Rlc3QtYmFja2VuZCJ9fSx7ImNoYXIiOiJzIiwic3R5bGVzIjp7InVuZGVybGluZSI6dHJ1ZSwiY29sb3IiOiIjMDAzODg0IiwiaHJlZiI6Imh0dHBzOi8vYXBwaXVtLmlvL2RvY3MvZW4vd3JpdGluZy1ydW5uaW5nLWFwcGl1bS9pb3MvaW9zLXhjdGVzdC1tb2JpbGUtZ2VzdHVyZXMvI2F1dG9tYXRpbmctbW9iaWxlLWdlc3R1cmVzLWZvci1pb3Mtd2l0aC13ZWJkcml2ZXJhZ2VudHhjdGVzdC1iYWNrZW5kIn19LHsiY2hhciI6Ii8iLCJzdHlsZXMiOnsidW5kZXJsaW5lIjp0cnVlLCJjb2xvciI6IiMwMDM4ODQiLCJocmVmIjoiaHR0cHM6Ly9hcHBpdW0uaW8vZG9jcy9lbi93cml0aW5nLXJ1bm5pbmctYXBwaXVtL2lvcy9pb3MteGN0ZXN0LW1vYmlsZS1nZXN0dXJlcy8jYXV0b21hdGluZy1tb2JpbGUtZ2VzdHVyZXMtZm9yLWlvcy13aXRoLXdlYmRyaXZlcmFnZW50eGN0ZXN0LWJhY2tlbmQifX0seyJjaGFyIjoiaSIsInN0eWxlcyI6eyJ1bmRlcmxpbmUiOnRydWUsImNvbG9yIjoiIzAwMzg4NCIsImhyZWYiOiJodHRwczovL2FwcGl1bS5pby9kb2NzL2VuL3dyaXRpbmctcnVubmluZy1hcHBpdW0vaW9zL2lvcy14Y3Rlc3QtbW9iaWxlLWdlc3R1cmVzLyNhdXRvbWF0aW5nLW1vYmlsZS1nZXN0dXJlcy1mb3ItaW9zLXdpdGgtd2ViZHJpdmVyYWdlbnR4Y3Rlc3QtYmFja2VuZCJ9fSx7ImNoYXIiOiJvIiwic3R5bGVzIjp7InVuZGVybGluZSI6dHJ1ZSwiY29sb3IiOiIjMDAzODg0IiwiaHJlZiI6Imh0dHBzOi8vYXBwaXVtLmlvL2RvY3MvZW4vd3JpdGluZy1ydW5uaW5nLWFwcGl1bS9pb3MvaW9zLXhjdGVzdC1tb2JpbGUtZ2VzdHVyZXMvI2F1dG9tYXRpbmctbW9iaWxlLWdlc3R1cmVzLWZvci1pb3Mtd2l0aC13ZWJkcml2ZXJhZ2VudHhjdGVzdC1iYWNrZW5kIn19LHsiY2hhciI6InMiLCJzdHlsZXMiOnsidW5kZXJsaW5lIjp0cnVlLCJjb2xvciI6IiMwMDM4ODQiLCJocmVmIjoiaHR0cHM6Ly9hcHBpdW0uaW8vZG9jcy9lbi93cml0aW5nLXJ1bm5pbmctYXBwaXVtL2lvcy9pb3MteGN0ZXN0LW1vYmlsZS1nZXN0dXJlcy8jYXV0b21hdGluZy1tb2JpbGUtZ2VzdHVyZXMtZm9yLWlvcy13aXRoLXdlYmRyaXZlcmFnZW50eGN0ZXN0LWJhY2tlbmQifX0seyJjaGFyIjoiLSIsInN0eWxlcyI6eyJ1bmRlcmxpbmUiOnRydWUsImNvbG9yIjoiIzAwMzg4NCIsImhyZWYiOiJodHRwczovL2FwcGl1bS5pby9kb2NzL2VuL3dyaXRpbmctcnVubmluZy1hcHBpdW0vaW9zL2lvcy14Y3Rlc3QtbW9iaWxlLWdlc3R1cmVzLyNhdXRvbWF0aW5nLW1vYmlsZS1nZXN0dXJlcy1mb3ItaW9zLXdpdGgtd2ViZHJpdmVyYWdlbnR4Y3Rlc3QtYmFja2VuZCJ9fSx7ImNoYXIiOiJ4Iiwic3R5bGVzIjp7InVuZGVybGluZSI6dHJ1ZSwiY29sb3IiOiIjMDAzODg0IiwiaHJlZiI6Imh0dHBzOi8vYXBwaXVtLmlvL2RvY3MvZW4vd3JpdGluZy1ydW5uaW5nLWFwcGl1bS9pb3MvaW9zLXhjdGVzdC1tb2JpbGUtZ2VzdHVyZXMvI2F1dG9tYXRpbmctbW9iaWxlLWdlc3R1cmVzLWZvci1pb3Mtd2l0aC13ZWJkcml2ZXJhZ2VudHhjdGVzdC1iYWNrZW5kIn19LHsiY2hhciI6ImMiLCJzdHlsZXMiOnsidW5kZXJsaW5lIjp0cnVlLCJjb2xvciI6IiMwMDM4ODQiLCJocmVmIjoiaHR0cHM6Ly9hcHBpdW0uaW8vZG9jcy9lbi93cml0aW5nLXJ1bm5pbmctYXBwaXVtL2lvcy9pb3MteGN0ZXN0LW1vYmlsZS1nZXN0dXJlcy8jYXV0b21hdGluZy1tb2JpbGUtZ2VzdHVyZXMtZm9yLWlvcy13aXRoLXdlYmRyaXZlcmFnZW50eGN0ZXN0LWJhY2tlbmQifX0seyJjaGFyIjoidCIsInN0eWxlcyI6eyJ1bmRlcmxpbmUiOnRydWUsImNvbG9yIjoiIzAwMzg4NCIsImhyZWYiOiJodHRwczovL2FwcGl1bS5pby9kb2NzL2VuL3dyaXRpbmctcnVubmluZy1hcHBpdW0vaW9zL2lvcy14Y3Rlc3QtbW9iaWxlLWdlc3R1cmVzLyNhdXRvbWF0aW5nLW1vYmlsZS1nZXN0dXJlcy1mb3ItaW9zLXdpdGgtd2ViZHJpdmVyYWdlbnR4Y3Rlc3QtYmFja2VuZCJ9fSx7ImNoYXIiOiJlIiwic3R5bGVzIjp7InVuZGVybGluZSI6dHJ1ZSwiY29sb3IiOiIjMDAzODg0IiwiaHJlZiI6Imh0dHBzOi8vYXBwaXVtLmlvL2RvY3MvZW4vd3JpdGluZy1ydW5uaW5nLWFwcGl1bS9pb3MvaW9zLXhjdGVzdC1tb2JpbGUtZ2VzdHVyZXMvI2F1dG9tYXRpbmctbW9iaWxlLWdlc3R1cmVzLWZvci1pb3Mtd2l0aC13ZWJkcml2ZXJhZ2VudHhjdGVzdC1iYWNrZW5kIn19LHsiY2hhciI6InMiLCJzdHlsZXMiOnsidW5kZXJsaW5lIjp0cnVlLCJjb2xvciI6IiMwMDM4ODQiLCJocmVmIjoiaHR0cHM6Ly9hcHBpdW0uaW8vZG9jcy9lbi93cml0aW5nLXJ1bm5pbmctYXBwaXVtL2lvcy9pb3MteGN0ZXN0LW1vYmlsZS1nZXN0dXJlcy8jYXV0b21hdGluZy1tb2JpbGUtZ2VzdHVyZXMtZm9yLWlvcy13aXRoLXdlYmRyaXZlcmFnZW50eGN0ZXN0LWJhY2tlbmQifX0seyJjaGFyIjoidCIsInN0eWxlcyI6eyJ1bmRlcmxpbmUiOnRydWUsImNvbG9yIjoiIzAwMzg4NCIsImhyZWYiOiJodHRwczovL2FwcGl1bS5pby9kb2NzL2VuL3dyaXRpbmctcnVubmluZy1hcHBpdW0vaW9zL2lvcy14Y3Rlc3QtbW9iaWxlLWdlc3R1cmVzLyNhdXRvbWF0aW5nLW1vYmlsZS1nZXN0dXJlcy1mb3ItaW9zLXdpdGgtd2ViZHJpdmVyYWdlbnR4Y3Rlc3QtYmFja2VuZCJ9fSx7ImNoYXIiOiItIiwic3R5bGVzIjp7InVuZGVybGluZSI6dHJ1ZSwiY29sb3IiOiIjMDAzODg0IiwiaHJlZiI6Imh0dHBzOi8vYXBwaXVtLmlvL2RvY3MvZW4vd3JpdGluZy1ydW5uaW5nLWFwcGl1bS9pb3MvaW9zLXhjdGVzdC1tb2JpbGUtZ2VzdHVyZXMvI2F1dG9tYXRpbmctbW9iaWxlLWdlc3R1cmVzLWZvci1pb3Mtd2l0aC13ZWJkcml2ZXJhZ2VudHhjdGVzdC1iYWNrZW5kIn19LHsiY2hhciI6Im0iLCJzdHlsZXMiOnsidW5kZXJsaW5lIjp0cnVlLCJjb2xvciI6IiMwMDM4ODQiLCJocmVmIjoiaHR0cHM6Ly9hcHBpdW0uaW8vZG9jcy9lbi93cml0aW5nLXJ1bm5pbmctYXBwaXVtL2lvcy9pb3MteGN0ZXN0LW1vYmlsZS1nZXN0dXJlcy8jYXV0b21hdGluZy1tb2JpbGUtZ2VzdHVyZXMtZm9yLWlvcy13aXRoLXdlYmRyaXZlcmFnZW50eGN0ZXN0LWJhY2tlbmQifX0seyJjaGFyIjoibyIsInN0eWxlcyI6eyJ1bmRlcmxpbmUiOnRydWUsImNvbG9yIjoiIzAwMzg4NCIsImhyZWYiOiJodHRwczovL2FwcGl1bS5pby9kb2NzL2VuL3dyaXRpbmctcnVubmluZy1hcHBpdW0vaW9zL2lvcy14Y3Rlc3QtbW9iaWxlLWdlc3R1cmVzLyNhdXRvbWF0aW5nLW1vYmlsZS1nZXN0dXJlcy1mb3ItaW9zLXdpdGgtd2ViZHJpdmVyYWdlbnR4Y3Rlc3QtYmFja2VuZCJ9fSx7ImNoYXIiOiJiIiwic3R5bGVzIjp7InVuZGVybGluZSI6dHJ1ZSwiY29sb3IiOiIjMDAzODg0IiwiaHJlZiI6Imh0dHBzOi8vYXBwaXVtLmlvL2RvY3MvZW4vd3JpdGluZy1ydW5uaW5nLWFwcGl1bS9pb3MvaW9zLXhjdGVzdC1tb2JpbGUtZ2VzdHVyZXMvI2F1dG9tYXRpbmctbW9iaWxlLWdlc3R1cmVzLWZvci1pb3Mtd2l0aC13ZWJkcml2ZXJhZ2VudHhjdGVzdC1iYWNrZW5kIn19LHsiY2hhciI6ImkiLCJzdHlsZXMiOnsidW5kZXJsaW5lIjp0cnVlLCJjb2xvciI6IiMwMDM4ODQiLCJocmVmIjoiaHR0cHM6Ly9hcHBpdW0uaW8vZG9jcy9lbi93cml0aW5nLXJ1bm5pbmctYXBwaXVtL2lvcy9pb3MteGN0ZXN0LW1vYmlsZS1nZXN0dXJlcy8jYXV0b21hdGluZy1tb2JpbGUtZ2VzdHVyZXMtZm9yLWlvcy13aXRoLXdlYmRyaXZlcmFnZW50eGN0ZXN0LWJhY2tlbmQifX0seyJjaGFyIjoibCIsInN0eWxlcyI6eyJ1bmRlcmxpbmUiOnRydWUsImNvbG9yIjoiIzAwMzg4NCIsImhyZWYiOiJodHRwczovL2FwcGl1bS5pby9kb2NzL2VuL3dyaXRpbmctcnVubmluZy1hcHBpdW0vaW9zL2lvcy14Y3Rlc3QtbW9iaWxlLWdlc3R1cmVzLyNhdXRvbWF0aW5nLW1vYmlsZS1nZXN0dXJlcy1mb3ItaW9zLXdpdGgtd2ViZHJpdmVyYWdlbnR4Y3Rlc3QtYmFja2VuZCJ9fSx7ImNoYXIiOiJlIiwic3R5bGVzIjp7InVuZGVybGluZSI6dHJ1ZSwiY29sb3IiOiIjMDAzODg0IiwiaHJlZiI6Imh0dHBzOi8vYXBwaXVtLmlvL2RvY3MvZW4vd3JpdGluZy1ydW5uaW5nLWFwcGl1bS9pb3MvaW9zLXhjdGVzdC1tb2JpbGUtZ2VzdHVyZXMvI2F1dG9tYXRpbmctbW9iaWxlLWdlc3R1cmVzLWZvci1pb3Mtd2l0aC13ZWJkcml2ZXJhZ2VudHhjdGVzdC1iYWNrZW5kIn19LHsiY2hhciI6Ii0iLCJzdHlsZXMiOnsidW5kZXJsaW5lIjp0cnVlLCJjb2xvciI6IiMwMDM4ODQiLCJocmVmIjoiaHR0cHM6Ly9hcHBpdW0uaW8vZG9jcy9lbi93cml0aW5nLXJ1bm5pbmctYXBwaXVtL2lvcy9pb3MteGN0ZXN0LW1vYmlsZS1nZXN0dXJlcy8jYXV0b21hdGluZy1tb2JpbGUtZ2VzdHVyZXMtZm9yLWlvcy13aXRoLXdlYmRyaXZlcmFnZW50eGN0ZXN0LWJhY2tlbmQifX0seyJjaGFyIjoiZyIsInN0eWxlcyI6eyJ1bmRlcmxpbmUiOnRydWUsImNvbG9yIjoiIzAwMzg4NCIsImhyZWYiOiJodHRwczovL2FwcGl1bS5pby9kb2NzL2VuL3dyaXRpbmctcnVubmluZy1hcHBpdW0vaW9zL2lvcy14Y3Rlc3QtbW9iaWxlLWdlc3R1cmVzLyNhdXRvbWF0aW5nLW1vYmlsZS1nZXN0dXJlcy1mb3ItaW9zLXdpdGgtd2ViZHJpdmVyYWdlbnR4Y3Rlc3QtYmFja2VuZCJ9fSx7ImNoYXIiOiJlIiwic3R5bGVzIjp7InVuZGVybGluZSI6dHJ1ZSwiY29sb3IiOiIjMDAzODg0IiwiaHJlZiI6Imh0dHBzOi8vYXBwaXVtLmlvL2RvY3MvZW4vd3JpdGluZy1ydW5uaW5nLWFwcGl1bS9pb3MvaW9zLXhjdGVzdC1tb2JpbGUtZ2VzdHVyZXMvI2F1dG9tYXRpbmctbW9iaWxlLWdlc3R1cmVzLWZvci1pb3Mtd2l0aC13ZWJkcml2ZXJhZ2VudHhjdGVzdC1iYWNrZW5kIn19LHsiY2hhciI6InMiLCJzdHlsZXMiOnsidW5kZXJsaW5lIjp0cnVlLCJjb2xvciI6IiMwMDM4ODQiLCJocmVmIjoiaHR0cHM6Ly9hcHBpdW0uaW8vZG9jcy9lbi93cml0aW5nLXJ1bm5pbmctYXBwaXVtL2lvcy9pb3MteGN0ZXN0LW1vYmlsZS1nZXN0dXJlcy8jYXV0b21hdGluZy1tb2JpbGUtZ2VzdHVyZXMtZm9yLWlvcy13aXRoLXdlYmRyaXZlcmFnZW50eGN0ZXN0LWJhY2tlbmQifX0seyJjaGFyIjoidCIsInN0eWxlcyI6eyJ1bmRlcmxpbmUiOnRydWUsImNvbG9yIjoiIzAwMzg4NCIsImhyZWYiOiJodHRwczovL2FwcGl1bS5pby9kb2NzL2VuL3dyaXRpbmctcnVubmluZy1hcHBpdW0vaW9zL2lvcy14Y3Rlc3QtbW9iaWxlLWdlc3R1cmVzLyNhdXRvbWF0aW5nLW1vYmlsZS1nZXN0dXJlcy1mb3ItaW9zLXdpdGgtd2ViZHJpdmVyYWdlbnR4Y3Rlc3QtYmFja2VuZCJ9fSx7ImNoYXIiOiJ1Iiwic3R5bGVzIjp7InVuZGVybGluZSI6dHJ1ZSwiY29sb3IiOiIjMDAzODg0IiwiaHJlZiI6Imh0dHBzOi8vYXBwaXVtLmlvL2RvY3MvZW4vd3JpdGluZy1ydW5uaW5nLWFwcGl1bS9pb3MvaW9zLXhjdGVzdC1tb2JpbGUtZ2VzdHVyZXMvI2F1dG9tYXRpbmctbW9iaWxlLWdlc3R1cmVzLWZvci1pb3Mtd2l0aC13ZWJkcml2ZXJhZ2VudHhjdGVzdC1iYWNrZW5kIn19LHsiY2hhciI6InIiLCJzdHlsZXMiOnsidW5kZXJsaW5lIjp0cnVlLCJjb2xvciI6IiMwMDM4ODQiLCJocmVmIjoiaHR0cHM6Ly9hcHBpdW0uaW8vZG9jcy9lbi93cml0aW5nLXJ1bm5pbmctYXBwaXVtL2lvcy9pb3MteGN0ZXN0LW1vYmlsZS1nZXN0dXJlcy8jYXV0b21hdGluZy1tb2JpbGUtZ2VzdHVyZXMtZm9yLWlvcy13aXRoLXdlYmRyaXZlcmFnZW50eGN0ZXN0LWJhY2tlbmQifX0seyJjaGFyIjoiZSIsInN0eWxlcyI6eyJ1bmRlcmxpbmUiOnRydWUsImNvbG9yIjoiIzAwMzg4NCIsImhyZWYiOiJodHRwczovL2FwcGl1bS5pby9kb2NzL2VuL3dyaXRpbmctcnVubmluZy1hcHBpdW0vaW9zL2lvcy14Y3Rlc3QtbW9iaWxlLWdlc3R1cmVzLyNhdXRvbWF0aW5nLW1vYmlsZS1nZXN0dXJlcy1mb3ItaW9zLXdpdGgtd2ViZHJpdmVyYWdlbnR4Y3Rlc3QtYmFja2VuZCJ9fSx7ImNoYXIiOiJzIiwic3R5bGVzIjp7InVuZGVybGluZSI6dHJ1ZSwiY29sb3IiOiIjMDAzODg0IiwiaHJlZiI6Imh0dHBzOi8vYXBwaXVtLmlvL2RvY3MvZW4vd3JpdGluZy1ydW5uaW5nLWFwcGl1bS9pb3MvaW9zLXhjdGVzdC1tb2JpbGUtZ2VzdHVyZXMvI2F1dG9tYXRpbmctbW9iaWxlLWdlc3R1cmVzLWZvci1pb3Mtd2l0aC13ZWJkcml2ZXJhZ2VudHhjdGVzdC1iYWNrZW5kIn19LHsiY2hhciI6Ii8iLCJzdHlsZXMiOnsidW5kZXJsaW5lIjp0cnVlLCJjb2xvciI6IiMwMDM4ODQiLCJocmVmIjoiaHR0cHM6Ly9hcHBpdW0uaW8vZG9jcy9lbi93cml0aW5nLXJ1bm5pbmctYXBwaXVtL2lvcy9pb3MteGN0ZXN0LW1vYmlsZS1nZXN0dXJlcy8jYXV0b21hdGluZy1tb2JpbGUtZ2VzdHVyZXMtZm9yLWlvcy13aXRoLXdlYmRyaXZlcmFnZW50eGN0ZXN0LWJhY2tlbmQifX0seyJjaGFyIjoiIyIsInN0eWxlcyI6eyJ1bmRlcmxpbmUiOnRydWUsImNvbG9yIjoiIzAwMzg4NCIsImhyZWYiOiJodHRwczovL2FwcGl1bS5pby9kb2NzL2VuL3dyaXRpbmctcnVubmluZy1hcHBpdW0vaW9zL2lvcy14Y3Rlc3QtbW9iaWxlLWdlc3R1cmVzLyNhdXRvbWF0aW5nLW1vYmlsZS1nZXN0dXJlcy1mb3ItaW9zLXdpdGgtd2ViZHJpdmVyYWdlbnR4Y3Rlc3QtYmFja2VuZCJ9fSx7ImNoYXIiOiJhIiwic3R5bGVzIjp7InVuZGVybGluZSI6dHJ1ZSwiY29sb3IiOiIjMDAzODg0IiwiaHJlZiI6Imh0dHBzOi8vYXBwaXVtLmlvL2RvY3MvZW4vd3JpdGluZy1ydW5uaW5nLWFwcGl1bS9pb3MvaW9zLXhjdGVzdC1tb2JpbGUtZ2VzdHVyZXMvI2F1dG9tYXRpbmctbW9iaWxlLWdlc3R1cmVzLWZvci1pb3Mtd2l0aC13ZWJkcml2ZXJhZ2VudHhjdGVzdC1iYWNrZW5kIn19LHsiY2hhciI6InUiLCJzdHlsZXMiOnsidW5kZXJsaW5lIjp0cnVlLCJjb2xvciI6IiMwMDM4ODQiLCJocmVmIjoiaHR0cHM6Ly9hcHBpdW0uaW8vZG9jcy9lbi93cml0aW5nLXJ1bm5pbmctYXBwaXVtL2lvcy9pb3MteGN0ZXN0LW1vYmlsZS1nZXN0dXJlcy8jYXV0b21hdGluZy1tb2JpbGUtZ2VzdHVyZXMtZm9yLWlvcy13aXRoLXdlYmRyaXZlcmFnZW50eGN0ZXN0LWJhY2tlbmQifX0seyJjaGFyIjoidCIsInN0eWxlcyI6eyJ1bmRlcmxpbmUiOnRydWUsImNvbG9yIjoiIzAwMzg4NCIsImhyZWYiOiJodHRwczovL2FwcGl1bS5pby9kb2NzL2VuL3dyaXRpbmctcnVubmluZy1hcHBpdW0vaW9zL2lvcy14Y3Rlc3QtbW9iaWxlLWdlc3R1cmVzLyNhdXRvbWF0aW5nLW1vYmlsZS1nZXN0dXJlcy1mb3ItaW9zLXdpdGgtd2ViZHJpdmVyYWdlbnR4Y3Rlc3QtYmFja2VuZCJ9fSx7ImNoYXIiOiJvIiwic3R5bGVzIjp7InVuZGVybGluZSI6dHJ1ZSwiY29sb3IiOiIjMDAzODg0IiwiaHJlZiI6Imh0dHBzOi8vYXBwaXVtLmlvL2RvY3MvZW4vd3JpdGluZy1ydW5uaW5nLWFwcGl1bS9pb3MvaW9zLXhjdGVzdC1tb2JpbGUtZ2VzdHVyZXMvI2F1dG9tYXRpbmctbW9iaWxlLWdlc3R1cmVzLWZvci1pb3Mtd2l0aC13ZWJkcml2ZXJhZ2VudHhjdGVzdC1iYWNrZW5kIn19LHsiY2hhciI6Im0iLCJzdHlsZXMiOnsidW5kZXJsaW5lIjp0cnVlLCJjb2xvciI6IiMwMDM4ODQiLCJocmVmIjoiaHR0cHM6Ly9hcHBpdW0uaW8vZG9jcy9lbi93cml0aW5nLXJ1bm5pbmctYXBwaXVtL2lvcy9pb3MteGN0ZXN0LW1vYmlsZS1nZXN0dXJlcy8jYXV0b21hdGluZy1tb2JpbGUtZ2VzdHVyZXMtZm9yLWlvcy13aXRoLXdlYmRyaXZlcmFnZW50eGN0ZXN0LWJhY2tlbmQifX0seyJjaGFyIjoiYSIsInN0eWxlcyI6eyJ1bmRlcmxpbmUiOnRydWUsImNvbG9yIjoiIzAwMzg4NCIsImhyZWYiOiJodHRwczovL2FwcGl1bS5pby9kb2NzL2VuL3dyaXRpbmctcnVubmluZy1hcHBpdW0vaW9zL2lvcy14Y3Rlc3QtbW9iaWxlLWdlc3R1cmVzLyNhdXRvbWF0aW5nLW1vYmlsZS1nZXN0dXJlcy1mb3ItaW9zLXdpdGgtd2ViZHJpdmVyYWdlbnR4Y3Rlc3QtYmFja2VuZCJ9fSx7ImNoYXIiOiJ0Iiwic3R5bGVzIjp7InVuZGVybGluZSI6dHJ1ZSwiY29sb3IiOiIjMDAzODg0IiwiaHJlZiI6Imh0dHBzOi8vYXBwaXVtLmlvL2RvY3MvZW4vd3JpdGluZy1ydW5uaW5nLWFwcGl1bS9pb3MvaW9zLXhjdGVzdC1tb2JpbGUtZ2VzdHVyZXMvI2F1dG9tYXRpbmctbW9iaWxlLWdlc3R1cmVzLWZvci1pb3Mtd2l0aC13ZWJkcml2ZXJhZ2VudHhjdGVzdC1iYWNrZW5kIn19LHsiY2hhciI6ImkiLCJzdHlsZXMiOnsidW5kZXJsaW5lIjp0cnVlLCJjb2xvciI6IiMwMDM4ODQiLCJocmVmIjoiaHR0cHM6Ly9hcHBpdW0uaW8vZG9jcy9lbi93cml0aW5nLXJ1bm5pbmctYXBwaXVtL2lvcy9pb3MteGN0ZXN0LW1vYmlsZS1nZXN0dXJlcy8jYXV0b21hdGluZy1tb2JpbGUtZ2VzdHVyZXMtZm9yLWlvcy13aXRoLXdlYmRyaXZlcmFnZW50eGN0ZXN0LWJhY2tlbmQifX0seyJjaGFyIjoibiIsInN0eWxlcyI6eyJ1bmRlcmxpbmUiOnRydWUsImNvbG9yIjoiIzAwMzg4NCIsImhyZWYiOiJodHRwczovL2FwcGl1bS5pby9kb2NzL2VuL3dyaXRpbmctcnVubmluZy1hcHBpdW0vaW9zL2lvcy14Y3Rlc3QtbW9iaWxlLWdlc3R1cmVzLyNhdXRvbWF0aW5nLW1vYmlsZS1nZXN0dXJlcy1mb3ItaW9zLXdpdGgtd2ViZHJpdmVyYWdlbnR4Y3Rlc3QtYmFja2VuZCJ9fSx7ImNoYXIiOiJnIiwic3R5bGVzIjp7InVuZGVybGluZSI6dHJ1ZSwiY29sb3IiOiIjMDAzODg0IiwiaHJlZiI6Imh0dHBzOi8vYXBwaXVtLmlvL2RvY3MvZW4vd3JpdGluZy1ydW5uaW5nLWFwcGl1bS9pb3MvaW9zLXhjdGVzdC1tb2JpbGUtZ2VzdHVyZXMvI2F1dG9tYXRpbmctbW9iaWxlLWdlc3R1cmVzLWZvci1pb3Mtd2l0aC13ZWJkcml2ZXJhZ2VudHhjdGVzdC1iYWNrZW5kIn19LHsiY2hhciI6Ii0iLCJzdHlsZXMiOnsidW5kZXJsaW5lIjp0cnVlLCJjb2xvciI6IiMwMDM4ODQiLCJocmVmIjoiaHR0cHM6Ly9hcHBpdW0uaW8vZG9jcy9lbi93cml0aW5nLXJ1bm5pbmctYXBwaXVtL2lvcy9pb3MteGN0ZXN0LW1vYmlsZS1nZXN0dXJlcy8jYXV0b21hdGluZy1tb2JpbGUtZ2VzdHVyZXMtZm9yLWlvcy13aXRoLXdlYmRyaXZlcmFnZW50eGN0ZXN0LWJhY2tlbmQifX0seyJjaGFyIjoibSIsInN0eWxlcyI6eyJ1bmRlcmxpbmUiOnRydWUsImNvbG9yIjoiIzAwMzg4NCIsImhyZWYiOiJodHRwczovL2FwcGl1bS5pby9kb2NzL2VuL3dyaXRpbmctcnVubmluZy1hcHBpdW0vaW9zL2lvcy14Y3Rlc3QtbW9iaWxlLWdlc3R1cmVzLyNhdXRvbWF0aW5nLW1vYmlsZS1nZXN0dXJlcy1mb3ItaW9zLXdpdGgtd2ViZHJpdmVyYWdlbnR4Y3Rlc3QtYmFja2VuZCJ9fSx7ImNoYXIiOiJvIiwic3R5bGVzIjp7InVuZGVybGluZSI6dHJ1ZSwiY29sb3IiOiIjMDAzODg0IiwiaHJlZiI6Imh0dHBzOi8vYXBwaXVtLmlvL2RvY3MvZW4vd3JpdGluZy1ydW5uaW5nLWFwcGl1bS9pb3MvaW9zLXhjdGVzdC1tb2JpbGUtZ2VzdHVyZXMvI2F1dG9tYXRpbmctbW9iaWxlLWdlc3R1cmVzLWZvci1pb3Mtd2l0aC13ZWJkcml2ZXJhZ2VudHhjdGVzdC1iYWNrZW5kIn19LHsiY2hhciI6ImIiLCJzdHlsZXMiOnsidW5kZXJsaW5lIjp0cnVlLCJjb2xvciI6IiMwMDM4ODQiLCJocmVmIjoiaHR0cHM6Ly9hcHBpdW0uaW8vZG9jcy9lbi93cml0aW5nLXJ1bm5pbmctYXBwaXVtL2lvcy9pb3MteGN0ZXN0LW1vYmlsZS1nZXN0dXJlcy8jYXV0b21hdGluZy1tb2JpbGUtZ2VzdHVyZXMtZm9yLWlvcy13aXRoLXdlYmRyaXZlcmFnZW50eGN0ZXN0LWJhY2tlbmQifX0seyJjaGFyIjoiaSIsInN0eWxlcyI6eyJ1bmRlcmxpbmUiOnRydWUsImNvbG9yIjoiIzAwMzg4NCIsImhyZWYiOiJodHRwczovL2FwcGl1bS5pby9kb2NzL2VuL3dyaXRpbmctcnVubmluZy1hcHBpdW0vaW9zL2lvcy14Y3Rlc3QtbW9iaWxlLWdlc3R1cmVzLyNhdXRvbWF0aW5nLW1vYmlsZS1nZXN0dXJlcy1mb3ItaW9zLXdpdGgtd2ViZHJpdmVyYWdlbnR4Y3Rlc3QtYmFja2VuZCJ9fSx7ImNoYXIiOiJsIiwic3R5bGVzIjp7InVuZGVybGluZSI6dHJ1ZSwiY29sb3IiOiIjMDAzODg0IiwiaHJlZiI6Imh0dHBzOi8vYXBwaXVtLmlvL2RvY3MvZW4vd3JpdGluZy1ydW5uaW5nLWFwcGl1bS9pb3MvaW9zLXhjdGVzdC1tb2JpbGUtZ2VzdHVyZXMvI2F1dG9tYXRpbmctbW9iaWxlLWdlc3R1cmVzLWZvci1pb3Mtd2l0aC13ZWJkcml2ZXJhZ2VudHhjdGVzdC1iYWNrZW5kIn19LHsiY2hhciI6ImUiLCJzdHlsZXMiOnsidW5kZXJsaW5lIjp0cnVlLCJjb2xvciI6IiMwMDM4ODQiLCJocmVmIjoiaHR0cHM6Ly9hcHBpdW0uaW8vZG9jcy9lbi93cml0aW5nLXJ1bm5pbmctYXBwaXVtL2lvcy9pb3MteGN0ZXN0LW1vYmlsZS1nZXN0dXJlcy8jYXV0b21hdGluZy1tb2JpbGUtZ2VzdHVyZXMtZm9yLWlvcy13aXRoLXdlYmRyaXZlcmFnZW50eGN0ZXN0LWJhY2tlbmQifX0seyJjaGFyIjoiLSIsInN0eWxlcyI6eyJ1bmRlcmxpbmUiOnRydWUsImNvbG9yIjoiIzAwMzg4NCIsImhyZWYiOiJodHRwczovL2FwcGl1bS5pby9kb2NzL2VuL3dyaXRpbmctcnVubmluZy1hcHBpdW0vaW9zL2lvcy14Y3Rlc3QtbW9iaWxlLWdlc3R1cmVzLyNhdXRvbWF0aW5nLW1vYmlsZS1nZXN0dXJlcy1mb3ItaW9zLXdpdGgtd2ViZHJpdmVyYWdlbnR4Y3Rlc3QtYmFja2VuZCJ9fSx7ImNoYXIiOiJnIiwic3R5bGVzIjp7InVuZGVybGluZSI6dHJ1ZSwiY29sb3IiOiIjMDAzODg0IiwiaHJlZiI6Imh0dHBzOi8vYXBwaXVtLmlvL2RvY3MvZW4vd3JpdGluZy1ydW5uaW5nLWFwcGl1bS9pb3MvaW9zLXhjdGVzdC1tb2JpbGUtZ2VzdHVyZXMvI2F1dG9tYXRpbmctbW9iaWxlLWdlc3R1cmVzLWZvci1pb3Mtd2l0aC13ZWJkcml2ZXJhZ2VudHhjdGVzdC1iYWNrZW5kIn19LHsiY2hhciI6ImUiLCJzdHlsZXMiOnsidW5kZXJsaW5lIjp0cnVlLCJjb2xvciI6IiMwMDM4ODQiLCJocmVmIjoiaHR0cHM6Ly9hcHBpdW0uaW8vZG9jcy9lbi93cml0aW5nLXJ1bm5pbmctYXBwaXVtL2lvcy9pb3MteGN0ZXN0LW1vYmlsZS1nZXN0dXJlcy8jYXV0b21hdGluZy1tb2JpbGUtZ2VzdHVyZXMtZm9yLWlvcy13aXRoLXdlYmRyaXZlcmFnZW50eGN0ZXN0LWJhY2tlbmQifX0seyJjaGFyIjoicyIsInN0eWxlcyI6eyJ1bmRlcmxpbmUiOnRydWUsImNvbG9yIjoiIzAwMzg4NCIsImhyZWYiOiJodHRwczovL2FwcGl1bS5pby9kb2NzL2VuL3dyaXRpbmctcnVubmluZy1hcHBpdW0vaW9zL2lvcy14Y3Rlc3QtbW9iaWxlLWdlc3R1cmVzLyNhdXRvbWF0aW5nLW1vYmlsZS1nZXN0dXJlcy1mb3ItaW9zLXdpdGgtd2ViZHJpdmVyYWdlbnR4Y3Rlc3QtYmFja2VuZCJ9fSx7ImNoYXIiOiJ0Iiwic3R5bGVzIjp7InVuZGVybGluZSI6dHJ1ZSwiY29sb3IiOiIjMDAzODg0IiwiaHJlZiI6Imh0dHBzOi8vYXBwaXVtLmlvL2RvY3MvZW4vd3JpdGluZy1ydW5uaW5nLWFwcGl1bS9pb3MvaW9zLXhjdGVzdC1tb2JpbGUtZ2VzdHVyZXMvI2F1dG9tYXRpbmctbW9iaWxlLWdlc3R1cmVzLWZvci1pb3Mtd2l0aC13ZWJkcml2ZXJhZ2VudHhjdGVzdC1iYWNrZW5kIn19LHsiY2hhciI6InUiLCJzdHlsZXMiOnsidW5kZXJsaW5lIjp0cnVlLCJjb2xvciI6IiMwMDM4ODQiLCJocmVmIjoiaHR0cHM6Ly9hcHBpdW0uaW8vZG9jcy9lbi93cml0aW5nLXJ1bm5pbmctYXBwaXVtL2lvcy9pb3MteGN0ZXN0LW1vYmlsZS1nZXN0dXJlcy8jYXV0b21hdGluZy1tb2JpbGUtZ2VzdHVyZXMtZm9yLWlvcy13aXRoLXdlYmRyaXZlcmFnZW50eGN0ZXN0LWJhY2tlbmQifX0seyJjaGFyIjoiciIsInN0eWxlcyI6eyJ1bmRlcmxpbmUiOnRydWUsImNvbG9yIjoiIzAwMzg4NCIsImhyZWYiOiJodHRwczovL2FwcGl1bS5pby9kb2NzL2VuL3dyaXRpbmctcnVubmluZy1hcHBpdW0vaW9zL2lvcy14Y3Rlc3QtbW9iaWxlLWdlc3R1cmVzLyNhdXRvbWF0aW5nLW1vYmlsZS1nZXN0dXJlcy1mb3ItaW9zLXdpdGgtd2ViZHJpdmVyYWdlbnR4Y3Rlc3QtYmFja2VuZCJ9fSx7ImNoYXIiOiJlIiwic3R5bGVzIjp7InVuZGVybGluZSI6dHJ1ZSwiY29sb3IiOiIjMDAzODg0IiwiaHJlZiI6Imh0dHBzOi8vYXBwaXVtLmlvL2RvY3MvZW4vd3JpdGluZy1ydW5uaW5nLWFwcGl1bS9pb3MvaW9zLXhjdGVzdC1tb2JpbGUtZ2VzdHVyZXMvI2F1dG9tYXRpbmctbW9iaWxlLWdlc3R1cmVzLWZvci1pb3Mtd2l0aC13ZWJkcml2ZXJhZ2VudHhjdGVzdC1iYWNrZW5kIn19LHsiY2hhciI6InMiLCJzdHlsZXMiOnsidW5kZXJsaW5lIjp0cnVlLCJjb2xvciI6IiMwMDM4ODQiLCJocmVmIjoiaHR0cHM6Ly9hcHBpdW0uaW8vZG9jcy9lbi93cml0aW5nLXJ1bm5pbmctYXBwaXVtL2lvcy9pb3MteGN0ZXN0LW1vYmlsZS1nZXN0dXJlcy8jYXV0b21hdGluZy1tb2JpbGUtZ2VzdHVyZXMtZm9yLWlvcy13aXRoLXdlYmRyaXZlcmFnZW50eGN0ZXN0LWJhY2tlbmQifX0seyJjaGFyIjoiLSIsInN0eWxlcyI6eyJ1bmRlcmxpbmUiOnRydWUsImNvbG9yIjoiIzAwMzg4NCIsImhyZWYiOiJodHRwczovL2FwcGl1bS5pby9kb2NzL2VuL3dyaXRpbmctcnVubmluZy1hcHBpdW0vaW9zL2lvcy14Y3Rlc3QtbW9iaWxlLWdlc3R1cmVzLyNhdXRvbWF0aW5nLW1vYmlsZS1nZXN0dXJlcy1mb3ItaW9zLXdpdGgtd2ViZHJpdmVyYWdlbnR4Y3Rlc3QtYmFja2VuZCJ9fSx7ImNoYXIiOiJmIiwic3R5bGVzIjp7InVuZGVybGluZSI6dHJ1ZSwiY29sb3IiOiIjMDAzODg0IiwiaHJlZiI6Imh0dHBzOi8vYXBwaXVtLmlvL2RvY3MvZW4vd3JpdGluZy1ydW5uaW5nLWFwcGl1bS9pb3MvaW9zLXhjdGVzdC1tb2JpbGUtZ2VzdHVyZXMvI2F1dG9tYXRpbmctbW9iaWxlLWdlc3R1cmVzLWZvci1pb3Mtd2l0aC13ZWJkcml2ZXJhZ2VudHhjdGVzdC1iYWNrZW5kIn19LHsiY2hhciI6Im8iLCJzdHlsZXMiOnsidW5kZXJsaW5lIjp0cnVlLCJjb2xvciI6IiMwMDM4ODQiLCJocmVmIjoiaHR0cHM6Ly9hcHBpdW0uaW8vZG9jcy9lbi93cml0aW5nLXJ1bm5pbmctYXBwaXVtL2lvcy9pb3MteGN0ZXN0LW1vYmlsZS1nZXN0dXJlcy8jYXV0b21hdGluZy1tb2JpbGUtZ2VzdHVyZXMtZm9yLWlvcy13aXRoLXdlYmRyaXZlcmFnZW50eGN0ZXN0LWJhY2tlbmQifX0seyJjaGFyIjoiciIsInN0eWxlcyI6eyJ1bmRlcmxpbmUiOnRydWUsImNvbG9yIjoiIzAwMzg4NCIsImhyZWYiOiJodHRwczovL2FwcGl1bS5pby9kb2NzL2VuL3dyaXRpbmctcnVubmluZy1hcHBpdW0vaW9zL2lvcy14Y3Rlc3QtbW9iaWxlLWdlc3R1cmVzLyNhdXRvbWF0aW5nLW1vYmlsZS1nZXN0dXJlcy1mb3ItaW9zLXdpdGgtd2ViZHJpdmVyYWdlbnR4Y3Rlc3QtYmFja2VuZCJ9fSx7ImNoYXIiOiItIiwic3R5bGVzIjp7InVuZGVybGluZSI6dHJ1ZSwiY29sb3IiOiIjMDAzODg0IiwiaHJlZiI6Imh0dHBzOi8vYXBwaXVtLmlvL2RvY3MvZW4vd3JpdGluZy1ydW5uaW5nLWFwcGl1bS9pb3MvaW9zLXhjdGVzdC1tb2JpbGUtZ2VzdHVyZXMvI2F1dG9tYXRpbmctbW9iaWxlLWdlc3R1cmVzLWZvci1pb3Mtd2l0aC13ZWJkcml2ZXJhZ2VudHhjdGVzdC1iYWNrZW5kIn19LHsiY2hhciI6ImkiLCJzdHlsZXMiOnsidW5kZXJsaW5lIjp0cnVlLCJjb2xvciI6IiMwMDM4ODQiLCJocmVmIjoiaHR0cHM6Ly9hcHBpdW0uaW8vZG9jcy9lbi93cml0aW5nLXJ1bm5pbmctYXBwaXVtL2lvcy9pb3MteGN0ZXN0LW1vYmlsZS1nZXN0dXJlcy8jYXV0b21hdGluZy1tb2JpbGUtZ2VzdHVyZXMtZm9yLWlvcy13aXRoLXdlYmRyaXZlcmFnZW50eGN0ZXN0LWJhY2tlbmQifX0seyJjaGFyIjoibyIsInN0eWxlcyI6eyJ1bmRlcmxpbmUiOnRydWUsImNvbG9yIjoiIzAwMzg4NCIsImhyZWYiOiJodHRwczovL2FwcGl1bS5pby9kb2NzL2VuL3dyaXRpbmctcnVubmluZy1hcHBpdW0vaW9zL2lvcy14Y3Rlc3QtbW9iaWxlLWdlc3R1cmVzLyNhdXRvbWF0aW5nLW1vYmlsZS1nZXN0dXJlcy1mb3ItaW9zLXdpdGgtd2ViZHJpdmVyYWdlbnR4Y3Rlc3QtYmFja2VuZCJ9fSx7ImNoYXIiOiJzIiwic3R5bGVzIjp7InVuZGVybGluZSI6dHJ1ZSwiY29sb3IiOiIjMDAzODg0IiwiaHJlZiI6Imh0dHBzOi8vYXBwaXVtLmlvL2RvY3MvZW4vd3JpdGluZy1ydW5uaW5nLWFwcGl1bS9pb3MvaW9zLXhjdGVzdC1tb2JpbGUtZ2VzdHVyZXMvI2F1dG9tYXRpbmctbW9iaWxlLWdlc3R1cmVzLWZvci1pb3Mtd2l0aC13ZWJkcml2ZXJhZ2VudHhjdGVzdC1iYWNrZW5kIn19LHsiY2hhciI6Ii0iLCJzdHlsZXMiOnsidW5kZXJsaW5lIjp0cnVlLCJjb2xvciI6IiMwMDM4ODQiLCJocmVmIjoiaHR0cHM6Ly9hcHBpdW0uaW8vZG9jcy9lbi93cml0aW5nLXJ1bm5pbmctYXBwaXVtL2lvcy9pb3MteGN0ZXN0LW1vYmlsZS1nZXN0dXJlcy8jYXV0b21hdGluZy1tb2JpbGUtZ2VzdHVyZXMtZm9yLWlvcy13aXRoLXdlYmRyaXZlcmFnZW50eGN0ZXN0LWJhY2tlbmQifX0seyJjaGFyIjoidyIsInN0eWxlcyI6eyJ1bmRlcmxpbmUiOnRydWUsImNvbG9yIjoiIzAwMzg4NCIsImhyZWYiOiJodHRwczovL2FwcGl1bS5pby9kb2NzL2VuL3dyaXRpbmctcnVubmluZy1hcHBpdW0vaW9zL2lvcy14Y3Rlc3QtbW9iaWxlLWdlc3R1cmVzLyNhdXRvbWF0aW5nLW1vYmlsZS1nZXN0dXJlcy1mb3ItaW9zLXdpdGgtd2ViZHJpdmVyYWdlbnR4Y3Rlc3QtYmFja2VuZCJ9fSx7ImNoYXIiOiJpIiwic3R5bGVzIjp7InVuZGVybGluZSI6dHJ1ZSwiY29sb3IiOiIjMDAzODg0IiwiaHJlZiI6Imh0dHBzOi8vYXBwaXVtLmlvL2RvY3MvZW4vd3JpdGluZy1ydW5uaW5nLWFwcGl1bS9pb3MvaW9zLXhjdGVzdC1tb2JpbGUtZ2VzdHVyZXMvI2F1dG9tYXRpbmctbW9iaWxlLWdlc3R1cmVzLWZvci1pb3Mtd2l0aC13ZWJkcml2ZXJhZ2VudHhjdGVzdC1iYWNrZW5kIn19LHsiY2hhciI6InQiLCJzdHlsZXMiOnsidW5kZXJsaW5lIjp0cnVlLCJjb2xvciI6IiMwMDM4ODQiLCJocmVmIjoiaHR0cHM6Ly9hcHBpdW0uaW8vZG9jcy9lbi93cml0aW5nLXJ1bm5pbmctYXBwaXVtL2lvcy9pb3MteGN0ZXN0LW1vYmlsZS1nZXN0dXJlcy8jYXV0b21hdGluZy1tb2JpbGUtZ2VzdHVyZXMtZm9yLWlvcy13aXRoLXdlYmRyaXZlcmFnZW50eGN0ZXN0LWJhY2tlbmQifX0seyJjaGFyIjoiaCIsInN0eWxlcyI6eyJ1bmRlcmxpbmUiOnRydWUsImNvbG9yIjoiIzAwMzg4NCIsImhyZWYiOiJodHRwczovL2FwcGl1bS5pby9kb2NzL2VuL3dyaXRpbmctcnVubmluZy1hcHBpdW0vaW9zL2lvcy14Y3Rlc3QtbW9iaWxlLWdlc3R1cmVzLyNhdXRvbWF0aW5nLW1vYmlsZS1nZXN0dXJlcy1mb3ItaW9zLXdpdGgtd2ViZHJpdmVyYWdlbnR4Y3Rlc3QtYmFja2VuZCJ9fSx7ImNoYXIiOiItIiwic3R5bGVzIjp7InVuZGVybGluZSI6dHJ1ZSwiY29sb3IiOiIjMDAzODg0IiwiaHJlZiI6Imh0dHBzOi8vYXBwaXVtLmlvL2RvY3MvZW4vd3JpdGluZy1ydW5uaW5nLWFwcGl1bS9pb3MvaW9zLXhjdGVzdC1tb2JpbGUtZ2VzdHVyZXMvI2F1dG9tYXRpbmctbW9iaWxlLWdlc3R1cmVzLWZvci1pb3Mtd2l0aC13ZWJkcml2ZXJhZ2VudHhjdGVzdC1iYWNrZW5kIn19LHsiY2hhciI6InciLCJzdHlsZXMiOnsidW5kZXJsaW5lIjp0cnVlLCJjb2xvciI6IiMwMDM4ODQiLCJocmVmIjoiaHR0cHM6Ly9hcHBpdW0uaW8vZG9jcy9lbi93cml0aW5nLXJ1bm5pbmctYXBwaXVtL2lvcy9pb3MteGN0ZXN0LW1vYmlsZS1nZXN0dXJlcy8jYXV0b21hdGluZy1tb2JpbGUtZ2VzdHVyZXMtZm9yLWlvcy13aXRoLXdlYmRyaXZlcmFnZW50eGN0ZXN0LWJhY2tlbmQifX0seyJjaGFyIjoiZSIsInN0eWxlcyI6eyJ1bmRlcmxpbmUiOnRydWUsImNvbG9yIjoiIzAwMzg4NCIsImhyZWYiOiJodHRwczovL2FwcGl1bS5pby9kb2NzL2VuL3dyaXRpbmctcnVubmluZy1hcHBpdW0vaW9zL2lvcy14Y3Rlc3QtbW9iaWxlLWdlc3R1cmVzLyNhdXRvbWF0aW5nLW1vYmlsZS1nZXN0dXJlcy1mb3ItaW9zLXdpdGgtd2ViZHJpdmVyYWdlbnR4Y3Rlc3QtYmFja2VuZCJ9fSx7ImNoYXIiOiJiIiwic3R5bGVzIjp7InVuZGVybGluZSI6dHJ1ZSwiY29sb3IiOiIjMDAzODg0IiwiaHJlZiI6Imh0dHBzOi8vYXBwaXVtLmlvL2RvY3MvZW4vd3JpdGluZy1ydW5uaW5nLWFwcGl1bS9pb3MvaW9zLXhjdGVzdC1tb2JpbGUtZ2VzdHVyZXMvI2F1dG9tYXRpbmctbW9iaWxlLWdlc3R1cmVzLWZvci1pb3Mtd2l0aC13ZWJkcml2ZXJhZ2VudHhjdGVzdC1iYWNrZW5kIn19LHsiY2hhciI6ImQiLCJzdHlsZXMiOnsidW5kZXJsaW5lIjp0cnVlLCJjb2xvciI6IiMwMDM4ODQiLCJocmVmIjoiaHR0cHM6Ly9hcHBpdW0uaW8vZG9jcy9lbi93cml0aW5nLXJ1bm5pbmctYXBwaXVtL2lvcy9pb3MteGN0ZXN0LW1vYmlsZS1nZXN0dXJlcy8jYXV0b21hdGluZy1tb2JpbGUtZ2VzdHVyZXMtZm9yLWlvcy13aXRoLXdlYmRyaXZlcmFnZW50eGN0ZXN0LWJhY2tlbmQifX0seyJjaGFyIjoiciIsInN0eWxlcyI6eyJ1bmRlcmxpbmUiOnRydWUsImNvbG9yIjoiIzAwMzg4NCIsImhyZWYiOiJodHRwczovL2FwcGl1bS5pby9kb2NzL2VuL3dyaXRpbmctcnVubmluZy1hcHBpdW0vaW9zL2lvcy14Y3Rlc3QtbW9iaWxlLWdlc3R1cmVzLyNhdXRvbWF0aW5nLW1vYmlsZS1nZXN0dXJlcy1mb3ItaW9zLXdpdGgtd2ViZHJpdmVyYWdlbnR4Y3Rlc3QtYmFja2VuZCJ9fSx7ImNoYXIiOiJpIiwic3R5bGVzIjp7InVuZGVybGluZSI6dHJ1ZSwiY29sb3IiOiIjMDAzODg0IiwiaHJlZiI6Imh0dHBzOi8vYXBwaXVtLmlvL2RvY3MvZW4vd3JpdGluZy1ydW5uaW5nLWFwcGl1bS9pb3MvaW9zLXhjdGVzdC1tb2JpbGUtZ2VzdHVyZXMvI2F1dG9tYXRpbmctbW9iaWxlLWdlc3R1cmVzLWZvci1pb3Mtd2l0aC13ZWJkcml2ZXJhZ2VudHhjdGVzdC1iYWNrZW5kIn19LHsiY2hhciI6InYiLCJzdHlsZXMiOnsidW5kZXJsaW5lIjp0cnVlLCJjb2xvciI6IiMwMDM4ODQiLCJocmVmIjoiaHR0cHM6Ly9hcHBpdW0uaW8vZG9jcy9lbi93cml0aW5nLXJ1bm5pbmctYXBwaXVtL2lvcy9pb3MteGN0ZXN0LW1vYmlsZS1nZXN0dXJlcy8jYXV0b21hdGluZy1tb2JpbGUtZ2VzdHVyZXMtZm9yLWlvcy13aXRoLXdlYmRyaXZlcmFnZW50eGN0ZXN0LWJhY2tlbmQifX0seyJjaGFyIjoiZSIsInN0eWxlcyI6eyJ1bmRlcmxpbmUiOnRydWUsImNvbG9yIjoiIzAwMzg4NCIsImhyZWYiOiJodHRwczovL2FwcGl1bS5pby9kb2NzL2VuL3dyaXRpbmctcnVubmluZy1hcHBpdW0vaW9zL2lvcy14Y3Rlc3QtbW9iaWxlLWdlc3R1cmVzLyNhdXRvbWF0aW5nLW1vYmlsZS1nZXN0dXJlcy1mb3ItaW9zLXdpdGgtd2ViZHJpdmVyYWdlbnR4Y3Rlc3QtYmFja2VuZCJ9fSx7ImNoYXIiOiJyIiwic3R5bGVzIjp7InVuZGVybGluZSI6dHJ1ZSwiY29sb3IiOiIjMDAzODg0IiwiaHJlZiI6Imh0dHBzOi8vYXBwaXVtLmlvL2RvY3MvZW4vd3JpdGluZy1ydW5uaW5nLWFwcGl1bS9pb3MvaW9zLXhjdGVzdC1tb2JpbGUtZ2VzdHVyZXMvI2F1dG9tYXRpbmctbW9iaWxlLWdlc3R1cmVzLWZvci1pb3Mtd2l0aC13ZWJkcml2ZXJhZ2VudHhjdGVzdC1iYWNrZW5kIn19LHsiY2hhciI6ImEiLCJzdHlsZXMiOnsidW5kZXJsaW5lIjp0cnVlLCJjb2xvciI6IiMwMDM4ODQiLCJocmVmIjoiaHR0cHM6Ly9hcHBpdW0uaW8vZG9jcy9lbi93cml0aW5nLXJ1bm5pbmctYXBwaXVtL2lvcy9pb3MteGN0ZXN0LW1vYmlsZS1nZXN0dXJlcy8jYXV0b21hdGluZy1tb2JpbGUtZ2VzdHVyZXMtZm9yLWlvcy13aXRoLXdlYmRyaXZlcmFnZW50eGN0ZXN0LWJhY2tlbmQifX0seyJjaGFyIjoiZyIsInN0eWxlcyI6eyJ1bmRlcmxpbmUiOnRydWUsImNvbG9yIjoiIzAwMzg4NCIsImhyZWYiOiJodHRwczovL2FwcGl1bS5pby9kb2NzL2VuL3dyaXRpbmctcnVubmluZy1hcHBpdW0vaW9zL2lvcy14Y3Rlc3QtbW9iaWxlLWdlc3R1cmVzLyNhdXRvbWF0aW5nLW1vYmlsZS1nZXN0dXJlcy1mb3ItaW9zLXdpdGgtd2ViZHJpdmVyYWdlbnR4Y3Rlc3QtYmFja2VuZCJ9fSx7ImNoYXIiOiJlIiwic3R5bGVzIjp7InVuZGVybGluZSI6dHJ1ZSwiY29sb3IiOiIjMDAzODg0IiwiaHJlZiI6Imh0dHBzOi8vYXBwaXVtLmlvL2RvY3MvZW4vd3JpdGluZy1ydW5uaW5nLWFwcGl1bS9pb3MvaW9zLXhjdGVzdC1tb2JpbGUtZ2VzdHVyZXMvI2F1dG9tYXRpbmctbW9iaWxlLWdlc3R1cmVzLWZvci1pb3Mtd2l0aC13ZWJkcml2ZXJhZ2VudHhjdGVzdC1iYWNrZW5kIn19LHsiY2hhciI6Im4iLCJzdHlsZXMiOnsidW5kZXJsaW5lIjp0cnVlLCJjb2xvciI6IiMwMDM4ODQiLCJocmVmIjoiaHR0cHM6Ly9hcHBpdW0uaW8vZG9jcy9lbi93cml0aW5nLXJ1bm5pbmctYXBwaXVtL2lvcy9pb3MteGN0ZXN0LW1vYmlsZS1nZXN0dXJlcy8jYXV0b21hdGluZy1tb2JpbGUtZ2VzdHVyZXMtZm9yLWlvcy13aXRoLXdlYmRyaXZlcmFnZW50eGN0ZXN0LWJhY2tlbmQifX0seyJjaGFyIjoidCIsInN0eWxlcyI6eyJ1bmRlcmxpbmUiOnRydWUsImNvbG9yIjoiIzAwMzg4NCIsImhyZWYiOiJodHRwczovL2FwcGl1bS5pby9kb2NzL2VuL3dyaXRpbmctcnVubmluZy1hcHBpdW0vaW9zL2lvcy14Y3Rlc3QtbW9iaWxlLWdlc3R1cmVzLyNhdXRvbWF0aW5nLW1vYmlsZS1nZXN0dXJlcy1mb3ItaW9zLXdpdGgtd2ViZHJpdmVyYWdlbnR4Y3Rlc3QtYmFja2VuZCJ9fSx7ImNoYXIiOiJ4Iiwic3R5bGVzIjp7InVuZGVybGluZSI6dHJ1ZSwiY29sb3IiOiIjMDAzODg0IiwiaHJlZiI6Imh0dHBzOi8vYXBwaXVtLmlvL2RvY3MvZW4vd3JpdGluZy1ydW5uaW5nLWFwcGl1bS9pb3MvaW9zLXhjdGVzdC1tb2JpbGUtZ2VzdHVyZXMvI2F1dG9tYXRpbmctbW9iaWxlLWdlc3R1cmVzLWZvci1pb3Mtd2l0aC13ZWJkcml2ZXJhZ2VudHhjdGVzdC1iYWNrZW5kIn19LHsiY2hhciI6ImMiLCJzdHlsZXMiOnsidW5kZXJsaW5lIjp0cnVlLCJjb2xvciI6IiMwMDM4ODQiLCJocmVmIjoiaHR0cHM6Ly9hcHBpdW0uaW8vZG9jcy9lbi93cml0aW5nLXJ1bm5pbmctYXBwaXVtL2lvcy9pb3MteGN0ZXN0LW1vYmlsZS1nZXN0dXJlcy8jYXV0b21hdGluZy1tb2JpbGUtZ2VzdHVyZXMtZm9yLWlvcy13aXRoLXdlYmRyaXZlcmFnZW50eGN0ZXN0LWJhY2tlbmQifX0seyJjaGFyIjoidCIsInN0eWxlcyI6eyJ1bmRlcmxpbmUiOnRydWUsImNvbG9yIjoiIzAwMzg4NCIsImhyZWYiOiJodHRwczovL2FwcGl1bS5pby9kb2NzL2VuL3dyaXRpbmctcnVubmluZy1hcHBpdW0vaW9zL2lvcy14Y3Rlc3QtbW9iaWxlLWdlc3R1cmVzLyNhdXRvbWF0aW5nLW1vYmlsZS1nZXN0dXJlcy1mb3ItaW9zLXdpdGgtd2ViZHJpdmVyYWdlbnR4Y3Rlc3QtYmFja2VuZCJ9fSx7ImNoYXIiOiJlIiwic3R5bGVzIjp7InVuZGVybGluZSI6dHJ1ZSwiY29sb3IiOiIjMDAzODg0IiwiaHJlZiI6Imh0dHBzOi8vYXBwaXVtLmlvL2RvY3MvZW4vd3JpdGluZy1ydW5uaW5nLWFwcGl1bS9pb3MvaW9zLXhjdGVzdC1tb2JpbGUtZ2VzdHVyZXMvI2F1dG9tYXRpbmctbW9iaWxlLWdlc3R1cmVzLWZvci1pb3Mtd2l0aC13ZWJkcml2ZXJhZ2VudHhjdGVzdC1iYWNrZW5kIn19LHsiY2hhciI6InMiLCJzdHlsZXMiOnsidW5kZXJsaW5lIjp0cnVlLCJjb2xvciI6IiMwMDM4ODQiLCJocmVmIjoiaHR0cHM6Ly9hcHBpdW0uaW8vZG9jcy9lbi93cml0aW5nLXJ1bm5pbmctYXBwaXVtL2lvcy9pb3MteGN0ZXN0LW1vYmlsZS1nZXN0dXJlcy8jYXV0b21hdGluZy1tb2JpbGUtZ2VzdHVyZXMtZm9yLWlvcy13aXRoLXdlYmRyaXZlcmFnZW50eGN0ZXN0LWJhY2tlbmQifX0seyJjaGFyIjoidCIsInN0eWxlcyI6eyJ1bmRlcmxpbmUiOnRydWUsImNvbG9yIjoiIzAwMzg4NCIsImhyZWYiOiJodHRwczovL2FwcGl1bS5pby9kb2NzL2VuL3dyaXRpbmctcnVubmluZy1hcHBpdW0vaW9zL2lvcy14Y3Rlc3QtbW9iaWxlLWdlc3R1cmVzLyNhdXRvbWF0aW5nLW1vYmlsZS1nZXN0dXJlcy1mb3ItaW9zLXdpdGgtd2ViZHJpdmVyYWdlbnR4Y3Rlc3QtYmFja2VuZCJ9fSx7ImNoYXIiOiItIiwic3R5bGVzIjp7InVuZGVybGluZSI6dHJ1ZSwiY29sb3IiOiIjMDAzODg0IiwiaHJlZiI6Imh0dHBzOi8vYXBwaXVtLmlvL2RvY3MvZW4vd3JpdGluZy1ydW5uaW5nLWFwcGl1bS9pb3MvaW9zLXhjdGVzdC1tb2JpbGUtZ2VzdHVyZXMvI2F1dG9tYXRpbmctbW9iaWxlLWdlc3R1cmVzLWZvci1pb3Mtd2l0aC13ZWJkcml2ZXJhZ2VudHhjdGVzdC1iYWNrZW5kIn19LHsiY2hhciI6ImIiLCJzdHlsZXMiOnsidW5kZXJsaW5lIjp0cnVlLCJjb2xvciI6IiMwMDM4ODQiLCJocmVmIjoiaHR0cHM6Ly9hcHBpdW0uaW8vZG9jcy9lbi93cml0aW5nLXJ1bm5pbmctYXBwaXVtL2lvcy9pb3MteGN0ZXN0LW1vYmlsZS1nZXN0dXJlcy8jYXV0b21hdGluZy1tb2JpbGUtZ2VzdHVyZXMtZm9yLWlvcy13aXRoLXdlYmRyaXZlcmFnZW50eGN0ZXN0LWJhY2tlbmQifX0seyJjaGFyIjoiYSIsInN0eWxlcyI6eyJ1bmRlcmxpbmUiOnRydWUsImNvbG9yIjoiIzAwMzg4NCIsImhyZWYiOiJodHRwczovL2FwcGl1bS5pby9kb2NzL2VuL3dyaXRpbmctcnVubmluZy1hcHBpdW0vaW9zL2lvcy14Y3Rlc3QtbW9iaWxlLWdlc3R1cmVzLyNhdXRvbWF0aW5nLW1vYmlsZS1nZXN0dXJlcy1mb3ItaW9zLXdpdGgtd2ViZHJpdmVyYWdlbnR4Y3Rlc3QtYmFja2VuZCJ9fSx7ImNoYXIiOiJjIiwic3R5bGVzIjp7InVuZGVybGluZSI6dHJ1ZSwiY29sb3IiOiIjMDAzODg0IiwiaHJlZiI6Imh0dHBzOi8vYXBwaXVtLmlvL2RvY3MvZW4vd3JpdGluZy1ydW5uaW5nLWFwcGl1bS9pb3MvaW9zLXhjdGVzdC1tb2JpbGUtZ2VzdHVyZXMvI2F1dG9tYXRpbmctbW9iaWxlLWdlc3R1cmVzLWZvci1pb3Mtd2l0aC13ZWJkcml2ZXJhZ2VudHhjdGVzdC1iYWNrZW5kIn19LHsiY2hhciI6ImsiLCJzdHlsZXMiOnsidW5kZXJsaW5lIjp0cnVlLCJjb2xvciI6IiMwMDM4ODQiLCJocmVmIjoiaHR0cHM6Ly9hcHBpdW0uaW8vZG9jcy9lbi93cml0aW5nLXJ1bm5pbmctYXBwaXVtL2lvcy9pb3MteGN0ZXN0LW1vYmlsZS1nZXN0dXJlcy8jYXV0b21hdGluZy1tb2JpbGUtZ2VzdHVyZXMtZm9yLWlvcy13aXRoLXdlYmRyaXZlcmFnZW50eGN0ZXN0LWJhY2tlbmQifX0seyJjaGFyIjoiZSIsInN0eWxlcyI6eyJ1bmRlcmxpbmUiOnRydWUsImNvbG9yIjoiIzAwMzg4NCIsImhyZWYiOiJodHRwczovL2FwcGl1bS5pby9kb2NzL2VuL3dyaXRpbmctcnVubmluZy1hcHBpdW0vaW9zL2lvcy14Y3Rlc3QtbW9iaWxlLWdlc3R1cmVzLyNhdXRvbWF0aW5nLW1vYmlsZS1nZXN0dXJlcy1mb3ItaW9zLXdpdGgtd2ViZHJpdmVyYWdlbnR4Y3Rlc3QtYmFja2VuZCJ9fSx7ImNoYXIiOiJuIiwic3R5bGVzIjp7InVuZGVybGluZSI6dHJ1ZSwiY29sb3IiOiIjMDAzODg0IiwiaHJlZiI6Imh0dHBzOi8vYXBwaXVtLmlvL2RvY3MvZW4vd3JpdGluZy1ydW5uaW5nLWFwcGl1bS9pb3MvaW9zLXhjdGVzdC1tb2JpbGUtZ2VzdHVyZXMvI2F1dG9tYXRpbmctbW9iaWxlLWdlc3R1cmVzLWZvci1pb3Mtd2l0aC13ZWJkcml2ZXJhZ2VudHhjdGVzdC1iYWNrZW5kIn19LHsiY2hhciI6ImQiLCJzdHlsZXMiOnsidW5kZXJsaW5lIjp0cnVlLCJjb2xvciI6IiMwMDM4ODQiLCJocmVmIjoiaHR0cHM6Ly9hcHBpdW0uaW8vZG9jcy9lbi93cml0aW5nLXJ1bm5pbmctYXBwaXVtL2lvcy9pb3MteGN0ZXN0LW1vYmlsZS1nZXN0dXJlcy8jYXV0b21hdGluZy1tb2JpbGUtZ2VzdHVyZXMtZm9yLWlvcy13aXRoLXdlYmRyaXZlcmFnZW50eGN0ZXN0LWJhY2tlbmQifX1dLCJpc1JpY2hUZXh0Ijp0cnVlLCJrZWVwTGluZUJyZWFrIjp0cnVlfX1d--></p>','2018-11-16 15:20:00.000000','2018-11-16 15:20:00.000000',2,1,1,118),(56,'Django里根据不同设备展示不同内容','<p>现在访问网页除了pc端，手机端也是经常使用的类型。</p>\r\n\r\n<p>那么会有个需求，在pc端和mobile端展示不同的内容，毕竟pc浏览器里的布局显示不一定适合在手机浏览器上。</p>\r\n\r\n<p>一般会有两种方式：</p>\r\n\r\n<p>&nbsp;1. 响应式布局。比如bootstrap也有相关定义。通过查询媒介，针对不同的屏幕宽度来设置对应的css样式，可以实现在不同设备上对同一控件展示成不同的外观效果。</p>\r\n\r\n<p>&nbsp; &nbsp; &nbsp; &nbsp; &nbsp; 在html的head中首先定义：&nbsp; &nbsp; &nbsp; &nbsp; &nbsp;</p>\r\n\r\n<pre>\r\n<code class=\"language-html\">&lt;meta name=\"viewport\" content=\"width=device-width, initial-scale=1.0\"&gt;</code></pre>\r\n\r\n<p>&nbsp; &nbsp; &nbsp; &nbsp; &nbsp; 在css定义中可以指明不同的宽度使用什么样式属性(从网上复制了下面的样例，因为自己没有使用这种方式)：</p>\r\n\r\n<pre>\r\n<code class=\"language-css\">/width &lt; 768px*/\r\n@media screen and (max-width: 768px){\r\n    .container{\r\n        width:100%;\r\n        background-color: green;\r\n    }\r\n}\r\n/width &gt;= 768 and width &lt; 992*/\r\n@media screen and (max-width: 992px) and (min-width: 768px) {\r\n    .container{\r\n        width:750px;\r\n        background-color: blue;\r\n    }\r\n}</code></pre>\r\n\r\n<p>&nbsp;</p>\r\n\r\n<p>2. 判断设备类型来加载不同的内容。目前自己采用的这种方式，因为需要的不是css样式不同，而是使用的元素类别都不一样了，响应式布局无法满足需要。</p>\r\n\r\n<p>判断设备可以检查user-agent里的关键词。</p>\r\n\r\n<p>比如电脑版的safari是：</p>\r\n\r\n<pre>\r\n<code class=\"language-html\">Mozilla/5.0 (Macintosh; Intel Mac OS X 10_13_6) AppleWebKit/605.1.15 (KHTML, like Gecko) Version/11.1.2 Safari/605.1.15</code></pre>\r\n\r\n<p>iphone的safari则是：</p>\r\n\r\n<pre>\r\n<code class=\"language-html\">Mozilla/5.0 (iPhone; CPU iPhone OS 11_3 like Mac OS X) AppleWebKit/605.1.15 (KHTML, like Gecko) Version/11.0 Mobile/15E148 Safari/604.1</code></pre>\r\n\r\n<p>在你的django app下面添加一个文件，比如device_agent.py, 添加如下内容：</p>\r\n\r\n<pre>\r\n<code class=\"language-python\">def device(request):\r\n    \'\'\'from mobile browser or pc browser\'\'\'\r\n    user_agent = request.META[\'HTTP_USER_AGENT\'].lower()\r\n    mobile_re = [\'iphone\',\'android\',\'mobile\']\r\n\r\n    is_mobile = False\r\n    for keyword in mobile_re:\r\n        if user_agent.find(keyword) &gt;= 0:\r\n            is_mobile = True\r\n            break\r\n\r\n    if is_mobile:\r\n        return {\'device_type\': \'mobile\'}\r\n    else:\r\n        return {\'device_type\': \'pc\'}</code></pre>\r\n\r\n<p>在settings.py里更新如下内容：</p>\r\n\r\n<pre>\r\n<code class=\"language-python\">TEMPLATES = [\r\n    {\r\n        \'BACKEND\': \'django.template.backends.django.DjangoTemplates\',\r\n        \'DIRS\': [os.path.join(BASE_DIR, \'templates\')],\r\n        \'APP_DIRS\': True,\r\n        \'OPTIONS\': {\r\n            \'context_processors\': [\r\n                \'django.template.context_processors.debug\',\r\n                \'django.template.context_processors.request\',\r\n                \'django.contrib.auth.context_processors.auth\',\r\n                \'django.contrib.messages.context_processors.messages\',\r\n                \'bobjiang.device_agent.device\' # add device_agent\r\n            ],\r\n        },\r\n    },\r\n]</code></pre>\r\n\r\n<p>在html模板中就可以使用device_type来判断设备类型并加载不同内容啦。</p>\r\n\r\n<pre>\r\n<code class=\"language-html\">{% if device_type != \'mobile\' %}\r\n    &lt;ul class=\"navbar-nav\"&gt;\r\n{% else %}\r\n    &lt;ul class=\"nav nav-pills justify-content-center\"&gt;\r\n{% endif %}</code></pre>\r\n\r\n<p>&nbsp;</p>','2018-12-03 10:09:00.000000','2018-12-03 10:09:00.000000',2,1,1,125),(57,'Mac卸载Java和安装openjdk','<p>卸载java：</p>\r\n\r\n<p>https://blog.csdn.net/haozhugogo/article/details/54809545</p>\r\n\r\n<p><span style=\"font-size:14px\"><span style=\"font-family:\'Microsoft YaHei\'\">在&ldquo;终端&rdquo;窗口中，复制和粘贴命令：<br />\r\n<code>sudo rm -fr /Library/Internet\\ Plug-Ins/JavaAppletPlugin.plugin</code><br />\r\n<code>sudo rm -fr /Library/PreferencesPanes/JavaControlPanel.prefPane</code><br />\r\n<code>sudo rm -fr ~/Library/Application\\ Support/Java</code></span></span></p>\r\n\r\n<p><span style=\"font-size:14px\"><span style=\"font-family:\'Microsoft YaHei\'\">请勿尝试通过从&nbsp;<code>/usr/bin</code>&nbsp;删除 Java 工具来卸载 Java。此目录是系统软件的一部分，下次对操作系统执行更新时，Apple 会重置所有更改。</span></span></p>\r\n\r\n<p><span style=\"font-size:14px\"><span style=\"font-family:\'Microsoft YaHei\'\">注意：上面是官网的卸载步骤，按照上面的卸载完后，要从finder中进入 /Library/Java/JavaVirtualMachines，然后删除jdk1.8.xxx，这样才算彻底卸载完成</span></span></p>\r\n\r\n<p>&nbsp;</p>\r\n\r\n<p>&nbsp;</p>\r\n\r\n<p><span style=\"font-size:14px\"><span style=\"font-family:\'Microsoft YaHei\'\">windows的openjdk的下载：</span></span></p>\r\n\r\n<p>https://stackoverflow.com/questions/5991508/openjdk-availability-for-windows-os</p>\r\n\r\n<p>https://github.com/ojdkbuild/ojdkbuild</p>\r\n\r\n<p>&nbsp;</p>\r\n\r\n<p>&nbsp;</p>\r\n\r\n<p>mac上openjdk：</p>\r\n\r\n<p>特定版本的github的下载，但是是source：</p>\r\n\r\n<p>https://github.com/AdoptOpenJDK/openjdk8-binaries/releases/download/jdk8u192-b12/OpenJDK8U-jdk_x64_mac_hotspot_8u192b12.tar.gz</p>\r\n\r\n<p>https://stackoverflow.com/questions/29456149/build-openjdk-on-mac-java-home-is-not-defined-correctly</p>\r\n\r\n<pre>\r\n<code>brew tap AdoptOpenJDK/openjdk\r\nbrew cask install adoptopenjdk8</code></pre>\r\n\r\n<p>==========================================================</p>\r\n\r\n<p>ML000606689:test bojiang$ java -version<br />\r\njava version &quot;1.8.0_172&quot;<br />\r\nJava(TM) SE Runtime Environment (build 1.8.0_172-b11)<br />\r\nJava HotSpot(TM) 64-Bit Server VM (build 25.172-b11, mixed mode)</p>\r\n\r\n<p>ML000606689:build_openjdk8 bojiang$ java -version<br />\r\nopenjdk version &quot;1.8.0_192&quot;<br />\r\nOpenJDK Runtime Environment (AdoptOpenJDK)(build 1.8.0_192-b12)<br />\r\nOpenJDK 64-Bit Server VM (AdoptOpenJDK)(build 25.192-b12, mixed mode)</p>','2018-12-17 14:56:16.644993','2018-12-17 14:56:16.654898',2,4,2,26),(58,'关于活着的意义','<p>收养的小猫有一只这几天突然不舒服，今天就走了。心里有些难过。<br />\r\n其实到了中年，总会面临着生老病死。身边亲人长辈的离去，或者身边听说的朋友病逝。我跟着妈妈做了几年公益，微薄之力去救助流浪动物，也见过很多伤痛和死亡。相对来说，人还是幸运的，不会面临那么残酷的生存条件，也没有恶人的故意伤害。</p>\r\n\r\n<p><br />\r\n其实见得多了，也懂生老病死都是自然循环。只是当一条生命在面前离去，还是很感慨很难过。</p>\r\n\r\n<p>曾听说过，能遇见的都是有缘分的，而离去则代表你们这辈子的缘分断了，再也没有任何关系。很朴实的话，也字字入心的难过。我会遇见什么，又会经历面对什么，我又会是怎么样？也不得不想到，活着是为了什么？</p>\r\n\r\n<p>说得远一点，人都是会被社会准则所拘束，是为了儿时的成绩，还是成年后的金钱和权利，等等等等。最后又对我有什么用，我最想要什么。谁记得儿时的愿望，谁记得自己为什么开怀笑过？等等等等。活着是为了什么，就像我现在的年龄，为了家庭和生活，是拼搏个人价值加班加点，还是老婆热炕头的家庭温暖，真的看个人，也被社会大趋势所影响着。曾在知乎上看过一个回答很多的话题，就是关于活着。我们有些终究会失去，现在留着又有何意义。答案大多说的是没有意义应该活在当下体验现在的我。是啊，我也想不出还有什么好答案，每个年龄段想的也不一样。其实我到现在都还想不太明白，也只能大致觉得应该珍惜现在身边的人和事物，但行好事。</p>\r\n\r\n<p>乱七八糟写了一堆字，再附上知乎上一个答案，留作结尾吧。</p>\r\n\r\n<p><a href=\"https://www.zhihu.com/question/24329745/answer/27906463\">https://www.zhihu.com/question/24329745/answer/27906463</a></p>','2019-01-01 14:09:00.000000','2019-01-01 14:09:00.000000',2,5,1,196),(59,'修改Django中admin站点管理的主页跳转链接','<p>若使用默认的admin而不是xadmin之类的话，进入django admin时，右上角的查看站点的跳转会是指向到根页面。比如以本站为例，会跳转到https://www.byincd.com/, 这对于网站是二级路径的话，则跳转错误了。</p>\r\n\r\n<p><img alt=\"\" src=\"/media/upload/Bo/2019/01/06/django_admin_right_top.png\" style=\"height:50px; width:307px\" /></p>\r\n\r\n<p>这里可以去修改django的admin的模板内容。也很简单。</p>\r\n\r\n<p>路径样例是.../site-packages/django/contrib/admin/templates/admin/base.html。</p>\r\n\r\n<p>修改第40行：改为类似如下内容即可：</p>\r\n\r\n<pre>\r\n<code class=\"language-html\">base.html:40:     &lt;a href=\"{{ site_url }}bobjiang/\"&gt;{% trans \'View site\' %}&lt;/a&gt;</code></pre>\r\n\r\n<p>缺点是当移除django或者去其他地方配置环境时，需要重新修改一次。</p>\r\n\r\n<p>&nbsp;</p>\r\n\r\n<p>至于找site-packages路径，无论是否使用pyenv，用下面命令即可。</p>\r\n\r\n<pre>\r\n<code class=\"language-python\">import sys\r\nprint(sys.path)</code></pre>\r\n\r\n<p>&nbsp;</p>','2019-01-06 12:53:00.000000','2019-01-06 12:53:00.000000',2,1,1,123),(60,'手机app测试策略','<p>工作中整理总结了下手机app测试时需要测试的地方和需要关注的点，附上一个思维脑图。</p>\r\n\r\n<p>另正在整理一个详细点的文档，如果有人看有人有兴趣的话，可以一起讨论下细节。</p>\r\n\r\n<p>包含11个部分，可以写的太多就只在图里列了关键词。包含UI, Functionality, Automation, Performance, Security, Compatibility, Stability, Specility, Edge, Localization, Release&amp;Publish.</p>\r\n\r\n<p><img alt=\"\" src=\"/media/upload/Bo/2019/01/14/mobile_testing_strategy-2019011403.png\" style=\"height:882px; width:900px\" /></p>\r\n\r\n<p>如上图所示。</p>','2019-01-14 14:47:00.000000','2019-01-14 14:52:00.000000',2,1,1,113),(61,'Jupyter Notebook在nginx中无法被配置为二级页面的解决办法','<p>在网站刚建立的时候，就已经搭建了Jupyter Notebook的运行环境。不过之前只是开放为8888的端口，无法像博客那样有个正常点的名字。毕竟域名都有了，长时间输入端口访问实在是有点强迫症发作了，于是打算像本博客网址一样配置一个正常的url，就像现在的https://www.byincd.com/jupyter。</p>\r\n\r\n<p>自己弄的两个博客都是用的nginx，于是决定也把Jupyter配置在nginx里。但是配置时发现只能作为根目录来访问，否则就会报404的错误。哪怕改为location ~ /jupyter这种也不行。如下所示。</p>\r\n\r\n<pre>\r\n<code class=\"language-nginx\">location / {\r\n    proxy_pass http://127.0.0.1:8888;\r\n    proxy_set_header Host $host;\r\n}\r\n\r\nlocation ~ /api/kernels/ {\r\n    proxy_pass http://127.0.0.1:8888;\r\n    proxy_set_header Host $host;\r\n    proxy_http_version 1.1;\r\n    proxy_set_header Upgrade \"websocket\";\r\n    proxy_set_header Connection \"Upgrade\";\r\n    proxy_read_timeout 86400;\r\n}\r\n\r\nlocation ~ /terminals/ {\r\n    proxy_pass http://127.0.0.1:8888;\r\n    proxy_set_header Host $host;\r\n    proxy_http_version 1.1;\r\n    proxy_set_header Upgrade \"websocket\";\r\n    proxy_set_header Connection \"Upgrade\";\r\n    proxy_read_timeout 86400;\r\n}</code></pre>\r\n\r\n<p>&nbsp;</p>\r\n\r\n<p>我需要的是作为二级目录访问的啊，于是查阅了相关资料，找到了解决办法。</p>\r\n\r\n<p>先修改jupyter notebook的配置文件jupyter_notebook_config.py。增加下面两行并重启jupyter notebook。</p>\r\n\r\n<pre>\r\n<code class=\"language-python\">\r\nc.NotebookApp.notebook_dir = u\'/path/jupyter\'\r\nc.NotebookApp.base_url = \'/jupyter/\'</code></pre>\r\n\r\n<p>然后在nginx的site-available的default文件中增加如下内容，重启nginx，即可用https://www.byincd.com/jupyter访问jupyter notebook啦。</p>\r\n\r\n<pre>\r\n<code class=\"language-nginx\">location /jupyter/ {\r\n    proxy_pass http://127.0.0.1:8888;\r\n    proxy_set_header Host $host;\r\n    proxy_set_header X-Real-Scheme $scheme;\r\n    proxy_set_header X-Real-IP $remote_addr;\r\n    proxy_set_header X-Forwarded-For $proxy_add_x_forwarded_for;\r\n\r\n    proxy_http_version 1.1;\r\n    proxy_set_header Upgrade $http_upgrade;\r\n    proxy_set_header Connection \"upgrade\";\r\n\r\n    proxy_read_timeout 120s;\r\n    proxy_next_upstream error;\r\n}</code></pre>\r\n\r\n<p>&nbsp;</p>','2019-01-30 19:13:00.000000','2019-01-30 19:13:00.000000',2,1,1,188),(62,'Python3与Python2的变化','<p>关于python3和python2的区别，实际已经有很多文章了，毕竟python3已经出来了很久了。</p>\r\n\r\n<p>我在这里记录一下平时自己会遇到的一些区别。</p>\r\n\r\n<p>1. print变成了函数需要加括号了。</p>\r\n\r\n<p>2. 用户输入没有raw_input了，只有input。而且input收集到的输入会被当做一个字符串str。</p>\r\n\r\n<p>3. 除法精确了。在几年前使用python2时用到除法还要from __future__ import division。现在不需要了，不会出现5除以2是2了，而是等于2.5。</p>\r\n\r\n<p>4. xrange不存在了，由range代替，range也会直接成为一个迭代器。</p>\r\n\r\n<p>5.&nbsp;Python3 中字符串默认为 Unicode，但是如果在 Python2 中需要使用 Unicode，必须要在字符串的前面加一个 u。（这个链接里关于字符的介绍有点意思：https://pycoders-weekly-chinese.readthedocs.io/en/latest/issue5/unipain.html）</p>\r\n\r\n<p>6. Python3是直接使用新式类，不用像python2里那样指定class xxx(object).</p>\r\n\r\n<p>&nbsp;</p>','2019-02-02 14:12:00.000000','2019-02-02 14:12:00.000000',2,1,2,4),(63,'mac配置android sdk环境','<p>&nbsp;</p>\r\n\r\n<p>目前用的mac。</p>\r\n\r\n<p>先下载sdk。刚好有vpn，就从官网下载了sdk tool：https://developer.android.com/studio/#downloads。（没必要一定下载android studio，当然下载android studio是最简单的方式）</p>\r\n\r\n<p>然后解压并运行./tools/bin/sdkmanager. 似乎我的电脑被公司杀毒软件限制，运行失败。</p>\r\n\r\n<p>然后用了brew。正如stackoverflow上这个链接里说的：https://stackoverflow.com/questions/2677431/where-to-install-android-sdk-on-mac-os-x。</p>\r\n\r\n<p>Now the <code>android-sdk</code> is migrated from <code>homebrew/core</code> to <code>caskroom/cask</code>.</p>\r\n\r\n<pre>\r\n<code>brew tap caskroom/cask</code></pre>\r\n\r\n<p>and install <code>android-sdk</code> using</p>\r\n\r\n<pre>\r\n<code>brew cask install android-sdk</code></pre>\r\n\r\n<p>You will have to add the <code>ANDROID_HOME</code> to profile (.zshrc or .bashrc) 注意路径</p>\r\n\r\n<pre>\r\n<code>export ANDROID_HOME=/usr/local/share/android-sdk</code></pre>\r\n\r\n<p>install adb</p>\r\n\r\n<pre>\r\n<code>brew install homebrew/cask/android-platform-tools</code></pre>\r\n\r\n<p>&nbsp;</p>\r\n\r\n<p>环境变量样例：</p>\r\n\r\n<p>test-macbookpro</p>\r\n\r\n<pre>\r\n<code>[[ -s \"$HOME/.profile\" ]] &amp;&amp; source \"$HOME/.profile\" # Load the default .profile\r\n\r\n[[ -s \"$HOME/.rvm/scripts/rvm\" ]] &amp;&amp; source \"$HOME/.rvm/scripts/rvm\" # Load RVM into a shell session *as a function*\r\n\r\nexport PATH=\"/usr/local/opt/icu4c/bin:$PATH\"\r\nexport PATH=\"/usr/local/opt/icu4c/sbin:$PATH\"\r\nPATH=$PATH:/Users/bjiang1/workspace/selenium_webdriver\r\nexport JAVA_HOME=/Library/Java/JavaVirtualMachines/adoptopenjdk-8.jdk/Contents/Home\r\nexport ANDROID_HOME=/usr/local/share/android-sdk\r\nexport PATH=$PATH:$ANDROID_HOME/tools\r\nexport PATH=$PATH:$JAVA_HOME/bin</code></pre>\r\n\r\n<p>&nbsp;</p>\r\n\r\n<p>my-macbookpro</p>\r\n\r\n<pre>\r\n<code>source /Users/bojiang/.rvm/scripts/rvm\r\nPATH=$PATH:/usr/local/mysql/bin\r\n#export PATH=/Users/bojiang/download/WebDriver:$PATH\r\nPATH=$PATH:/Users/bojiang/download/WebDriver\r\nif which pyenv &gt; /dev/null; then eval \"$(pyenv init -)\"; fi\r\nLDFLAGS=/usr/local/opt/curl/lib\r\nCPPFLAGS=/usr/local/opt/curl/include\r\nexport HOMEBREW_BOTTLE_DOMAIN=https://mirrors.ustc.edu.cn/homebrew-bottles\r\nexport JAVA_HOME=/Library/Java/JavaVirtualMachines/adoptopenjdk-8.jdk/Contents/Home\r\nexport CLASSPATH=.:$JAVA_HOME/jre/lib/rt.jar:$JAVA_HOME/lib/dt.jar:$JAVA_HOME/lib/tools.jar\r\nexport PATH=$PATH:$JAVA_HOME/bin\r\nexport ANDROID_HOME=/Users/bojiang/Library/Android/sdk\r\nexport PATH=$PATH:$ANDROID_HOME/tools:$ANDROID_HOME/platform-tools</code></pre>\r\n\r\n<p>&nbsp;</p>','2019-02-14 17:29:00.000000','2019-02-14 17:29:00.000000',2,1,2,8),(64,'openstf环境搭建和问题解决','<p>openstf是用于管理和控制Android设备，github地址是https://github.com/openstf/stf。不过ios的需要用上其他的，之后再更新ios相关。</p>\r\n\r\n<p>本文介绍: <strong>1) 本地环境搭建&nbsp; 2) 连接远程机器&nbsp; 3）nginx配置&nbsp; 4）问题解决</strong></p>\r\n\r\n<p>下图是一个配置好打开的stf页面。</p>\r\n\r\n<p><img alt=\"\" src=\"/media/upload/Bo/2019/02/20/virtualbox_stf_site_available.png\" style=\"height:278px; width:600px\" /></p>\r\n\r\n<p><strong>1) 本地环境搭建&nbsp;</strong></p>\r\n\r\n<p><strong>如果是用的mac，那么不要用docker了，因为反正也识别不到设备。</strong>参考<a href=\"https://github.com/sorccu/docker-adb/issues/8\">https://github.com/sorccu/docker-adb/issues/8</a></p>\r\n\r\n<p>&quot;&quot;&quot;</p>\r\n\r\n<p>Unfortunately Docker on Mac does not support USB, since the underlying xhyve doesn&#39;t support it. The old boot2docker may have worked by tweaking VM settings.</p>\r\n\r\n<p>I think the easiest (perhaps only?) way to get it to work would be to use a Linux VM and run docker there instead.</p>\r\n\r\n<p>&quot;&quot;&quot;</p>\r\n\r\n<p>如果使用其他的比如ubuntu可以试试下面的。对于mac还会遇到stf的地址访问不了的情况，真是坑爹啊。。</p>\r\n\r\n<p>为了环境搭建方便，用了docker，接下来会做成docker compose。</p>\r\n\r\n<p>先是拉取docker images：</p>\r\n\r\n<pre>\r\n<code>\r\nsudo docker pull openstf/stf:latest\r\nsudo docker pull sorccu/adb:latest\r\nsudo docker pull rethinkdb:latest\r\nsudo docker pull openstf/ambassador:latest</code></pre>\r\n\r\n<p>然后启动对应的服务：</p>\r\n\r\n<pre>\r\n<code>\r\nsudo docker run -d --name rethinkdb -v /Users/bojiang/Android/srv/rethinkdb:/data --net host rethinkdb rethinkdb --bind all --cache-size 8192 --http-port 8090\r\n\r\nsudo docker run -d --name adbd --privileged -v /Users/bojiang/Android/dev/bus/usb:/dev/bus/usb --net host sorccu/adb:latest\r\n\r\nsudo docker run -d --name stf --net host openstf/stf stf local --public-ip my_pc_ip --allow-remote</code></pre>\r\n\r\n<p>对于Mac，对于/srv/rethinkdb这样的路径docker会提示path does not exist，所以在本地创建相应的文件夹并指向它，否则启动不了。</p>\r\n\r\n<p><strong>在Mac上可以直接配置环境，或者可以用虚拟机装一个ubuntu来尝试docker。</strong></p>\r\n\r\n<pre>\r\n<code>#install locally on mac\r\n#if run locally without docker, please start rethinkdb first (would be better to create a folder then launch rethinkdb)\r\n\r\nbrew update &amp;&amp; brew install rethinkdb graphicsmagick zeromq protobuf yasm pkg-config\r\nnpm install -g stf</code></pre>\r\n\r\n<p>我用virtualbox装了ubuntu18.04，但是在virtualbox时需要配置usb设置，用于虚拟机识别连接的设备，如下图。对于usb3.0可以在官网下载安装 VirtualBox_Extension_Pack。</p>\r\n\r\n<p><img alt=\"\" src=\"/media/upload/Bo/2019/02/20/virtualbox_openstf_usb.png\" style=\"height:618px; width:800px\" /></p>\r\n\r\n<p>在虚拟机设置中，需要选择网络为NAT并且配置端口转发，如下图。</p>\r\n\r\n<p><img alt=\"\" src=\"/media/upload/Bo/2019/02/20/virtualbox_network_nat_stf.png\" style=\"height:587px; width:800px\" /></p>\r\n\r\n<p><strong>2) 连接远程机器</strong></p>\r\n\r\n<p>对于一台主机就算用了集线器也插不了多少设备，而且也会有使用场景类似有设备在远程主机上连接。</p>\r\n\r\n<p>在这种情况，可以配置成master-slave这样的方式，由一台主机做master，其他主机上连接的设备也可以在master被访问使用到。</p>\r\n\r\n<p>比如我现在有两个mac，一台ip是10.109.1.65（master，装好stf），一台ip是10.109.11.64（slave，无所谓装不装stf）。在slave上启动adb server，master则用stf provider连接到adb host和port。</p>\r\n\r\n<pre>\r\n<code>#如果是32左右的老版本adb，用下面这个\r\nadb -a -P 5037 fork-server server\r\n\r\n#我用的是40，上面的命令不可用了，可以用下面这个\r\nadb nodaemon server -a\r\n\r\n#再到master上运行stf provider\r\nstf provider --name Mac-Bo.local --min-port 7400 --max-port 7700 --connect-sub tcp://127.0.0.1:7114 --connect-push tcp://127.0.0.1:7116 --group-timeout 20000 --public-ip http://10.109.1.65 --storage-url http://10.109.1.65:7100/ --adb-host 10.109.11.64 --adb-port 5037 --vnc-initial-size 600x800 --allow-remote --screen-ws-url-pattern \"ws://10.109.1.65:&lt;%= publicPort %&gt;/\"</code></pre>\r\n\r\n<p>此时就能看到多台主机上连接的设备，并可以操作。</p>\r\n\r\n<p><img alt=\"\" src=\"/media/upload/Bo/2019/02/21/stf_multiple_device_master_slave.png\" style=\"height:231px; width:800px\" /></p>\r\n\r\n<p><img alt=\"\" src=\"/media/upload/Bo/2019/02/28/stf_operation_page.png\" style=\"height:390px; width:800px\" /></p>\r\n\r\n<p><strong>3）nginx配置</strong></p>\r\n\r\n<p><strong>使用nginx来代理</strong>，避免了输入端口号，nginx.conf里加入下面内容试过可行，直接访问ip或者域名就可以打开stf页面。</p>\r\n\r\n<pre>\r\n<code># part of nginx.conf\r\nserver {\r\n    listen       80;\r\n    server_name  10.109.1.65;\r\n    location /static/app/ {\r\n        root   /opt/nodejs/lib/node_modules/stf/res/app/;\r\n        proxy_pass      http://127.0.0.1:7100;\r\n        access_log      on;\r\n        expires 30d;\r\n    }\r\n    location /static/app/data/ {\r\n        root   /opt/nodejs/lib/node_modules/stf/res/data/;\r\n        proxy_pass      http://127.0.0.1:7100;\r\n        access_log      on;\r\n        expires 30d;\r\n    }\r\n    location /static/app/status/ {\r\n        root   /opt/nodejs/lib/node_modules/stf/res/common/status/;\r\n        proxy_pass      http://127.0.0.1:7100;\r\n        access_log      on;\r\n        expires 30d;\r\n    }\r\n\r\n    location /static/app/build/entry/ {\r\n        root   /opt/nodejs/lib/node_modules/stf/res/build/entry/;\r\n        proxy_pass      http://127.0.0.1:7100;\r\n        access_log      on;\r\n        expires 30d;\r\n    }\r\n    location /static/app/build/ {\r\n        root   /opt/nodejs/lib/node_modules/stf/res/build/;\r\n        proxy_pass      http://127.0.0.1:7100;\r\n        access_log      on;\r\n        expires 30d;\r\n    }\r\n    location /static/app/browsers/ {\r\n        root   /opt/nodejs/lib/node_modules/stf/node_modules/stf-browser-db/dist/;\r\n        proxy_pass      http://127.0.0.1:7100;\r\n        access_log      on;\r\n        expires 30d;\r\n    }\r\n\r\n    location /static/app/appstores/ {\r\n        root   /opt/nodejs/lib/node_modules/stf/node_modules/stf-appstore-db/dist/;\r\n        proxy_pass      http://127.0.0.1:7100;\r\n        access_log      on;\r\n        expires 30d;\r\n    }\r\n\r\n    location /static/app/devices/ {\r\n        root   /opt/nodejs/lib/node_modules/stf/node_modules/stf-device-db/dist/;\r\n        proxy_pass      http://127.0.0.1:7100;\r\n        access_log      on;\r\n        expires 30d;\r\n    }\r\n    location /static/app/custom/ {\r\n        root   /opt/nodejs/lib/node_modules/stf/static/;\r\n        proxy_pass      http://127.0.0.1:7100;\r\n        access_log      on;\r\n        expires 30d;\r\n    }\r\n\r\n    location /static/logo/ {\r\n        root   /opt/nodejs/lib/node_modules/stf/res/common/logo/;\r\n        proxy_pass      http://127.0.0.1:7100;\r\n        access_log      on;\r\n        expires 30d;\r\n    }\r\n\r\n    location /res/common/logo/exports/favicon.ico {\r\n        root   /opt/nodejs/lib/node_modules/stf/res/common/logo/exports/favicon.ico;\r\n        proxy_pass      http://127.0.0.1:7100;\r\n        access_log      on;\r\n        expires 30d;\r\n    }\r\n    location /robots.txt {\r\n        root           /var/www/link_check/link_check/static/;\r\n        access_log      on;\r\n        log_not_found   off;\r\n    }\r\n    location /favicon.ico {\r\n        root            /var/www/link_check/link_check/static/;\r\n        access_log      off;\r\n        log_not_found   off;\r\n    }\r\n    location / {\r\n        proxy_pass          http://127.0.0.1:7100/;\r\n        proxy_redirect      off;\r\n        proxy_set_header    x-Real-IP        $remote_addr;\r\n        proxy_set_header    x-Forwarded-For  $proxy_add_x_forwarded_for;\r\n    }\r\n}</code></pre>\r\n\r\n<p>&nbsp;</p>\r\n\r\n<p><strong>4）问题解决</strong></p>\r\n\r\n<p>4.1） 主机无法访问到虚拟机的stf页面，但虚拟机中可以打开stf页面。</p>\r\n\r\n<p>在虚拟机中用docker启动stf时public-ip需要用主机的ip而不是虚拟机的ip，这样虚拟机和主机才都能访问到stf网页。</p>\r\n\r\n<p>4.2） 打开stf页面并且已经连接了手机，却总是显示disconnect。</p>\r\n\r\n<p>手机需要安装stfservice.apk。https://github.com/openstf/STFService.apk</p>\r\n\r\n<p>4.3)&nbsp; 当用npm install -g stf出现nnode-gyp rebuild相关的错误。</p>\r\n\r\n<p>使用该命令sudo npm install --unsafe-perm --verbose -g stf。https://github.com/openstf/stf/issues/61;&nbsp;https://github.com/openstf/stf/issues/995.</p>\r\n\r\n<p>4.4) 使用stf provider连接了其他主机的设备，可以使用，但是屏幕确实灰色一片，能操作就是看不到。</p>\r\n\r\n<p>在stf provider启动命令中加入--screen-ws-url-pattern的参数。目前在网上的资料都没咋看到用这个，不知道其他人怎么看到远程机的屏幕的。我是加上后就正常了。如上面的命令所示。</p>','2019-02-18 18:15:00.000000','2019-02-18 18:15:00.000000',2,1,1,508),(65,'django本地runserver出现css加载404的问题解决','<p>在服务器上工作正常，使用了uwsgi和nginx。</p>\r\n\r\n<p>但是打算在本地调试时，却出现了css加载提示404的错误，正要修改UI的我一脸懵逼。</p>\r\n\r\n<p>最后在stackoverflow上看到有用的解决方式：</p>\r\n\r\n<p>https://stackoverflow.com/questions/7574759/django-cant-get-static-css-files-to-load</p>\r\n\r\n<p>&quot;&quot;&quot;</p>\r\n\r\n<p style=\"margin-left:0px; margin-right:0px; text-align:left\">With Django 1.11.x+, you have to configure static files in&nbsp;<code>settings.py</code>&nbsp;as,</p>\r\n\r\n<pre style=\"margin-left:0px; margin-right:0px; text-align:left\">\r\n<code><span style=\"color:#303336; font-family:inherit; font-size:13px\">STATIC_URL </span><span style=\"color:#303336; font-family:inherit; font-size:13px\">=</span><span style=\"color:#303336; font-family:inherit; font-size:13px\"> </span><span style=\"color:#7d2727; font-family:inherit; font-size:13px\">&#39;/static/&#39;</span><span style=\"color:#303336; font-family:inherit; font-size:13px\"> </span><span style=\"color:#858c93; font-family:inherit; font-size:13px\"># the path in url</span><span style=\"color:#303336; font-family:inherit; font-size:13px\">\r\n\r\nSTATICFILES_DIRS </span><span style=\"color:#303336; font-family:inherit; font-size:13px\">=</span><span style=\"color:#303336; font-family:inherit; font-size:13px\"> </span><span style=\"color:#303336; font-family:inherit; font-size:13px\">[</span><span style=\"color:#303336; font-family:inherit; font-size:13px\">\r\n    os</span><span style=\"color:#303336; font-family:inherit; font-size:13px\">.</span><span style=\"color:#303336; font-family:inherit; font-size:13px\">path</span><span style=\"color:#303336; font-family:inherit; font-size:13px\">.</span><span style=\"color:#303336; font-family:inherit; font-size:13px\">join</span><span style=\"color:#303336; font-family:inherit; font-size:13px\">(</span><span style=\"color:#303336; font-family:inherit; font-size:13px\">BASE_DIR</span><span style=\"color:#303336; font-family:inherit; font-size:13px\">,</span><span style=\"color:#303336; font-family:inherit; font-size:13px\"> </span><span style=\"color:#7d2727; font-family:inherit; font-size:13px\">&quot;static&quot;</span><span style=\"color:#303336; font-family:inherit; font-size:13px\">),</span><span style=\"color:#303336; font-family:inherit; font-size:13px\">\r\n</span><span style=\"color:#303336; font-family:inherit; font-size:13px\">]</span></code></pre>\r\n\r\n<p style=\"margin-left:0px; margin-right:0px; text-align:left\">and use it with static template tag,</p>\r\n\r\n<pre style=\"margin-left:0px; margin-right:0px; text-align:left\">\r\n<code><span style=\"color:#303336; font-family:inherit; font-size:13px\">{%</span><span style=\"color:#303336; font-family:inherit; font-size:13px\"> load static </span><span style=\"color:#303336; font-family:inherit; font-size:13px\">%}</span><span style=\"color:#303336; font-family:inherit; font-size:13px\">\r\n</span><span style=\"color:#303336; font-family:inherit; font-size:13px\">&lt;</span><span style=\"color:#303336; font-family:inherit; font-size:13px\">link rel</span><span style=\"color:#303336; font-family:inherit; font-size:13px\">=</span><span style=\"color:#7d2727; font-family:inherit; font-size:13px\">&quot;stylesheet&quot;</span><span style=\"color:#303336; font-family:inherit; font-size:13px\"> href</span><span style=\"color:#303336; font-family:inherit; font-size:13px\">=</span><span style=\"color:#7d2727; font-family:inherit; font-size:13px\">&quot;{% static &#39;css/bootstrap.css&#39; %}&quot;</span><span style=\"color:#303336; font-family:inherit; font-size:13px\">&gt;</span></code></pre>\r\n\r\n<p>&quot;&quot;&quot;</p>\r\n\r\n<p>在settings中把STATIC_ROOT改成了上面的STATIFILES_DIRS，在base.html中{% load staticfiles %}改成了{% load static %}，debug改为true。然后再运行runserver就正常了，可以在本地调试UI了。</p>\r\n\r\n<p>file diff:</p>\r\n\r\n<pre>\r\n<code class=\"language-python\">ML000606689:django-blog bojiang$ git diff bobjiang/settings.py\r\ndiff --git a/bobjiang/settings.py b/bobjiang/settings.py\r\nindex 2c341fd..5692175 100644\r\n--- a/bobjiang/settings.py\r\n+++ b/bobjiang/settings.py\r\n@@ -23,8 +23,8 @@ BASE_DIR = os.path.dirname(os.path.dirname(os.path.abspath(__file__)))\r\n SECRET_KEY = \'o30=mn+6+^s!*96$!*0nq6r-i0+_s)uw-+kz%&amp;-fdcw30pkfoj\'\r\n\r\n # SECURITY WARNING: don\'t run with debug turned on in production!\r\n-#DEBUG = True\r\n-DEBUG = False\r\n+DEBUG = True\r\n+#DEBUG = False\r\n\r\n ALLOWED_HOSTS = [\'*\',]\r\n\r\n@@ -137,7 +137,10 @@ USE_TZ = False\r\n # https://docs.djangoproject.com/en/2.0/howto/static-files/\r\n\r\n STATIC_URL = \'/static/\'\r\n-STATIC_ROOT = os.path.join(BASE_DIR, \'static\')\r\n+#STATIC_ROOT = os.path.join(BASE_DIR, \'static\')\r\n+STATICFILES_DIRS = [\r\n+    os.path.join(BASE_DIR, \"static\"),\r\n+]\r\n #STATIC_ROOT = \'/home/bob/djproject/bobjiang/blog/static/\'\r\n\r\n MEDIA_ROOT = os.path.join(BASE_DIR, \'media\')</code></pre>\r\n\r\n<p>可用的settings.py:</p>\r\n\r\n<pre>\r\n<code class=\"language-python\">\"\"\"\r\nDjango settings for bobjiang project.\r\n\r\nGenerated by \'django-admin startproject\' using Django 2.0.6.\r\n\r\nFor more information on this file, see\r\nhttps://docs.djangoproject.com/en/2.0/topics/settings/\r\n\r\nFor the full list of settings and their values, see\r\nhttps://docs.djangoproject.com/en/2.0/ref/settings/\r\n\"\"\"\r\n\r\nimport os\r\n\r\n# Build paths inside the project like this: os.path.join(BASE_DIR, ...)\r\nBASE_DIR = os.path.dirname(os.path.dirname(os.path.abspath(__file__)))\r\n\r\n\r\n# Quick-start development settings - unsuitable for production\r\n# See https://docs.djangoproject.com/en/2.0/howto/deployment/checklist/\r\n\r\n# SECURITY WARNING: keep the secret key used in production secret!\r\nSECRET_KEY = \'o30=mn+6+^s!*96$!*0nq6r-i0+_s)uw-+kz%&amp;-fdcw30pkfoj\'\r\n\r\n# SECURITY WARNING: don\'t run with debug turned on in production!\r\nDEBUG = True\r\n#DEBUG = False\r\n\r\nALLOWED_HOSTS = [\'*\',]\r\n\r\nAPPEND_SLASH = True\r\n\r\n# Application definition\r\n\r\nINSTALLED_APPS = [\r\n    \'haystack\',\r\n    \'blog.apps.BlogConfig\',\r\n    \'django.contrib.admin\',\r\n    \'django.contrib.auth\',\r\n    \'django.contrib.contenttypes\',\r\n    \'django.contrib.sessions\',\r\n    \'django.contrib.messages\',\r\n    \'django.contrib.staticfiles\',\r\n    \'comments\',\r\n    \'ckeditor\',\r\n    \'ckeditor_uploader\',\r\n    #\'xadmin\',\r\n    #\'crispy_forms\',\r\n]\r\n\r\nMIDDLEWARE = [\r\n    \'django.middleware.security.SecurityMiddleware\',\r\n    \'django.contrib.sessions.middleware.SessionMiddleware\',\r\n    \'django.middleware.common.CommonMiddleware\',\r\n    \'django.middleware.csrf.CsrfViewMiddleware\',\r\n    \'django.contrib.auth.middleware.AuthenticationMiddleware\',\r\n    \'django.contrib.messages.middleware.MessageMiddleware\',\r\n    \'django.middleware.clickjacking.XFrameOptionsMiddleware\',\r\n]\r\n\r\nROOT_URLCONF = \'bobjiang.urls\'\r\n\r\nTEMPLATES = [\r\n    {\r\n        \'BACKEND\': \'django.template.backends.django.DjangoTemplates\',\r\n        \'DIRS\': [os.path.join(BASE_DIR, \'templates\')],\r\n        \'APP_DIRS\': True,\r\n        \'OPTIONS\': {\r\n            \'context_processors\': [\r\n                \'django.template.context_processors.debug\',\r\n                \'django.template.context_processors.request\',\r\n                \'django.contrib.auth.context_processors.auth\',\r\n                \'django.contrib.messages.context_processors.messages\',\r\n                \'bobjiang.context_processors.device\'\r\n            ],\r\n        },\r\n    },\r\n]\r\n\r\nWSGI_APPLICATION = \'bobjiang.wsgi.application\'\r\n\r\n\r\n# Database\r\n# https://docs.djangoproject.com/en/2.0/ref/settings/#databases\r\n\r\nDATABASES = {\r\n    \'default\': {\r\n        \'ENGINE\': \'django.db.backends.mysql\',\r\n        \'NAME\': \'dj-bobjiang-v2\',\r\n        \'USER\': \'blogeditor\',\r\n        \'PASSWORD\': \'20170218\',\r\n        \'HOST\': \'127.0.0.1\',\r\n        \'PORT\': 3306,\r\n        \'OPTIONS\': {\r\n            \'autocommit\': True,\r\n        },\r\n    }\r\n\r\n}\r\n\r\n\r\n# Password validation\r\n# https://docs.djangoproject.com/en/2.0/ref/settings/#auth-password-validators\r\n\r\nAUTH_PASSWORD_VALIDATORS = [\r\n    {\r\n        \'NAME\': \'django.contrib.auth.password_validation.UserAttributeSimilarityValidator\',\r\n    },\r\n    {\r\n        \'NAME\': \'django.contrib.auth.password_validation.MinimumLengthValidator\',\r\n    },\r\n    {\r\n        \'NAME\': \'django.contrib.auth.password_validation.CommonPasswordValidator\',\r\n    },\r\n    {\r\n        \'NAME\': \'django.contrib.auth.password_validation.NumericPasswordValidator\',\r\n    },\r\n]\r\n\r\n\r\n# Internationalization\r\n# https://docs.djangoproject.com/en/2.0/topics/i18n/\r\n\r\n#LANGUAGE_CODE = \'en-us\'\r\nLANGUAGE_CODE = \'zh-hans\'\r\n\r\nTIME_ZONE = \'Asia/Shanghai\'\r\n\r\nUSE_I18N = True\r\n\r\nUSE_L10N = True\r\n\r\nUSE_TZ = False\r\n\r\n\r\n# Static files (CSS, JavaScript, Images)\r\n# https://docs.djangoproject.com/en/2.0/howto/static-files/\r\n\r\nSTATIC_URL = \'/static/\'\r\n#STATIC_ROOT = os.path.join(BASE_DIR, \'static\')\r\nSTATICFILES_DIRS = [\r\n    os.path.join(BASE_DIR, \"static\"),\r\n]\r\n#STATIC_ROOT = \'/home/bob/djproject/bobjiang/blog/static/\'\r\n\r\nMEDIA_ROOT = os.path.join(BASE_DIR, \'media\')\r\nMEDIA_URL = \'/media/\'\r\nCKEDITOR_UPLOAD_PATH = \'upload/\'\r\nCKEDITOR_IMAGE_BACKEND = \'pillow\'\r\nCKEDITOR_BROWSE_SHOW_DIRS = True\r\nCKEDITOR_RESTRICT_BY_USER = True\r\n\r\nCKEDITOR_CONFIGS = {\r\n    \'default\': {\r\n         \'toolbar\': ([\'div\', \'Source\', \'-\', \'Save\', \'NewPage\', \'Preview\', \'-\', \'Templates\'],\r\n                    [\'Cut\', \'Copy\', \'Paste\', \'PasteText\', \'PasteFromWord\', \'-\',\'Print\',\'SpellChecker\',\'Scayt\'],\r\n                    [\'Undo\', \'Redo\', \'-\', \'Find\', \'Replace\', \'-\', \'SelectAll\', \'RemoveFormat\',\'-\',\'Maximize\', \'ShowBlocks\', \'-\',\"CodeSnippet\", \'Subscript\', \'Superscript\'],\r\n                    [\'Form\', \'Checkbox\', \'Radio\', \'TextField\', \'Textarea\', \'Select\', \'Button\', \'ImageButton\',\r\n                     \'HiddenField\'],\r\n                    [\'Bold\', \'Italic\', \'Underline\', \'Strike\', \'-\'],\r\n                    [\'NumberedList\', \'BulletedList\', \'-\', \'Outdent\', \'Indent\', \'Blockquote\'],\r\n                    [\'JustifyLeft\', \'JustifyCenter\', \'JustifyRight\', \'JustifyBlock\'],\r\n                    [\'Link\', \'Unlink\', \'Anchor\'],\r\n                    [\'Image\', \'Flash\', \'Table\', \'HorizontalRule\', \'Smiley\', \'SpecialChar\', \'PageBreak\'],\r\n                    [\'Styles\', \'Format\', \'Font\', \'FontSize\'],\r\n                    [\'TextColor\', \'BGColor\'],\r\n \r\n                    ),\r\n        \'extraPlugins\': \'codesnippet\',\r\n    }\r\n}\r\n\r\n# haystack\r\nHAYSTACK_CONNECTIONS = {\r\n    \'default\': {\r\n        \'ENGINE\': \'blog.whoosh_cn_backend.WhooshEngine\',\r\n        \'PATH\': os.path.join(BASE_DIR, \'whoosh_index\'),\r\n    },\r\n}\r\nHAYSTACK_SEARCH_RESULTS_PER_PAGE = 5\r\nHAYSTACK_SIGNAL_PROCESSOR = \'haystack.signals.RealtimeSignalProcessor\'\r\n\r\n</code></pre>\r\n\r\n<p>&nbsp;</p>\r\n\r\n<p>&nbsp;</p>','2019-02-26 14:04:00.000000','2019-02-26 14:10:00.000000',2,1,2,7),(66,'Appium运行前获取Desired Capabilities','<p>appium官方的一些说明：http://appium.io/docs/en/writing-running-appium/caps/</p>\r\n\r\n<p>对于ios：</p>\r\n\r\n<p>ideviceinstaller -l来获取手机安装app的bundleId</p>\r\n\r\n<p>udid可以访问url获取：<a href=\"http://fir.im/udid\"><u>http://fir.im/udid</u></a></p>\r\n\r\n<p><!--5f39ae17-8c62-4a45-bc43-b32064c9388a:W3siYmxvY2tJZCI6IjE2MzktMTUzMzAyNzM2MDE4MiIsImJsb2NrVHlwZSI6InBhcmFncmFwaCIsInN0eWxlcyI6eyJsaW5lLWhlaWdodCI6MS44NzUsImFsaWduIjoibGVmdCIsImluZGVudCI6MCwidGV4dC1pbmRlbnQiOjAsImJhY2stY29sb3IiOiIiLCJwYWRkaW5nIjoiIn0sInR5cGUiOiJwYXJhZ3JhcGgiLCJyaWNoVGV4dCI6eyJkYXRhIjpbeyJjaGFyIjoiaCIsInN0eWxlcyI6eyJ1bmRlcmxpbmUiOnRydWUsImNvbG9yIjoiIzAwMzg4NCIsImhyZWYiOiJodHRwOi8vZmlyLmltL3VkaWQifX0seyJjaGFyIjoidCIsInN0eWxlcyI6eyJ1bmRlcmxpbmUiOnRydWUsImNvbG9yIjoiIzAwMzg4NCIsImhyZWYiOiJodHRwOi8vZmlyLmltL3VkaWQifX0seyJjaGFyIjoidCIsInN0eWxlcyI6eyJ1bmRlcmxpbmUiOnRydWUsImNvbG9yIjoiIzAwMzg4NCIsImhyZWYiOiJodHRwOi8vZmlyLmltL3VkaWQifX0seyJjaGFyIjoicCIsInN0eWxlcyI6eyJ1bmRlcmxpbmUiOnRydWUsImNvbG9yIjoiIzAwMzg4NCIsImhyZWYiOiJodHRwOi8vZmlyLmltL3VkaWQifX0seyJjaGFyIjoiOiIsInN0eWxlcyI6eyJ1bmRlcmxpbmUiOnRydWUsImNvbG9yIjoiIzAwMzg4NCIsImhyZWYiOiJodHRwOi8vZmlyLmltL3VkaWQifX0seyJjaGFyIjoiLyIsInN0eWxlcyI6eyJ1bmRlcmxpbmUiOnRydWUsImNvbG9yIjoiIzAwMzg4NCIsImhyZWYiOiJodHRwOi8vZmlyLmltL3VkaWQifX0seyJjaGFyIjoiLyIsInN0eWxlcyI6eyJ1bmRlcmxpbmUiOnRydWUsImNvbG9yIjoiIzAwMzg4NCIsImhyZWYiOiJodHRwOi8vZmlyLmltL3VkaWQifX0seyJjaGFyIjoiZiIsInN0eWxlcyI6eyJ1bmRlcmxpbmUiOnRydWUsImNvbG9yIjoiIzAwMzg4NCIsImhyZWYiOiJodHRwOi8vZmlyLmltL3VkaWQifX0seyJjaGFyIjoiaSIsInN0eWxlcyI6eyJ1bmRlcmxpbmUiOnRydWUsImNvbG9yIjoiIzAwMzg4NCIsImhyZWYiOiJodHRwOi8vZmlyLmltL3VkaWQifX0seyJjaGFyIjoiciIsInN0eWxlcyI6eyJ1bmRlcmxpbmUiOnRydWUsImNvbG9yIjoiIzAwMzg4NCIsImhyZWYiOiJodHRwOi8vZmlyLmltL3VkaWQifX0seyJjaGFyIjoiLiIsInN0eWxlcyI6eyJ1bmRlcmxpbmUiOnRydWUsImNvbG9yIjoiIzAwMzg4NCIsImhyZWYiOiJodHRwOi8vZmlyLmltL3VkaWQifX0seyJjaGFyIjoiaSIsInN0eWxlcyI6eyJ1bmRlcmxpbmUiOnRydWUsImNvbG9yIjoiIzAwMzg4NCIsImhyZWYiOiJodHRwOi8vZmlyLmltL3VkaWQifX0seyJjaGFyIjoibSIsInN0eWxlcyI6eyJ1bmRlcmxpbmUiOnRydWUsImNvbG9yIjoiIzAwMzg4NCIsImhyZWYiOiJodHRwOi8vZmlyLmltL3VkaWQifX0seyJjaGFyIjoiLyIsInN0eWxlcyI6eyJ1bmRlcmxpbmUiOnRydWUsImNvbG9yIjoiIzAwMzg4NCIsImhyZWYiOiJodHRwOi8vZmlyLmltL3VkaWQifX0seyJjaGFyIjoidSIsInN0eWxlcyI6eyJ1bmRlcmxpbmUiOnRydWUsImNvbG9yIjoiIzAwMzg4NCIsImhyZWYiOiJodHRwOi8vZmlyLmltL3VkaWQifX0seyJjaGFyIjoiZCIsInN0eWxlcyI6eyJ1bmRlcmxpbmUiOnRydWUsImNvbG9yIjoiIzAwMzg4NCIsImhyZWYiOiJodHRwOi8vZmlyLmltL3VkaWQifX0seyJjaGFyIjoiaSIsInN0eWxlcyI6eyJ1bmRlcmxpbmUiOnRydWUsImNvbG9yIjoiIzAwMzg4NCIsImhyZWYiOiJodHRwOi8vZmlyLmltL3VkaWQifX0seyJjaGFyIjoiZCIsInN0eWxlcyI6eyJ1bmRlcmxpbmUiOnRydWUsImNvbG9yIjoiIzAwMzg4NCIsImhyZWYiOiJodHRwOi8vZmlyLmltL3VkaWQifX1dLCJpc1JpY2hUZXh0Ijp0cnVlLCJrZWVwTGluZUJyZWFrIjp0cnVlfX1d--></p>\r\n\r\n<p>&nbsp;</p>\r\n\r\n<p>&nbsp;</p>\r\n\r\n<p>对于android：</p>\r\n\r\n<p>devicename: &nbsp; &nbsp;adb devices ？</p>\r\n\r\n<p>platformversion : &nbsp; adb shell getprop ro.build.version.release</p>\r\n\r\n<p>appPackage: aapt dump badging 安装包地址 ？ 不过我试过用adb logcat &gt; path,然后打开这个保存的文件搜索&lsquo;pkg&rsquo;或者&lsquo;package&rsquo;之类的关键词。用ui automator view识别了当前页面，选择按钮查看属性也能看到package的信息。</p>\r\n\r\n<p>appActivity ： 打开app，然后输入命令adb shell &quot;dumpsys window | grep mCurrentFocus&quot;&nbsp; 。其实package也可以看到，在一起。</p>\r\n\r\n<p>&nbsp;</p>','2019-02-28 17:50:00.000000','2019-02-28 17:50:00.000000',2,1,2,9),(67,'ruby在gem list/install时提示编码等错误的解决方法','<p>有时候在windows上用gem list时都会提示如下错误，很少情况，有一个同事遇到：</p>\r\n\r\n<p>C:/Ruby24-x64/lib/ruby/2.4.0/win32/registry.rb:910:in `encode&#39;: U+6709 to IBM437 in conversion from UTF-16LE to UTF-8 to IBM437 (Encoding::UndefinedConversionError)</p>\r\n\r\n<p>这个在修改C:/Ruby24-x64/lib/ruby/2.4.0/win32/registry.rb里，修改如下内容：</p>\r\n\r\n<pre>\r\n<code class=\"language-ruby\">#注释下一行\r\n#LOCALE = Encoding.find(Encoding.locale_charmap)\r\n#新增下一行\r\nLOCALE = Encoding::UTF_8</code></pre>\r\n\r\n<p>但如果又遇到了无法gem install的错误的时候，比如错误提示是：</p>\r\n\r\n<p>install bundler:1.16.2&nbsp; ERROR:&nbsp; While executing gem ... (Encoding::CompatibilityError)&nbsp; incompatible character encodings: UTF-8 and ASCII-8BIT</p>\r\n\r\n<p>那么修改两个文件就解决了：</p>\r\n\r\n<pre>\r\n<code class=\"language-ruby\">#C:\\Ruby22-x64\\lib\\ruby\\2.2.0\\win32\\registry.rb\r\n#LOCALE = Encoding.find(Encoding.locale_charmap)\r\nLOCALE = Encoding::UTF_8\r\nEncoding.default_internal = Encoding::UTF_8\r\n\r\n#C:\\Ruby22-x64\\lib\\ruby\\2.2.0\\resolv.rb\r\n#request[0,2] = [id].pack(\'n\')\r\nrequest[0,2] = [id].pack(\'U\')\r\n</code></pre>\r\n\r\n<p>&nbsp;</p>','2019-03-01 18:07:00.000000','2019-03-01 18:07:00.000000',2,1,1,95),(68,'openstf与appium集成以自动化操作远程手机设备','<p>在本文中会介绍如何自动化操作远程手机设备，可以用于自动化测试或者其他用途。</p>\r\n\r\n<p>stf可以统一管理和控制许多的手机设备，这比公司里分散管理要好得多，就像一个图书馆一样，也可以提高设备的使用率，不用谁请假了他借的手机就只有他回来才能被别人用，晚上设备也可以用于自动化测试，挺好。在前一篇文章中，已经记录了openstf的环境搭建和一些问题的解决方式：<a href=\"https://www.byincd.com/bobjiang/article-0164/\">https://www.byincd.com/bobjiang/article-0164/</a>。</p>\r\n\r\n<p>同事们可以在stf上借手机和归还手机，要用于自动化测试总不能用人工借了手机再跑测试，这个对于个人调试脚本时没有问题，但是如果是自动触发回归的话就很尴尬了。其实也不然，因为stf也有一些restful api，可以通过api占用设备，并将设备连接，在使用完了后释放设备资源供其他脚本和其他人使用。</p>\r\n\r\n<p>通过stf和appium集成在一起，可以同时达到管理手机和自动化操作手机。</p>\r\n\r\n<p>基本流程是：</p>\r\n\r\n<p>1） stf已经识别和连接本机手机和远程手机，远程手机是用stf provider加上adb来连接，相当于连接到搭建stf的服务器。</p>\r\n\r\n<p>2） 自动化脚本通过api查询可用设备，并占用该设备和获取连接ip+port，通过adb把远程手机连接到本机。</p>\r\n\r\n<p>3） 脚本运行或者自定义操作。</p>\r\n\r\n<p>4） 通过api释放资源。</p>\r\n\r\n<p>差不多像下面这样的，画得丑别介意。。</p>\r\n\r\n<p><img alt=\"\" src=\"/media/upload/Bo/2019/03/07/stf_processon.png\" style=\"height:402px; width:800px\" /></p>\r\n\r\n<p>stf搭建好了后用这个去访问能看到设备的各种数据：your_ip/api/v1/devices/ ，比如：</p>\r\n\r\n<pre>\r\n<code class=\"language-json\">{\r\n	\"success\": true,\r\n	\"devices\": [{\r\n		\"abi\": \"arm64-v8a\",\r\n		\"airplaneMode\": false,\r\n		\"battery\": {\r\n			\"health\": \"good\",\r\n			\"level\": 85,\r\n			\"scale\": 100,\r\n			\"source\": \"usb\",\r\n			\"status\": \"charging\",\r\n			\"temp\": 26.9,\r\n			\"voltage\": 4.26\r\n		},\r\n		\"browser\": {\r\n			\"apps\": [{\r\n				\"id\": \"com.android.chrome/com.google.android.apps.chrome.Main\",\r\n				\"name\": \"Chrome\",\r\n				\"selected\": true,\r\n				\"system\": true,\r\n				\"type\": \"chrome\",\r\n				\"developer\": \"Google Inc.\"\r\n			}],\r\n			\"selected\": true\r\n		},\r\n		\"channel\": \"u3Kg7gUkA3Qy6DmKpCsZoHWFwio=\",\r\n		\"cpuPlatform\": \"exynos5\",\r\n		\"createdAt\": \"2019-03-06T01:32:42.744Z\",\r\n		\"display\": {\r\n			\"density\": 4,\r\n			\"fps\": 59,\r\n			\"height\": 2560,\r\n			\"id\": 0,\r\n			\"rotation\": 0,\r\n			\"secure\": true,\r\n			\"size\": 5.503512859344482,\r\n			\"url\": \"ws://10.109.1.65:7452\",\r\n			\"width\": 1440,\r\n			\"xdpi\": 522.5139770507812,\r\n			\"ydpi\": 537.3880004882812\r\n		},\r\n		\"manufacturer\": \"SAMSUNG\",\r\n		\"model\": \"SM-G920V\",\r\n		\"network\": {\r\n			\"connected\": false,\r\n			\"failover\": false,\r\n			\"roaming\": false,\r\n			\"subtype\": null,\r\n			\"type\": null\r\n		},\r\n		\"openGLESVersion\": \"3.1\",\r\n		\"operator\": null,\r\n		\"owner\": {\r\n			\"email\": \"bo.jiang@activenetwork.com\",\r\n			\"group\": \"O3yiHfGuQJmwtd2lqpOasA==\",\r\n			\"name\": \"bojiang\"\r\n		},\r\n		\"phone\": {\r\n			\"iccid\": null,\r\n			\"imei\": \"990004861204448\",\r\n			\"imsi\": null,\r\n			\"network\": \"UNKNOWN\",\r\n			\"phoneNumber\": null\r\n		},\r\n		\"platform\": \"Android\",\r\n		\"presenceChangedAt\": \"2019-03-06T01:41:15.949Z\",\r\n		\"present\": true,\r\n		\"product\": \"zerofltevzw\",\r\n		\"provider\": {\r\n			\"channel\": \"WbFbnjfcTxOJKAxCTVfqew==\",\r\n			\"name\": \"Mac-mini.local\"\r\n		},\r\n		\"ready\": true,\r\n		\"remoteConnect\": false,\r\n		\"remoteConnectUrl\": null,\r\n		\"reverseForwards\": [],\r\n		\"sdk\": \"21\",\r\n		\"serial\": \"03157df36144d40d\",\r\n		\"status\": 3,\r\n		\"statusChangedAt\": \"2019-03-06T01:41:15.949Z\",\r\n		\"usage\": \"automation\",\r\n		\"usageChangedAt\": \"2019-03-06T01:41:24.385Z\",\r\n		\"version\": \"5.0.2\",\r\n		\"using\": true\r\n	}]\r\n}</code></pre>\r\n\r\n<p>当present为true和using为false时就可以确定设备可用，占用该设备后，再次取设备json可以看到remoteConnectUrl，这个地址就可以用于adb的连接。就是resetful api的get/post/put/delete行为，就可以满足我们的需要了。然后就可以指定对应设备的desired capability便可用appium来操作手机，和本机调试差不多了。</p>\r\n\r\n<p>api的作用可以参考官方的说明文档: <a href=\"https://github.com/openstf/stf/blob/master/doc/API.md\">https://github.com/openstf/stf/blob/master/doc/API.md</a></p>\r\n\r\n<p>api的一些使用可以参考我在github写过的python项目：<a href=\"https://github.com/bobjiangps/stf_appium_python_sample\">https://github.com/bobjiangps/stf_appium_python_sample</a></p>\r\n\r\n<p>比如：</p>\r\n\r\n<pre>\r\n<code class=\"language-python\">class StfDevices:\r\n\r\n    def __init__(self, ip):\r\n        self.ip = ip\r\n        self.prefix = \"http://\"\r\n        self.device_suffix = \"/api/v1/devices\"\r\n        self.user_device_suffix = \"/api/v1/user/devices\"\r\n        self.token = \"951cfcdf4bc045849f55e810d863fbecaf01b07b54cf49879b573a77a8c389f4\"\r\n        self.device_url = self.prefix + self.ip + self.device_suffix\r\n        self.user_device_url = self.prefix + self.ip + self.user_device_suffix\r\n\r\n    def __get_all_devices_info(self):\r\n        headers = {\"Authorization\": \"Bearer \" + self.token}\r\n        result = requests.get(self.device_url, headers=headers)\r\n        return result\r\n\r\n    def count_available_devices(self):\r\n        all_devices = self.__get_all_devices_info()\r\n        available_devices = []\r\n        if all_devices.status_code == 200:\r\n            devices_json = json.loads(all_devices.text)\r\n            if devices_json[\"success\"]:\r\n                for d in devices_json[\"devices\"]:\r\n                    if d[\"present\"] == True and d[\"using\"] == False:\r\n                        available_devices.append(d)\r\n                print(\"%d devices available for you to use\" % len(available_devices))\r\n                return len(available_devices), available_devices\r\n            else:\r\n                print(\"failed to get devices info\")\r\n        else:\r\n            print(\"wrong status: %d\" % all_devices.status_code)</code></pre>\r\n\r\n<p>&nbsp;</p>','2019-03-07 15:05:00.000000','2019-03-07 15:05:00.000000',2,1,1,171),(69,'我认为的自动化测试的几个层次','<p>从下往上，从易到难的话，我觉得是：</p>\r\n\r\n<p>1. 自动化操作，按照预定的逻辑来检验期望的结果，操作网页元素或者软件控件。也可以分为录制和独立脚本，设计的脚本还可以根据封装重用数据驱动关键字驱动再分。</p>\r\n\r\n<p>2. 自动化流程。把整个流程都串起来，自动触发测试并进入下一阶段，比如devops，持续集成，持续交付。</p>\r\n\r\n<p>3. 自动设计脚本程序，减少人为介入。可以根据提供的一些信息自动生成测试脚本用于回归等用途，需要涉及到AI的部分了，或许爬虫也有用，虽然少但仍需要人的主观意识的介入。</p>\r\n\r\n<p>4. 自动根据产品类型，运行情况，代码提交修改情况等决定该跑哪些测试脚本、调整测试范围、更新测试内容、分析测试结果。AI的进阶，可以完全脱离人力。</p>','2019-03-20 10:23:00.000000','2019-03-20 10:23:00.000000',2,2,2,1),(72,'常用linux命令的例子','<p>查找文件：find /etc -name &#39;*srm*&#39;&nbsp;</p>\r\n\r\n<p>查找包含关键词在内容中的文件：grep -rn &quot;django&quot; /usr/local</p>\r\n\r\n<p>cpu使用最高的前三个：ps aux|head -1;ps aux|grep -v PID|sort -rn -k +3|head -3</p>\r\n\r\n<p>mem使用最高的前三个：&nbsp;ps aux|head -1;ps aux|grep -v PID|sort -rn -k +4|head -3</p>\r\n\r\n<p>文件夹下按大小排序列出前5个：&nbsp;du -s /usr/* &nbsp;|sort -nr | head -5&nbsp; （du -h 会有排序问题）</p>\r\n\r\n<p>找出大于5G的文件：sudo find / -type f -size +5G</p>\r\n\r\n<p>找出大于5G的文件并排序：sudo find / -type f -size +5G -print0 | xargs -0 du -h | sort -nr</p>','2019-05-21 14:54:00.000000','2019-05-21 14:54:00.000000',2,1,2,4),(73,'windows上git push出现access denied的解决办法','<p>目前可以这样：</p>\r\n\r\n<p>https://docs.gitlab.com/ce/ssh/README.html<br />\r\n1. 在windows上用git bash执行命令：ssh-keygen -t rsa -C &quot;your.email@example.com&quot; -b 4096<br />\r\n2. 在提示中，可以使用默认的地址存储，比如c:/Users/active/.ssh/id_rsa，提示输入密码，我输入了123456<br />\r\n3. 然后切换到路径c:/Users/active/.ssh/，执行命令：cat id_rsa.pub | clip<br />\r\n4. 登录到gitlab，在个人设置页面的ssh key的tab下，按ctrl v粘贴刚才命令中复制的内容，编辑title，保存这个key<br />\r\n5. 重新打开一个cmd，选择一个路径，执行git clone &mdash;recursive git@gitlab.dev.xxx.com:bbb/ccc.git，提示输入密码的话，就用刚才的密码123456，可以成功pull和push了</p>\r\n\r\n<p>&nbsp;</p>\r\n\r\n<p>sudo ssh-add /Users/bojiang/Documents/gitlab_key/gitlab_bj</p>\r\n\r\n<p>Token string: i2Ed3w9Ft4soA9dbBmxB</p>','2019-05-30 15:34:49.116690','2019-05-30 15:34:49.125914',2,1,2,2),(74,'用safari跑web自动化','<p>做web自动化时，大部分是在chrome上运行，毕竟支持最好。不过偶尔也会有其他主流浏览器的需求(Firefox, IE, Edge, Safari)。</p>\r\n\r\n<p>safari其实用得很少，因为最近在重写测试框架，在web的部分需要调试多种浏览器，就在这里再记录一下以免忘记。</p>\r\n\r\n<p>其他浏览器就是把浏览器的driver配置在PATH里就可以运行了，对于IE需要修改下注册表：</p>\r\n\r\n<pre>\r\n<code>For IE 11 only, you will need to set a registry entry on the target computer so that the driver can maintain a connection to the instance of Internet Explorer it creates. \r\nFor 64-bit Windows installations, the key is HKEY_LOCAL_MACHINE\\SOFTWARE\\Wow6432Node\\Microsoft\\Internet Explorer\\Main\\FeatureControl\\FEATURE_BFCACHE. \r\nPlease note that the FEATURE_BFCACHE subkey may or may not be present, and should be created if it is not present. \r\nImportant: Inside this key, create a DWORD value named iexplore.exe with the value of 0.</code></pre>\r\n\r\n<p>对于safari，就需要一个mac。safaridriver的路径在/usr/bin/safaridriver，不需要单独下载。</p>\r\n\r\n<p>启动safaridriver：safaridriver --enable；然后打开safari，选择reference-&gt;advanced，勾选&ldquo;Show Develop menu in menu bar&rdquo;，然后在菜单Develop中勾选Allow Remote Automation。</p>\r\n\r\n<p>现在就可以启动safari运行web测试了。</p>\r\n\r\n<p>对于其他浏览器的driver，我在github上也放了一份能用的，毕竟有时候因为有墙没法下载chromedriver，还可以从github上拉一份，地址是<a href=\"https://github.com/bobjiangps/selenium_browser_drivers\">https://github.com/bobjiangps/selenium_browser_drivers</a></p>\r\n\r\n<p>&nbsp;</p>\r\n\r\n<p>&nbsp;</p>','2019-06-11 11:04:00.000000','2019-06-11 11:04:00.000000',2,1,1,23),(75,'webdriver中模拟mobile browser的两种方式','<p>在开发或测试时，有时需要检验一下手机上的效果，在非正式发布时，可以使用chrome来模拟mobile browser。</p>\r\n\r\n<p>第一种方式是使用mobile emulation。chrome已经预定义了多种手机的参数和大小，可以使用指定的device name来模拟对应的手机浏览器来检验效果。比如：</p>\r\n\r\n<pre>\r\n<code class=\"language-python\">#python\r\nfrom selenium import webdriver\r\n\r\nmobileEmulation = {\'deviceName\': \'iPhone X\'}\r\noptions = webdriver.ChromeOptions()\r\noptions.add_experimental_option(\'mobileEmulation\', mobileEmulation)\r\ndriver = webdriver.Chrome(options=chrome_options)\r\ndriver.get(\'https://www.byincd.com\')\r\ndriver.quit()</code></pre>\r\n\r\n<p>那么有哪些设备可以让我选择呢？其实在chrome的设置里已经标明了，也可以自行添加自己需要的类型参数。如下图。</p>\r\n\r\n<p><img alt=\"\" src=\"/media/upload/Bo/2019/06/12/mobileemulation_devicelist.png\" style=\"height:451px; width:600px\" /></p>\r\n\r\n<p>第二种方式是启动浏览器时指定user agent，各种类型设备的user agent可以在这里查询：<a href=\"https://developers.whatismybrowser.com/\">https://developers.whatismybrowser.com/</a>&nbsp;。</p>\r\n\r\n<pre>\r\n<code class=\"language-python\">#python\r\nfrom selenium import webdriver\r\n\r\nchrome_options = webdriver.ChromeOptions()\r\nchrome_options.add_argument(\'--user-agent=Mozilla/5.0 (Linux; Android 9; SM-G960F Build/PPR1.180610.011; wv) AppleWebKit/537.36 (KHTML, like Gecko) Version/4.0 Chrome/74.0.3729.157 Mobile Safari/537.36\')\r\ndriver = webdriver.Chrome(chrome_options=chrome_options)\r\ndriver.get(\"https://www.byincd.com/\")\r\ndriver.quit()</code></pre>\r\n\r\n<p>&nbsp;</p>\r\n\r\n<p>当然，这两种都差不多了，可以结合在一起传递给webdriver，比如下面的是我以前写的：</p>\r\n\r\n<pre>\r\n<code class=\"language-python\">#python\r\nclass SimulateMobileBrowserDriver:\r\n\r\n    @classmethod\r\n    def create(cls, device_name):\r\n        user_agents = {\r\n            \"iPhone\": \"Mozilla/5.0 (iPhone; CPU iPhone OS 12_2 like Mac OS X) AppleWebKit/605.1.15 (KHTML, like Gecko) Version/12.1 Mobile/15E148 Safari/604.1\",\r\n            \"Android\": \"Mozilla/5.0 (Linux; Android 9; SM-G960F Build/PPR1.180610.011; wv) AppleWebKit/537.36 (KHTML, like Gecko) Version/4.0 Chrome/74.0.3729.157 Mobile Safari/537.36\",\r\n            \"iPad\": \"Mozilla/5.0 (iPad; CPU OS 12_2 like Mac OS X) AppleWebKit/605.1.15 (KHTML, like Gecko) Version/12.1 Mobile/15E148 Safari/604.1\"\r\n        }\r\n        device_metrics = {\r\n            \"iPhone\": {\"width\": 360, \"height\": 640},\r\n            \"Android\": {\"width\": 360, \"height\": 640},\r\n            \"iPad\": {\"width\": 768, \"height\": 1024},\r\n        }\r\n        if device_name in user_agents.keys():\r\n            mobile_emulation = {\"deviceMetrics\": device_metrics[device_name], \"userAgent\": user_agents[device_name]}\r\n            print(mobile_emulation)\r\n        else:\r\n            mobile_emulation = {\"deviceName\": device_name}\r\n        chrome_options = webdriver.ChromeOptions()\r\n        chrome_options.add_experimental_option(\"mobileEmulation\", mobile_emulation)\r\n        return webdriver.Chrome(options=chrome_options)</code></pre>\r\n\r\n<p>&nbsp;</p>','2019-06-12 15:11:00.000000','2019-06-12 15:11:00.000000',2,1,1,20);
/*!40000 ALTER TABLE `blog_post` ENABLE KEYS */;
UNLOCK TABLES;

--
-- Table structure for table `blog_post_tag`
--

DROP TABLE IF EXISTS `blog_post_tag`;
/*!40101 SET @saved_cs_client     = @@character_set_client */;
/*!40101 SET character_set_client = utf8 */;
CREATE TABLE `blog_post_tag` (
  `id` int(11) NOT NULL AUTO_INCREMENT,
  `post_id` int(11) NOT NULL,
  `tag_id` int(11) NOT NULL,
  PRIMARY KEY (`id`),
  UNIQUE KEY `blog_post_tag_post_id_tag_id_ba2a5f83_uniq` (`post_id`,`tag_id`),
  KEY `blog_post_tag_tag_id_2bbd31e4_fk_blog_tag_id` (`tag_id`),
  CONSTRAINT `blog_post_tag_post_id_a5c00319_fk_blog_post_id` FOREIGN KEY (`post_id`) REFERENCES `blog_post` (`id`),
  CONSTRAINT `blog_post_tag_tag_id_2bbd31e4_fk_blog_tag_id` FOREIGN KEY (`tag_id`) REFERENCES `blog_tag` (`id`)
) ENGINE=InnoDB AUTO_INCREMENT=66 DEFAULT CHARSET=utf8;
/*!40101 SET character_set_client = @saved_cs_client */;

--
-- Dumping data for table `blog_post_tag`
--

LOCK TABLES `blog_post_tag` WRITE;
/*!40000 ALTER TABLE `blog_post_tag` DISABLE KEYS */;
INSERT INTO `blog_post_tag` VALUES (20,39,11),(21,39,12),(22,40,2),(23,41,1),(24,41,3),(27,43,4),(26,43,8),(31,43,14),(32,45,4),(30,45,7),(29,45,13),(34,46,4),(33,46,8),(42,53,16),(36,54,1),(38,55,4),(37,55,8),(39,55,14),(40,56,1),(41,56,3),(43,58,16),(44,59,1),(45,59,3),(46,60,8),(47,61,17),(48,61,18),(49,62,1),(50,63,19),(51,64,20),(52,64,21),(53,65,3),(54,66,14),(55,67,11),(57,68,4),(56,68,8),(59,68,14),(58,68,20),(60,69,4),(61,72,22),(62,74,4),(63,74,7),(64,75,4),(65,75,7);
/*!40000 ALTER TABLE `blog_post_tag` ENABLE KEYS */;
UNLOCK TABLES;

--
-- Table structure for table `blog_tag`
--

DROP TABLE IF EXISTS `blog_tag`;
/*!40101 SET @saved_cs_client     = @@character_set_client */;
/*!40101 SET character_set_client = utf8 */;
CREATE TABLE `blog_tag` (
  `id` int(11) NOT NULL AUTO_INCREMENT,
  `name` varchar(100) NOT NULL,
  PRIMARY KEY (`id`)
) ENGINE=InnoDB AUTO_INCREMENT=23 DEFAULT CHARSET=utf8;
/*!40101 SET character_set_client = @saved_cs_client */;

--
-- Dumping data for table `blog_tag`
--

LOCK TABLES `blog_tag` WRITE;
/*!40000 ALTER TABLE `blog_tag` DISABLE KEYS */;
INSERT INTO `blog_tag` VALUES (1,'python'),(2,'阿里云'),(3,'django'),(4,'自动化测试'),(5,'性能测试'),(6,'测试框架'),(7,'web测试'),(8,'app测试'),(9,'api测试'),(10,'测试用'),(11,'ruby'),(12,'rails'),(13,'selenium'),(14,'appium'),(15,'杂谈'),(16,'心情'),(17,'Jupyter Notebook'),(18,'Nginx'),(19,'Android'),(20,'openstf'),(21,'Docker'),(22,'linux');
/*!40000 ALTER TABLE `blog_tag` ENABLE KEYS */;
UNLOCK TABLES;

--
-- Table structure for table `blog_visiable`
--

DROP TABLE IF EXISTS `blog_visiable`;
/*!40101 SET @saved_cs_client     = @@character_set_client */;
/*!40101 SET character_set_client = utf8 */;
CREATE TABLE `blog_visiable` (
  `id` int(11) NOT NULL AUTO_INCREMENT,
  `name` varchar(100) NOT NULL,
  PRIMARY KEY (`id`)
) ENGINE=InnoDB AUTO_INCREMENT=3 DEFAULT CHARSET=utf8;
/*!40101 SET character_set_client = @saved_cs_client */;

--
-- Dumping data for table `blog_visiable`
--

LOCK TABLES `blog_visiable` WRITE;
/*!40000 ALTER TABLE `blog_visiable` DISABLE KEYS */;
INSERT INTO `blog_visiable` VALUES (1,'public'),(2,'private');
/*!40000 ALTER TABLE `blog_visiable` ENABLE KEYS */;
UNLOCK TABLES;

--
-- Table structure for table `comments_comment`
--

DROP TABLE IF EXISTS `comments_comment`;
/*!40101 SET @saved_cs_client     = @@character_set_client */;
/*!40101 SET character_set_client = utf8 */;
CREATE TABLE `comments_comment` (
  `id` int(11) NOT NULL AUTO_INCREMENT,
  `name` varchar(100) NOT NULL,
  `email` varchar(255) NOT NULL,
  `content` longtext NOT NULL,
  `created_time` datetime(6) NOT NULL,
  `post_id` int(11) NOT NULL,
  PRIMARY KEY (`id`),
  KEY `comments_comment_post_id_96a9ac05_fk_blog_post_id` (`post_id`),
  CONSTRAINT `comments_comment_post_id_96a9ac05_fk_blog_post_id` FOREIGN KEY (`post_id`) REFERENCES `blog_post` (`id`)
) ENGINE=InnoDB AUTO_INCREMENT=35 DEFAULT CHARSET=utf8;
/*!40101 SET character_set_client = @saved_cs_client */;

--
-- Dumping data for table `comments_comment`
--

LOCK TABLES `comments_comment` WRITE;
/*!40000 ALTER TABLE `comments_comment` DISABLE KEYS */;
INSERT INTO `comments_comment` VALUES (16,'test','test@byincd.com','check','2018-08-11 10:49:22.081665',38),(17,'Bo','bobjiang@byincd.com','new comment','2018-08-11 10:51:42.822599',38),(19,'Bo','test@byincd.com','提交了','2018-08-11 11:39:22.628285',38),(22,'小虎','10406043@163.com','同感','2018-10-16 13:21:34.295191',53),(23,'Yan','494374296@qq.com','对于生命心怀感激，对于生活知足感恩，珍惜每一个陪伴的瞬间，抱有一颗单纯善良的心。','2019-01-02 10:04:26.002151',58),(24,'chen','578056709@qq.com','最近一年我也经常会有这种感触，时常会觉得生活无聊，不懂这样的生活有什么意义，且还会被各种琐事困扰，有时都觉得这种生活很痛苦，但是想想支持自己的亲人朋友，又有了坚持下去的动力。珍惜每一天，自己不觉得虚度光阴就好了吧','2019-01-02 12:50:51.749069',58),(25,'guoqiang','yanguoqianghb@foxmail.com','使用--adb host这种只能再加一台机器吧；','2019-03-26 11:21:28.767920',64),(26,'guoqiang','yanguoqianghb@foxmail.com','如果我要再加一台机器，就是1台Master上装stf，还有两台Slave未安装stf，这里--adb-host参数该如何添加？谢谢','2019-03-26 11:23:45.168144',64),(27,'Bo','jbsv43@sina.com','@guoqiang, 我现在暂时没有多余的设备验证你提到的问题，如果你目前比较急的话，可以用usb分线器让足够多的手机连接到你的机器上','2019-03-26 15:52:22.590227',64),(28,'Sam','10406043@163.com','可以使用ready的值来判断吗？','2019-04-04 11:33:59.722724',68),(31,'Bo','jbsv43@sina.com','@Sam, “ready”不准确，当你的手机未连接时仍可能为true，所以用的“present”。','2019-04-04 13:58:39.689750',68),(32,'Bo','bobjiang@byincd.com','validate','2019-04-06 19:19:53.256733',38),(33,'Bo','jbsv43@sina.com','20190409','2019-04-09 10:28:23.498414',38),(34,'Bo','jbsv43@sina.com','20190412','2019-04-12 13:55:53.995571',38);
/*!40000 ALTER TABLE `comments_comment` ENABLE KEYS */;
UNLOCK TABLES;

--
-- Table structure for table `django_admin_log`
--

DROP TABLE IF EXISTS `django_admin_log`;
/*!40101 SET @saved_cs_client     = @@character_set_client */;
/*!40101 SET character_set_client = utf8 */;
CREATE TABLE `django_admin_log` (
  `id` int(11) NOT NULL AUTO_INCREMENT,
  `action_time` datetime(6) NOT NULL,
  `object_id` longtext,
  `object_repr` varchar(200) NOT NULL,
  `action_flag` smallint(5) unsigned NOT NULL,
  `change_message` longtext NOT NULL,
  `content_type_id` int(11) DEFAULT NULL,
  `user_id` int(11) NOT NULL,
  PRIMARY KEY (`id`),
  KEY `django_admin_log_content_type_id_c4bce8eb_fk_django_co` (`content_type_id`),
  KEY `django_admin_log_user_id_c564eba6_fk_auth_user_id` (`user_id`),
  CONSTRAINT `django_admin_log_content_type_id_c4bce8eb_fk_django_co` FOREIGN KEY (`content_type_id`) REFERENCES `django_content_type` (`id`),
  CONSTRAINT `django_admin_log_user_id_c564eba6_fk_auth_user_id` FOREIGN KEY (`user_id`) REFERENCES `auth_user` (`id`)
) ENGINE=InnoDB AUTO_INCREMENT=217 DEFAULT CHARSET=utf8;
/*!40101 SET character_set_client = @saved_cs_client */;

--
-- Dumping data for table `django_admin_log`
--

LOCK TABLES `django_admin_log` WRITE;
/*!40000 ALTER TABLE `django_admin_log` DISABLE KEYS */;
INSERT INTO `django_admin_log` VALUES (1,'2018-06-27 03:22:44.566009','2','Bo',1,'[{\"added\": {}}]',4,1),(2,'2018-06-27 03:23:17.097821','1','第一篇文章',1,'[{\"added\": {}}]',7,1),(3,'2018-06-27 03:23:59.009862','1','第一篇文章',2,'[{\"changed\": {\"fields\": [\"published_date\"]}}]',7,1),(4,'2018-06-27 03:24:24.756236','2','第二篇文章',1,'[{\"added\": {}}]',7,1),(5,'2018-06-27 07:47:44.471793','2','第二篇文章',2,'[{\"changed\": {\"fields\": [\"published_date\"]}}]',7,1),(6,'2018-06-27 09:02:19.307639','1','第一篇文章',2,'[{\"changed\": {\"fields\": [\"text\", \"published_date\"]}}]',7,1),(7,'2018-06-27 09:34:53.991242','1','鲁迅-白光',2,'[{\"changed\": {\"fields\": [\"title\", \"text\"]}}]',7,1),(8,'2018-06-27 09:36:04.880249','2','苏轼-水调歌头',2,'[{\"changed\": {\"fields\": [\"title\", \"text\"]}}]',7,1),(9,'2018-06-28 02:57:57.648952','1','鲁迅-白光',2,'[{\"changed\": {\"fields\": [\"published_date\"]}}]',7,1),(10,'2018-06-28 02:58:22.812107','1','鲁迅-白光',2,'[{\"changed\": {\"fields\": [\"published_date\"]}}]',7,1),(11,'2018-06-28 02:58:30.159522','1','鲁迅-白光',2,'[{\"changed\": {\"fields\": [\"published_date\"]}}]',7,1),(12,'2018-06-28 06:41:58.169345','11','Webblocker - Passed - Per day',3,'',7,1),(13,'2018-06-28 06:41:58.173001','10','Webblocker - Passed - Per day',3,'',7,1),(14,'2018-06-28 06:41:58.175839','9','estset',3,'',7,1),(15,'2018-06-28 06:41:58.181601','8','estset',3,'',7,1),(16,'2018-06-28 06:41:58.183206','7','estset',3,'',7,1),(17,'2018-06-28 06:41:58.185865','6','estset',3,'',7,1),(18,'2018-06-28 06:41:58.187456','5','test',3,'',7,1),(19,'2018-06-28 06:41:58.190011','4','test',3,'',7,1),(20,'2018-06-28 06:41:58.191544','3','test',3,'',7,1),(21,'2018-06-28 06:52:03.351509','15','ggg',3,'',7,1),(22,'2018-06-28 06:52:03.355488','14','dg',3,'',7,1),(23,'2018-06-28 06:52:03.359563','13','sss',3,'',7,1),(24,'2018-06-28 06:52:03.362281','12','teet',3,'',7,1),(25,'2018-06-28 07:17:52.524835','2','Bo',3,'',4,1),(26,'2018-06-28 07:23:00.219656','16','鲁迅-白光',1,'[{\"added\": {}}]',7,2),(27,'2018-06-28 07:23:55.387182','17','苏轼-水调歌头',1,'[{\"added\": {}}]',7,2),(28,'2018-06-28 09:04:43.349020','1','技术',1,'[{\"added\": {}}]',8,1),(29,'2018-06-28 09:04:49.559821','2','随记',1,'[{\"added\": {}}]',8,1),(30,'2018-06-28 09:05:00.674576','3','心情',1,'[{\"added\": {}}]',8,1),(31,'2018-06-28 09:05:15.942780','1','python',1,'[{\"added\": {}}]',9,1),(32,'2018-06-28 09:05:24.374411','2','阿里云',1,'[{\"added\": {}}]',9,1),(33,'2018-06-28 09:05:28.743554','3','django',1,'[{\"added\": {}}]',9,1),(34,'2018-06-28 09:05:33.944949','4','自动化测试',1,'[{\"added\": {}}]',9,1),(35,'2018-06-28 09:05:38.552461','5','性能测试',1,'[{\"added\": {}}]',9,1),(36,'2018-06-28 09:05:46.621259','6','测试框架',1,'[{\"added\": {}}]',9,1),(37,'2018-06-28 09:05:51.781970','7','web',1,'[{\"added\": {}}]',9,1),(38,'2018-06-28 09:06:05.078282','8','app测试',1,'[{\"added\": {}}]',9,1),(39,'2018-06-28 09:06:14.326477','7','web测试',2,'[{\"changed\": {\"fields\": [\"name\"]}}]',9,1),(40,'2018-06-28 09:06:20.066485','9','api测试',1,'[{\"added\": {}}]',9,1),(41,'2018-06-28 09:07:16.576321','4','测试用',1,'[{\"added\": {}}]',8,1),(42,'2018-06-28 09:19:02.311377','10','测试用',1,'[{\"added\": {}}]',9,1),(43,'2018-06-28 09:19:12.454441','17','苏轼-水调歌头',2,'[{\"changed\": {\"fields\": [\"category\", \"tag\"]}}]',7,1),(44,'2018-06-28 09:20:24.853160','17','苏轼-水调歌头',2,'[{\"changed\": {\"fields\": [\"tag\"]}}]',7,1),(45,'2018-06-28 09:42:01.297528','17','苏轼-水调歌头',2,'[{\"changed\": {\"fields\": [\"tag\"]}}]',7,1),(46,'2018-06-29 03:28:45.158383','18','新增了富文本编辑器',1,'[{\"added\": {}}]',7,1),(47,'2018-06-29 03:33:19.238570','18','新增了富文本编辑器',2,'[{\"changed\": {\"fields\": [\"text\"]}}]',7,1),(48,'2018-06-29 13:13:52.816928','19','tupian',1,'[{\"added\": {}}]',7,2),(49,'2018-06-29 13:16:24.058998','19','tupian',2,'[{\"changed\": {\"fields\": [\"text\"]}}]',7,2),(50,'2018-06-29 13:17:06.709431','19','tupian',3,'',7,2),(51,'2018-06-29 13:17:42.160385','20','测试图片',1,'[{\"added\": {}}]',7,2),(52,'2018-06-29 13:18:24.629533','20','测试图片',2,'[{\"changed\": {\"fields\": [\"text\"]}}]',7,2),(53,'2018-06-29 13:21:52.484439','21','astesa',1,'[{\"added\": {}}]',7,2),(54,'2018-07-01 12:23:52.645024','22','测试代码',3,'',7,2),(55,'2018-07-01 12:24:00.186423','21','astesa',3,'',7,2),(56,'2018-07-01 12:26:34.796462','23','测试代码片段',2,'[{\"changed\": {\"fields\": [\"text\", \"published_date\", \"tag\"]}}]',7,2),(57,'2018-07-03 07:11:38.726093','23','测试代码片段',3,'',7,2),(58,'2018-07-03 07:12:58.916653','24','测试代码显示',1,'[{\"added\": {}}]',7,2),(59,'2018-07-05 06:08:45.940156','24','测试代码显示',3,'',7,2),(60,'2018-07-05 06:29:38.062599','26','新鲜的代码',3,'',7,2),(61,'2018-07-05 06:31:01.332332','25','啊十多个',2,'[{\"changed\": {\"fields\": [\"published_date\", \"tag\"]}}]',7,2),(62,'2018-07-05 06:32:00.929893','27','sdg',2,'[{\"changed\": {\"fields\": [\"published_date\", \"tag\"]}}]',7,2),(63,'2018-07-05 06:34:18.021167','28','三大姑',1,'[{\"added\": {}}]',7,2),(64,'2018-07-05 06:34:47.453886','28','三大姑',2,'[{\"changed\": {\"fields\": [\"tag\"]}}]',7,2),(65,'2018-07-05 06:35:06.306212','28','三大姑',3,'',7,2),(66,'2018-07-05 06:36:05.706880','29','离开大V快乐',3,'',7,2),(67,'2018-07-05 06:36:05.713917','27','sdg',3,'',7,2),(68,'2018-07-05 06:37:13.574644','30','测试代码显示',3,'',7,2),(69,'2018-07-05 06:37:50.913210','25','测试代码片段',2,'[{\"changed\": {\"fields\": [\"title\"]}}]',7,2),(70,'2018-07-05 06:38:50.231650','31','新测试',3,'',7,2),(71,'2018-07-05 06:44:40.326772','32','测试代码显示2',2,'[{\"changed\": {\"fields\": [\"published_date\", \"tag\"]}}]',7,2),(72,'2018-07-05 06:45:14.703347','32','测试代码显示2',2,'[{\"changed\": {\"fields\": [\"text\"]}}]',7,2),(73,'2018-07-05 06:45:39.734802','32','测试代码显示2',2,'[{\"changed\": {\"fields\": [\"text\", \"tag\"]}}]',7,2),(74,'2018-07-05 06:45:53.467379','32','测试代码显示2',3,'',7,2),(75,'2018-07-05 10:23:25.119346','33','水电工35',2,'[{\"changed\": {\"fields\": [\"text\", \"published_date\", \"tag\"]}}]',7,2),(76,'2018-07-05 10:25:22.461808','33','水电工35',3,'',7,2),(77,'2018-07-05 10:27:32.954989','34','哦哦发蛋糕',3,'',7,2),(78,'2018-07-05 10:29:35.856355','35','new',3,'',7,2),(79,'2018-07-06 06:27:12.561940','36','再测试代码片段',1,'[{\"added\": {}}]',7,2),(80,'2018-07-06 06:29:43.154305','36','再测试代码片段',3,'',7,2),(81,'2018-07-06 06:31:07.400018','37','测试代码片段2',2,'[{\"changed\": {\"fields\": [\"text\", \"published_date\"]}}]',7,2),(82,'2018-07-06 06:32:05.359229','37','测试代码片段2',2,'[{\"changed\": {\"fields\": [\"text\"]}}]',7,2),(83,'2018-07-06 06:32:29.589350','37','测试代码片段2',2,'[{\"changed\": {\"fields\": [\"tag\"]}}]',7,2),(84,'2018-07-23 14:08:24.775782','1','test',1,'[{\"added\": {}}]',11,2),(85,'2018-07-23 14:14:46.454148','2','cool!',1,'[{\"added\": {}}]',11,2),(86,'2018-07-28 09:19:16.064136','3','really？',1,'[{\"added\": {}}]',11,2),(87,'2018-07-28 09:19:35.521735','4','sure!',1,'[{\"added\": {}}]',11,2),(88,'2018-07-29 02:05:02.858010','39','testtest',3,'',7,2),(89,'2018-08-12 13:36:19.050959','1','sadgeasadge',3,'',12,2),(90,'2018-08-20 08:57:35.833836','11','ruby',1,'[{\"added\": {}}]',9,2),(91,'2018-08-20 08:57:40.485232','12','rails',1,'[{\"added\": {}}]',9,2),(92,'2018-08-20 08:58:15.039379','37','测试代码片段2',2,'[{\"changed\": {\"fields\": [\"visiable\"]}}]',7,2),(93,'2018-08-20 08:58:22.205593','25','测试代码片段',2,'[{\"changed\": {\"fields\": [\"visiable\"]}}]',7,2),(94,'2018-08-20 08:58:28.818698','20','测试图片',2,'[{\"changed\": {\"fields\": [\"visiable\"]}}]',7,2),(95,'2018-08-20 08:58:41.565362','18','新增了富文本编辑器',2,'[{\"changed\": {\"fields\": [\"visiable\"]}}]',7,2),(96,'2018-08-20 08:58:48.538127','17','苏轼-水调歌头',2,'[{\"changed\": {\"fields\": [\"text\", \"visiable\"]}}]',7,2),(97,'2018-08-20 08:59:08.306426','16','鲁迅-白光',2,'[{\"changed\": {\"fields\": [\"text\", \"category\", \"tag\", \"visiable\"]}}]',7,2),(98,'2018-08-20 10:00:19.837588','39','rails配置环境时的LoadError解决方法',2,'[{\"changed\": {\"fields\": [\"published_date\", \"tag\"]}}]',7,2),(99,'2018-08-20 10:01:34.647581','39','rails配置环境时的LoadError解决方法',2,'[{\"changed\": {\"fields\": [\"text\"]}}]',7,2),(100,'2018-08-20 10:02:08.801234','39','rails配置环境时的LoadError解决方法',2,'[{\"changed\": {\"fields\": [\"text\"]}}]',7,2),(101,'2018-08-20 10:02:57.078955','39','rails配置环境时的LoadError解决方法',2,'[{\"changed\": {\"fields\": [\"text\"]}}]',7,2),(102,'2018-08-20 10:03:24.356258','39','rails配置环境时的LoadError解决方法',2,'[{\"changed\": {\"fields\": [\"text\"]}}]',7,2),(103,'2018-08-20 10:04:15.439108','39','rails配置环境时的LoadError解决方法',2,'[{\"changed\": {\"fields\": [\"text\"]}}]',7,2),(104,'2018-08-20 10:04:52.278226','39','rails配置环境时的LoadError解决方法',2,'[{\"changed\": {\"fields\": [\"text\"]}}]',7,2),(105,'2018-08-20 10:39:33.801357','40','以阿里云为例，申请建立自己的域名和网站',2,'[{\"changed\": {\"fields\": [\"text\", \"published_date\", \"tag\"]}}]',7,2),(106,'2018-08-20 10:39:45.128489','40','以阿里云为例，申请建立自己的域名和网站',2,'[{\"changed\": {\"fields\": [\"text\"]}}]',7,2),(107,'2018-08-20 10:40:16.576875','40','以阿里云为例，申请建立自己的域名和网站',2,'[{\"changed\": {\"fields\": [\"text\"]}}]',7,2),(108,'2018-08-20 13:37:13.168314','40','以阿里云为例，申请建立自己的域名和网站',2,'[{\"changed\": {\"fields\": [\"text\", \"created_date\", \"published_date\"]}}]',7,2),(109,'2018-08-20 13:37:42.510896','40','以阿里云为例，申请建立自己的域名和网站',2,'[{\"changed\": {\"fields\": [\"text\"]}}]',7,2),(110,'2018-08-20 13:38:36.308056','40','以阿里云为例，申请建立自己的域名和网站',2,'[{\"changed\": {\"fields\": [\"text\"]}}]',7,2),(111,'2018-08-20 13:40:55.037535','40','以阿里云为例，申请建立自己的域名和网站',2,'[]',7,2),(112,'2018-08-20 13:43:26.423563','40','以阿里云为例，申请建立自己的域名和网站',2,'[{\"changed\": {\"fields\": [\"text\"]}}]',7,2),(113,'2018-08-20 14:21:15.613009','41','django上传文件500错误但本地server不出现错误的问题',2,'[{\"changed\": {\"fields\": [\"text\", \"published_date\", \"tag\"]}}]',7,2),(114,'2018-08-21 03:08:06.022831','40','以阿里云为例，申请建立自己的域名和网站',2,'[{\"changed\": {\"fields\": [\"text\"]}}]',7,2),(115,'2018-08-25 07:00:36.820991','42','xadmin',3,'',7,2),(116,'2018-08-26 07:43:43.679737','5','杂谈',1,'[{\"added\": {}}]',8,2),(117,'2018-08-27 11:12:10.024642','43','Mac上配置appium环境',2,'[{\"changed\": {\"fields\": [\"text\", \"published_date\", \"tag\"]}}]',7,2),(118,'2018-08-27 11:12:52.835599','43','Mac上配置appium环境',2,'[{\"changed\": {\"fields\": [\"text\"]}}]',7,2),(119,'2018-08-27 11:13:40.706750','43','Mac上配置appium环境',2,'[{\"changed\": {\"fields\": [\"text\"]}}]',7,2),(120,'2018-08-27 11:14:15.802281','43','Mac上配置appium环境',2,'[{\"changed\": {\"fields\": [\"text\"]}}]',7,2),(121,'2018-08-27 11:18:18.492994','43','Mac上配置appium环境',2,'[{\"changed\": {\"fields\": [\"text\"]}}]',7,2),(122,'2018-08-27 11:19:14.406660','43','Mac上配置appium环境',2,'[{\"changed\": {\"fields\": [\"text\"]}}]',7,2),(123,'2018-08-27 11:21:51.602743','41','django上传文件500错误但本地server不出现错误的问题',2,'[{\"changed\": {\"fields\": [\"text\"]}}]',7,2),(124,'2018-08-27 11:22:26.564848','43','Mac上配置appium环境',2,'[{\"changed\": {\"fields\": [\"text\"]}}]',7,2),(125,'2018-08-27 11:22:47.987356','43','Mac上配置appium环境',2,'[{\"changed\": {\"fields\": [\"text\"]}}]',7,2),(126,'2018-08-27 11:24:12.973259','41','django上传文件500错误但本地server不出现错误的问题',2,'[{\"changed\": {\"fields\": [\"text\"]}}]',7,2),(127,'2018-08-27 11:24:46.895932','43','Mac上配置appium环境',2,'[{\"changed\": {\"fields\": [\"text\"]}}]',7,2),(128,'2018-08-27 11:25:13.019467','43','Mac上配置appium环境',2,'[{\"changed\": {\"fields\": [\"text\"]}}]',7,2),(129,'2018-08-27 11:25:49.856986','43','Mac上配置appium环境',2,'[{\"changed\": {\"fields\": [\"text\"]}}]',7,2),(130,'2018-08-27 11:26:10.494487','43','Mac上配置appium环境',2,'[{\"changed\": {\"fields\": [\"text\"]}}]',7,2),(131,'2018-08-27 11:26:32.249128','41','django上传文件500错误但本地server不出现错误的问题',2,'[{\"changed\": {\"fields\": [\"text\"]}}]',7,2),(132,'2018-08-27 11:27:24.962793','41','django上传文件500错误但本地server不出现错误的问题',2,'[{\"changed\": {\"fields\": [\"text\"]}}]',7,2),(133,'2018-08-27 11:27:42.735013','43','Mac上配置appium环境',2,'[{\"changed\": {\"fields\": [\"text\"]}}]',7,2),(134,'2018-08-27 11:28:14.739682','43','Mac上配置appium环境',2,'[{\"changed\": {\"fields\": [\"text\"]}}]',7,2),(135,'2018-08-27 11:29:15.088373','43','Mac上配置appium环境',2,'[{\"changed\": {\"fields\": [\"text\"]}}]',7,2),(136,'2018-08-27 11:29:47.843649','43','Mac上配置appium环境',2,'[{\"changed\": {\"fields\": [\"text\"]}}]',7,2),(137,'2018-08-27 11:30:27.297272','41','django上传文件500错误但本地server不出现错误的问题',2,'[{\"changed\": {\"fields\": [\"text\"]}}]',7,2),(138,'2018-08-27 11:31:29.764048','43','Mac上配置appium环境',2,'[]',7,2),(139,'2018-08-27 11:31:46.869771','43','Mac上配置appium环境',2,'[{\"changed\": {\"fields\": [\"text\"]}}]',7,2),(140,'2018-08-27 11:32:04.169345','43','Mac上配置appium环境',2,'[{\"changed\": {\"fields\": [\"text\"]}}]',7,2),(141,'2018-08-27 11:32:31.382087','43','Mac上配置appium环境',2,'[{\"changed\": {\"fields\": [\"text\"]}}]',7,2),(142,'2018-08-27 11:32:46.425902','43','Mac上配置appium环境',2,'[{\"changed\": {\"fields\": [\"text\"]}}]',7,2),(143,'2018-08-27 11:33:04.519154','43','Mac上配置appium环境',2,'[{\"changed\": {\"fields\": [\"text\"]}}]',7,2),(144,'2018-08-27 11:33:18.797503','43','Mac上配置appium环境',2,'[{\"changed\": {\"fields\": [\"text\"]}}]',7,2),(145,'2018-08-27 11:33:38.333546','43','Mac上配置appium环境',2,'[{\"changed\": {\"fields\": [\"text\"]}}]',7,2),(146,'2018-08-27 11:34:49.913529','43','Mac上配置appium环境',2,'[{\"changed\": {\"fields\": [\"text\"]}}]',7,2),(147,'2018-08-27 11:35:09.167999','43','Mac上配置appium环境',2,'[{\"changed\": {\"fields\": [\"text\"]}}]',7,2),(148,'2018-08-27 13:24:03.153427','43','Mac上配置appium环境',2,'[{\"changed\": {\"fields\": [\"text\"]}}]',7,2),(149,'2018-08-27 13:24:55.376678','43','Mac上配置appium环境',2,'[{\"changed\": {\"fields\": [\"text\"]}}]',7,2),(150,'2018-08-27 13:25:45.653888','43','Mac上配置appium环境',2,'[{\"changed\": {\"fields\": [\"text\"]}}]',7,2),(151,'2018-08-27 13:27:01.857931','43','Mac上配置appium环境',2,'[{\"changed\": {\"fields\": [\"text\"]}}]',7,2),(152,'2018-08-27 13:27:14.959274','43','Mac上配置appium环境',2,'[{\"changed\": {\"fields\": [\"text\"]}}]',7,2),(153,'2018-08-27 13:32:24.385865','43','Mac上配置appium环境',2,'[{\"changed\": {\"fields\": [\"text\"]}}]',7,2),(154,'2018-08-27 13:33:14.692495','43','Mac上配置appium环境',2,'[{\"changed\": {\"fields\": [\"text\"]}}]',7,2),(155,'2018-08-27 13:33:33.539861','43','Mac上配置appium环境',2,'[{\"changed\": {\"fields\": [\"text\"]}}]',7,2),(156,'2018-08-27 13:34:39.226452','44','你好吗',1,'[{\"added\": {}}]',7,2),(157,'2018-08-27 13:34:58.537276','44','你好吗',3,'',7,2),(158,'2018-08-27 13:35:29.703662','43','Mac上配置appium环境',2,'[{\"changed\": {\"fields\": [\"text\"]}}]',7,2),(159,'2018-08-27 13:36:05.021640','43','Mac上配置appium环境',2,'[{\"changed\": {\"fields\": [\"text\"]}}]',7,2),(160,'2018-09-13 18:25:18.969121','13','selenium',1,'[{\"added\": {}}]',9,2),(161,'2018-09-13 18:25:22.810563','14','appium',1,'[{\"added\": {}}]',9,2),(162,'2018-09-13 18:25:46.592351','45','Selenium Webdriver做自动化时一些有用的js操作',2,'[{\"changed\": {\"fields\": [\"published_date\", \"tag\"]}}]',7,2),(163,'2018-09-13 18:26:00.525273','43','Mac上配置appium环境',2,'[{\"changed\": {\"fields\": [\"tag\"]}}]',7,2),(164,'2018-09-13 18:26:22.796788','45','Selenium Webdriver做自动化时一些有用的js操作',2,'[{\"changed\": {\"fields\": [\"tag\"]}}]',7,2),(165,'2018-09-18 10:43:38.791816','46','APP自动化的元素定位',2,'[{\"changed\": {\"fields\": [\"published_date\", \"tag\"]}}]',7,2),(166,'2018-09-25 13:38:49.572191','47','雨过山村',3,'',7,2),(167,'2018-09-25 13:59:50.540042','48','ckeab',3,'',7,2),(168,'2018-09-25 15:44:49.853652','51','markdownnew',3,'',7,2),(169,'2018-09-25 15:44:49.856933','50','mardwon',3,'',7,2),(170,'2018-09-25 16:15:51.259842','54','呢我的哥',3,'',7,2),(171,'2018-09-25 16:15:51.264096','53','特色特色特色',3,'',7,2),(172,'2018-09-25 16:15:51.266955','49','测试markdown',3,'',7,2),(173,'2018-09-25 16:16:44.292028','55','sdg',1,'[{\"added\": {}}]',7,2),(174,'2018-09-25 16:17:00.159828','55','sdg',3,'',7,2),(175,'2018-09-25 16:37:30.052779','56','测试代码显示',3,'',7,2),(176,'2018-09-27 09:57:07.745834','15','杂谈',1,'[{\"added\": {}}]',9,2),(177,'2018-09-27 09:57:13.271372','16','心情',1,'[{\"added\": {}}]',9,2),(178,'2018-09-27 09:57:47.758968','53','看西航动力研究所张小平事件有感',1,'[{\"added\": {}}]',7,2),(179,'2018-11-11 18:09:48.928450','54','python的经典类和新式类',2,'[{\"changed\": {\"fields\": [\"published_date\", \"tag\"]}}]',7,2),(180,'2018-11-16 15:21:40.557716','55','iOS自动化使用appium关于gesture的更新',2,'[{\"changed\": {\"fields\": [\"text\", \"published_date\", \"tag\"]}}]',7,2),(181,'2018-12-03 10:09:37.107065','56','Django里根据不同设备展示不同内容',2,'[{\"changed\": {\"fields\": [\"published_date\", \"tag\"]}}]',7,2),(182,'2018-12-10 09:34:00.105094','17','苏轼-水调歌头',3,'',7,2),(183,'2018-12-10 09:34:00.109660','16','鲁迅-白光',3,'',7,2),(184,'2018-12-10 09:34:34.873533','18','新增了富文本编辑器',3,'',7,2),(185,'2018-12-24 11:10:59.633572','53','看西航动力研究所张小平事件有感',2,'[{\"changed\": {\"fields\": [\"tag\"]}}]',7,2),(186,'2019-01-01 14:09:45.316090','58','关于活着的意义',2,'[{\"changed\": {\"fields\": [\"published_date\", \"tag\"]}}]',7,2),(187,'2019-01-06 12:53:39.826210','59','修改Django中admin站点管理的主页跳转链接',2,'[{\"changed\": {\"fields\": [\"published_date\", \"tag\"]}}]',7,2),(188,'2019-01-14 14:51:56.043254','60','手机app测试策略',1,'[{\"added\": {}}]',7,2),(189,'2019-01-14 14:52:17.573613','60','手机app测试策略',2,'[{\"changed\": {\"fields\": [\"published_date\"]}}]',7,2),(190,'2019-01-30 19:14:50.671784','17','Jupyter Notebook',1,'[{\"added\": {}}]',9,2),(191,'2019-01-30 19:15:18.950877','18','Nginx',1,'[{\"added\": {}}]',9,2),(192,'2019-01-30 19:16:25.656330','61','Jupyter Notebook在nginx中无法被配置为二级页面的解决办法',2,'[{\"changed\": {\"fields\": [\"published_date\", \"tag\"]}}]',7,2),(193,'2019-02-02 14:12:49.673170','62','Python3与Python2的变化',2,'[{\"changed\": {\"fields\": [\"published_date\", \"tag\"]}}]',7,2),(194,'2019-02-14 17:30:13.209830','19','Android',1,'[{\"added\": {}}]',9,2),(195,'2019-02-14 17:30:18.075898','63','mac配置android sdk环境',2,'[{\"changed\": {\"fields\": [\"title\", \"published_date\", \"tag\"]}}]',7,2),(196,'2019-02-18 18:15:36.696158','20','openstf',1,'[{\"added\": {}}]',9,2),(197,'2019-02-18 18:15:42.374427','64','openstf在mac上的环境搭建',2,'[{\"changed\": {\"fields\": [\"published_date\", \"tag\"]}}]',7,2),(198,'2019-02-20 09:36:53.698388','21','Docker',1,'[{\"added\": {}}]',9,2),(199,'2019-02-20 09:36:57.573276','64','openstf环境搭建',2,'[{\"changed\": {\"fields\": [\"tag\"]}}]',7,2),(200,'2019-02-24 16:23:35.941965','65','test permission',3,'',7,2),(201,'2019-02-26 14:08:02.679975','65','django本地runserver出现css加载404的问题解决',1,'[{\"added\": {}}]',7,2),(202,'2019-02-26 14:10:25.342282','65','django本地runserver出现css加载404的问题解决',2,'[{\"changed\": {\"fields\": [\"text\"]}}]',7,2),(203,'2019-02-26 14:10:54.614257','65','django本地runserver出现css加载404的问题解决',2,'[{\"changed\": {\"fields\": [\"published_date\"]}}]',7,2),(204,'2019-02-28 17:51:03.180212','66','Appium运行前获取Desired Capabilities',2,'[{\"changed\": {\"fields\": [\"published_date\", \"tag\"]}}]',7,2),(205,'2019-03-01 18:07:57.524591','67','ruby在gem list/install时提示编码等错误的解决方法',2,'[{\"changed\": {\"fields\": [\"published_date\", \"tag\"]}}]',7,2),(206,'2019-03-07 15:05:31.163165','68','openstf与appium集成以自动化操作远程手机设备',2,'[{\"changed\": {\"fields\": [\"published_date\", \"tag\"]}}]',7,2),(207,'2019-03-20 10:24:01.159740','69','我认为的自动化测试的几个层次',2,'[{\"changed\": {\"fields\": [\"published_date\", \"tag\"]}}]',7,2),(208,'2019-04-03 16:29:46.044394','70','test20190403',3,'',7,2),(209,'2019-04-06 19:18:50.770616','37','测试代码片段2',3,'',7,2),(210,'2019-04-06 19:18:50.774259','25','测试代码片段',3,'',7,2),(211,'2019-04-06 19:19:11.139166','20','测试图片',3,'',7,2),(212,'2019-05-21 15:36:05.548739','22','linux',1,'[{\"added\": {}}]',9,2),(213,'2019-05-21 15:36:09.036144','72','常用linux命令的例子',2,'[{\"changed\": {\"fields\": [\"published_date\", \"tag\"]}}]',7,2),(214,'2019-05-22 16:50:00.485181','71','关于openjdk',3,'',7,2),(215,'2019-06-11 11:05:28.434198','74','用safari跑web自动化',2,'[{\"changed\": {\"fields\": [\"text\", \"published_date\", \"tag\"]}}]',7,2),(216,'2019-06-12 15:11:34.407634','75','webdriver中模拟mobile browser的两种方式',2,'[{\"changed\": {\"fields\": [\"published_date\", \"tag\"]}}]',7,2);
/*!40000 ALTER TABLE `django_admin_log` ENABLE KEYS */;
UNLOCK TABLES;

--
-- Table structure for table `django_content_type`
--

DROP TABLE IF EXISTS `django_content_type`;
/*!40101 SET @saved_cs_client     = @@character_set_client */;
/*!40101 SET character_set_client = utf8 */;
CREATE TABLE `django_content_type` (
  `id` int(11) NOT NULL AUTO_INCREMENT,
  `app_label` varchar(100) NOT NULL,
  `model` varchar(100) NOT NULL,
  PRIMARY KEY (`id`),
  UNIQUE KEY `django_content_type_app_label_model_76bd3d3b_uniq` (`app_label`,`model`)
) ENGINE=InnoDB AUTO_INCREMENT=19 DEFAULT CHARSET=utf8;
/*!40101 SET character_set_client = @saved_cs_client */;

--
-- Dumping data for table `django_content_type`
--

LOCK TABLES `django_content_type` WRITE;
/*!40000 ALTER TABLE `django_content_type` DISABLE KEYS */;
INSERT INTO `django_content_type` VALUES (1,'admin','logentry'),(3,'auth','group'),(2,'auth','permission'),(4,'auth','user'),(8,'blog','category'),(11,'blog','comment'),(7,'blog','post'),(9,'blog','tag'),(10,'blog','visiable'),(12,'comments','comment'),(5,'contenttypes','contenttype'),(17,'reversion','revision'),(18,'reversion','version'),(6,'sessions','session'),(13,'xadmin','bookmark'),(16,'xadmin','log'),(14,'xadmin','usersettings'),(15,'xadmin','userwidget');
/*!40000 ALTER TABLE `django_content_type` ENABLE KEYS */;
UNLOCK TABLES;

--
-- Table structure for table `django_migrations`
--

DROP TABLE IF EXISTS `django_migrations`;
/*!40101 SET @saved_cs_client     = @@character_set_client */;
/*!40101 SET character_set_client = utf8 */;
CREATE TABLE `django_migrations` (
  `id` int(11) NOT NULL AUTO_INCREMENT,
  `app` varchar(255) NOT NULL,
  `name` varchar(255) NOT NULL,
  `applied` datetime(6) NOT NULL,
  PRIMARY KEY (`id`)
) ENGINE=InnoDB AUTO_INCREMENT=30 DEFAULT CHARSET=utf8;
/*!40101 SET character_set_client = @saved_cs_client */;

--
-- Dumping data for table `django_migrations`
--

LOCK TABLES `django_migrations` WRITE;
/*!40000 ALTER TABLE `django_migrations` DISABLE KEYS */;
INSERT INTO `django_migrations` VALUES (1,'contenttypes','0001_initial','2018-06-27 03:14:11.355218'),(2,'auth','0001_initial','2018-06-27 03:14:11.818591'),(3,'admin','0001_initial','2018-06-27 03:14:11.928653'),(4,'admin','0002_logentry_remove_auto_add','2018-06-27 03:14:11.940915'),(5,'contenttypes','0002_remove_content_type_name','2018-06-27 03:14:12.020481'),(6,'auth','0002_alter_permission_name_max_length','2018-06-27 03:14:12.055862'),(7,'auth','0003_alter_user_email_max_length','2018-06-27 03:14:12.102318'),(8,'auth','0004_alter_user_username_opts','2018-06-27 03:14:12.113679'),(9,'auth','0005_alter_user_last_login_null','2018-06-27 03:14:12.151890'),(10,'auth','0006_require_contenttypes_0002','2018-06-27 03:14:12.156599'),(11,'auth','0007_alter_validators_add_error_messages','2018-06-27 03:14:12.169077'),(12,'auth','0008_alter_user_username_max_length','2018-06-27 03:14:12.214533'),(13,'auth','0009_alter_user_last_name_max_length','2018-06-27 03:14:12.256063'),(14,'sessions','0001_initial','2018-06-27 03:14:12.299352'),(15,'blog','0001_initial','2018-06-27 03:16:31.118419'),(16,'blog','0002_auto_20180628_1703','2018-06-28 09:03:35.216908'),(17,'blog','0003_auto_20180629_1111','2018-06-29 03:13:49.998013'),(18,'blog','0004_auto_20180629_2101','2018-06-29 13:01:47.040828'),(19,'blog','0005_auto_20180708_1502','2018-07-08 07:03:06.568258'),(20,'blog','0006_remove_visiable_name','2018-07-08 07:15:49.988262'),(21,'blog','0007_visiable_name','2018-07-08 07:15:50.033704'),(22,'blog','0008_comment','2018-07-23 13:35:45.698707'),(23,'blog','0009_auto_20180811_1146','2018-08-11 03:46:28.039560'),(24,'comments','0001_initial','2018-08-11 04:14:06.817049'),(25,'xadmin','0001_initial','2018-08-25 03:47:18.080283'),(26,'xadmin','0002_log','2018-08-25 03:47:18.210004'),(27,'xadmin','0003_auto_20160715_0100','2018-08-25 03:47:18.265863'),(28,'reversion','0001_squashed_0004_auto_20160611_1202','2018-08-25 06:52:42.504879'),(29,'blog','0010_post_views','2018-08-25 08:36:00.369586');
/*!40000 ALTER TABLE `django_migrations` ENABLE KEYS */;
UNLOCK TABLES;

--
-- Table structure for table `django_session`
--

DROP TABLE IF EXISTS `django_session`;
/*!40101 SET @saved_cs_client     = @@character_set_client */;
/*!40101 SET character_set_client = utf8 */;
CREATE TABLE `django_session` (
  `session_key` varchar(40) NOT NULL,
  `session_data` longtext NOT NULL,
  `expire_date` datetime(6) NOT NULL,
  PRIMARY KEY (`session_key`),
  KEY `django_session_expire_date_a5c62663` (`expire_date`)
) ENGINE=InnoDB DEFAULT CHARSET=utf8;
/*!40101 SET character_set_client = @saved_cs_client */;

--
-- Dumping data for table `django_session`
--

LOCK TABLES `django_session` WRITE;
/*!40000 ALTER TABLE `django_session` DISABLE KEYS */;
INSERT INTO `django_session` VALUES ('0bbedhlcko9rnrskjrwa3wmotk77lssp','M2I0NTQ4NTY5YzEwM2RkOWI5MTk5NmZjMDdiNzdkMTYyMzY2YjQ1YTp7ImxvZ2luX2Zyb20iOiIvIiwibG9naW5fZXJyb3IiOmZhbHNlfQ==','2018-11-18 09:37:16.965703'),('0cqmmbzkdwvvxmunayfskzvsca9sw1o9','M2I0NTQ4NTY5YzEwM2RkOWI5MTk5NmZjMDdiNzdkMTYyMzY2YjQ1YTp7ImxvZ2luX2Zyb20iOiIvIiwibG9naW5fZXJyb3IiOmZhbHNlfQ==','2019-02-12 07:11:43.364646'),('0gk6at0kq9xkzf0h83j1bz9alr3j26be','M2I0NTQ4NTY5YzEwM2RkOWI5MTk5NmZjMDdiNzdkMTYyMzY2YjQ1YTp7ImxvZ2luX2Zyb20iOiIvIiwibG9naW5fZXJyb3IiOmZhbHNlfQ==','2019-04-25 18:18:02.935900'),('0l64cly1urnvdy6xufjm5iuah9pl3x94','M2I0NTQ4NTY5YzEwM2RkOWI5MTk5NmZjMDdiNzdkMTYyMzY2YjQ1YTp7ImxvZ2luX2Zyb20iOiIvIiwibG9naW5fZXJyb3IiOmZhbHNlfQ==','2018-11-23 10:59:38.629779'),('0psz0so38sz2jxbovs4m1b94qmg9lr12','M2I0NTQ4NTY5YzEwM2RkOWI5MTk5NmZjMDdiNzdkMTYyMzY2YjQ1YTp7ImxvZ2luX2Zyb20iOiIvIiwibG9naW5fZXJyb3IiOmZhbHNlfQ==','2018-09-17 10:19:39.477429'),('0rbo846o67ckfba1dae0lvfc4r9mg9pq','ZGRiY2RkMDBkYTk0YzYzZDBjN2I4NjI4MzNjMzc5MGI0ZTk1MWMzZjp7ImxvZ2luX2Zyb20iOiJodHRwczovL3d3dy5ieWluY2QuY29tL2JvYmppYW5nLyIsImxvZ2luX2Vycm9yIjpmYWxzZX0=','2018-10-11 08:20:40.522083'),('0wv083tp2w6xd1wijosp6x7nd39w8cdh','NjgyYjVjNWIzOGU5MWIwZjgwYTA1MDMyNGRjZDAyZWUzZjQwZmQxMzp7ImxvZ2luX2Zyb20iOiJodHRwczovL3d3dy5ieWluY2QuY29tL2JvYmppYW5nLyIsImxvZ2luX2Vycm9yIjpmYWxzZSwiX2F1dGhfdXNlcl9pZCI6IjIiLCJfYXV0aF91c2VyX2JhY2tlbmQiOiJkamFuZ28uY29udHJpYi5hdXRoLmJhY2tlbmRzLk1vZGVsQmFja2VuZCIsIl9hdXRoX3VzZXJfaGFzaCI6IjgyZDBkNWZiODcwMTU0ZmJjMmFiMmRjZGQ5NDQ5YTVlMzEyNjY5ZjkifQ==','2018-12-31 15:14:18.244334'),('0x0gee1cwb8mh5rz3ia0wdk2pteusamk','M2I0NTQ4NTY5YzEwM2RkOWI5MTk5NmZjMDdiNzdkMTYyMzY2YjQ1YTp7ImxvZ2luX2Zyb20iOiIvIiwibG9naW5fZXJyb3IiOmZhbHNlfQ==','2019-03-04 21:11:36.509284'),('16dsve724o7lbmhx1ktrq1c5xiqfwwvz','NjI3Nzk0MGQ1ZmVkMmE0MDE0YzRjNGJhYmVhMjk5OGFmMTE4OTU3MTp7ImxvZ2luX2Zyb20iOiJodHRwczovL3d3dy5ieWluY2QuY29tL2JvYmppYW5nL2Fib3V0X3NpdGUvIiwibG9naW5fZXJyb3IiOmZhbHNlfQ==','2019-03-03 12:12:32.377599'),('16uls26hhn5knoscssf90kvdjjgk5fjp','M2I0NTQ4NTY5YzEwM2RkOWI5MTk5NmZjMDdiNzdkMTYyMzY2YjQ1YTp7ImxvZ2luX2Zyb20iOiIvIiwibG9naW5fZXJyb3IiOmZhbHNlfQ==','2018-11-21 10:25:45.621611'),('1auv2uoz24k42opyb1z2q1p5i3mbgtyt','M2I0NTQ4NTY5YzEwM2RkOWI5MTk5NmZjMDdiNzdkMTYyMzY2YjQ1YTp7ImxvZ2luX2Zyb20iOiIvIiwibG9naW5fZXJyb3IiOmZhbHNlfQ==','2019-03-09 08:26:51.222570'),('1if52ppx96frml6fgix7q270e1rpdqdk','OGFiZTEwYjQ2ZTkyNmMyZWVmYTdhNzY0ZjM1OWE3OTk0MWY0MzU4NTp7ImxvZ2luX2Zyb20iOiJodHRwOi8vd3d3LmJ5aW5jZC5jb20vYm9iamlhbmcvIiwibG9naW5fZXJyb3IiOmZhbHNlfQ==','2018-09-16 09:32:40.174238'),('1jln6d2qqf5qwndmgi0a9mwa8b49koxy','YzI0Zjc5MTQzNTcwMDJiNWRmZTFlZGJhNWRiOTQyZDlkYWZhYzYzNDp7ImxvZ2luX2Zyb20iOiJodHRwczovL3d3dy5ieWluY2QuY29tL2JvYmppYW5nL2FydGljbGUtMDE1Ny8iLCJsb2dpbl9lcnJvciI6ZmFsc2V9','2019-01-19 10:30:30.299474'),('27la5k7vjf4b6eym45w77thux5i3fqr4','MGE1MWU3OTc0NWI3MzBjYzJlYjZjMWNkMTRkYTBlZGI0ZjY1NTE3Yjp7ImxvZ2luX2Zyb20iOiJodHRwczovL3d3dy5ieWluY2QuY29tL2JvYmppYW5nLz9wYWdlPTMiLCJsb2dpbl9lcnJvciI6ZmFsc2V9','2019-01-16 12:51:29.696921'),('2ecr1to0wpye3vhnl4k23tk83t9hhnou','M2I0NTQ4NTY5YzEwM2RkOWI5MTk5NmZjMDdiNzdkMTYyMzY2YjQ1YTp7ImxvZ2luX2Zyb20iOiIvIiwibG9naW5fZXJyb3IiOmZhbHNlfQ==','2018-12-02 04:14:27.870366'),('2g1mksq6ypy78vs8dku5tnusdbw206v3','M2I0NTQ4NTY5YzEwM2RkOWI5MTk5NmZjMDdiNzdkMTYyMzY2YjQ1YTp7ImxvZ2luX2Zyb20iOiIvIiwibG9naW5fZXJyb3IiOmZhbHNlfQ==','2018-10-08 20:39:00.738797'),('2jer6tqrp4mzjbtqt1qvu3nzy5o20n0g','M2I0NTQ4NTY5YzEwM2RkOWI5MTk5NmZjMDdiNzdkMTYyMzY2YjQ1YTp7ImxvZ2luX2Zyb20iOiIvIiwibG9naW5fZXJyb3IiOmZhbHNlfQ==','2018-10-06 00:28:45.473235'),('2tc198slohk1dw5veoflqy7t45b27q4s','M2I0NTQ4NTY5YzEwM2RkOWI5MTk5NmZjMDdiNzdkMTYyMzY2YjQ1YTp7ImxvZ2luX2Zyb20iOiIvIiwibG9naW5fZXJyb3IiOmZhbHNlfQ==','2018-11-16 12:53:06.882101'),('2ugtbbbyusm0gxajw7guascfg5882ght','M2I0NTQ4NTY5YzEwM2RkOWI5MTk5NmZjMDdiNzdkMTYyMzY2YjQ1YTp7ImxvZ2luX2Zyb20iOiIvIiwibG9naW5fZXJyb3IiOmZhbHNlfQ==','2019-06-06 07:29:49.309910'),('2w0nvaseq75qaml8h9n6vl7owh581heo','M2I0NTQ4NTY5YzEwM2RkOWI5MTk5NmZjMDdiNzdkMTYyMzY2YjQ1YTp7ImxvZ2luX2Zyb20iOiIvIiwibG9naW5fZXJyb3IiOmZhbHNlfQ==','2019-06-07 10:02:38.146478'),('2zb0cvp424wbqq2lq8kbuumz0pchtte9','NjI3Nzk0MGQ1ZmVkMmE0MDE0YzRjNGJhYmVhMjk5OGFmMTE4OTU3MTp7ImxvZ2luX2Zyb20iOiJodHRwczovL3d3dy5ieWluY2QuY29tL2JvYmppYW5nL2Fib3V0X3NpdGUvIiwibG9naW5fZXJyb3IiOmZhbHNlfQ==','2019-02-13 09:52:47.995112'),('329d4nrdg2dkhx62m3gpbjo58ejbhvn3','M2I0NTQ4NTY5YzEwM2RkOWI5MTk5NmZjMDdiNzdkMTYyMzY2YjQ1YTp7ImxvZ2luX2Zyb20iOiIvIiwibG9naW5fZXJyb3IiOmZhbHNlfQ==','2018-12-01 10:52:30.588291'),('32xssdrqqofbdwt6m3i3y1t6h7u1tf5s','NTNjNjFjMWYyZDFiNDFmZTcyYzYwYmRjMmU2MjI1YjZjNGM4ODE5Njp7ImxvZ2luX2Zyb20iOiJodHRwczovL3d3dy5ieWluY2QuY29tL2JvYmppYW5nL2Fib3V0X21lLyIsImxvZ2luX2Vycm9yIjpmYWxzZX0=','2019-02-17 13:48:49.004503'),('34m6u5ze8v254xy3t9r3meh8wzwckqs7','M2I0NTQ4NTY5YzEwM2RkOWI5MTk5NmZjMDdiNzdkMTYyMzY2YjQ1YTp7ImxvZ2luX2Zyb20iOiIvIiwibG9naW5fZXJyb3IiOmZhbHNlfQ==','2019-06-30 02:43:51.312566'),('3a0jy9xqlykoafc7agd5rddj0i6xs0ea','M2I0NTQ4NTY5YzEwM2RkOWI5MTk5NmZjMDdiNzdkMTYyMzY2YjQ1YTp7ImxvZ2luX2Zyb20iOiIvIiwibG9naW5fZXJyb3IiOmZhbHNlfQ==','2019-01-23 05:49:40.456736'),('3btqdslk4njzjl2p3chya59npvmff29o','M2I0NTQ4NTY5YzEwM2RkOWI5MTk5NmZjMDdiNzdkMTYyMzY2YjQ1YTp7ImxvZ2luX2Zyb20iOiIvIiwibG9naW5fZXJyb3IiOmZhbHNlfQ==','2018-12-08 08:21:53.760590'),('3cdzbzqt8g0sqe0g26oj68rbbtvrvlzt','M2I0NTQ4NTY5YzEwM2RkOWI5MTk5NmZjMDdiNzdkMTYyMzY2YjQ1YTp7ImxvZ2luX2Zyb20iOiIvIiwibG9naW5fZXJyb3IiOmZhbHNlfQ==','2018-12-16 10:17:42.966088'),('3cpc1322obqz5spl7b8n1le9uoyyic06','M2I0NTQ4NTY5YzEwM2RkOWI5MTk5NmZjMDdiNzdkMTYyMzY2YjQ1YTp7ImxvZ2luX2Zyb20iOiIvIiwibG9naW5fZXJyb3IiOmZhbHNlfQ==','2018-12-03 13:41:20.132820'),('3ed5z448irvn6fq24phmqjzun7931guk','ZTNhYzFmODUyNzgyMmM2MmNiMzNiZmYwYTdkYzdhNmI4YTE2ZmQ0NDp7ImxvZ2luX2Zyb20iOiJodHRwczovL3d3dy5ieWluY2QuY29tL2JvYmppYW5nL2Fib3V0LyIsImxvZ2luX2Vycm9yIjpmYWxzZX0=','2019-01-16 10:25:51.991223'),('3fkjvu9psmi6sygdshm2sq2qa9yg1qss','M2I0NTQ4NTY5YzEwM2RkOWI5MTk5NmZjMDdiNzdkMTYyMzY2YjQ1YTp7ImxvZ2luX2Zyb20iOiIvIiwibG9naW5fZXJyb3IiOmZhbHNlfQ==','2018-12-11 10:59:52.241719'),('3g622m74psflharhurtt4krxx3ldab7u','M2I0NTQ4NTY5YzEwM2RkOWI5MTk5NmZjMDdiNzdkMTYyMzY2YjQ1YTp7ImxvZ2luX2Zyb20iOiIvIiwibG9naW5fZXJyb3IiOmZhbHNlfQ==','2019-04-11 18:21:29.277795'),('3s0qlkf29w2fmzs2yymt4bz8w1ospoc7','M2I0NTQ4NTY5YzEwM2RkOWI5MTk5NmZjMDdiNzdkMTYyMzY2YjQ1YTp7ImxvZ2luX2Zyb20iOiIvIiwibG9naW5fZXJyb3IiOmZhbHNlfQ==','2019-04-24 10:05:53.814663'),('3tcukmp1arcj9cqg4z991cdrneabqlzw','M2RjODhhMGM3YjRmMmVmMGQ0ZGMwYTUzYzRjOTY0OWJiYTExOGVkMzp7Il9hdXRoX3VzZXJfaWQiOiIyIiwiX2F1dGhfdXNlcl9iYWNrZW5kIjoiZGphbmdvLmNvbnRyaWIuYXV0aC5iYWNrZW5kcy5Nb2RlbEJhY2tlbmQiLCJfYXV0aF91c2VyX2hhc2giOiI4MmQwZDVmYjg3MDE1NGZiYzJhYjJkY2RkOTQ0OWE1ZTMxMjY2OWY5In0=','2018-07-29 11:32:42.752490'),('3zqevr2oghgqr0499wiafwfponluoc9f','ZGRiY2RkMDBkYTk0YzYzZDBjN2I4NjI4MzNjMzc5MGI0ZTk1MWMzZjp7ImxvZ2luX2Zyb20iOiJodHRwczovL3d3dy5ieWluY2QuY29tL2JvYmppYW5nLyIsImxvZ2luX2Vycm9yIjpmYWxzZX0=','2018-10-12 08:13:37.228847'),('484by98sn59a4xbgwhqsmgu70onzzir9','M2I0NTQ4NTY5YzEwM2RkOWI5MTk5NmZjMDdiNzdkMTYyMzY2YjQ1YTp7ImxvZ2luX2Zyb20iOiIvIiwibG9naW5fZXJyb3IiOmZhbHNlfQ==','2018-12-20 02:18:17.296193'),('4eazum4bwqhpdlptpjoev5eoishcbsmc','ZGRiY2RkMDBkYTk0YzYzZDBjN2I4NjI4MzNjMzc5MGI0ZTk1MWMzZjp7ImxvZ2luX2Zyb20iOiJodHRwczovL3d3dy5ieWluY2QuY29tL2JvYmppYW5nLyIsImxvZ2luX2Vycm9yIjpmYWxzZX0=','2018-10-05 08:40:54.741162'),('4eqopcqlt0nfryx852bmh4os5o360gi7','M2I0NTQ4NTY5YzEwM2RkOWI5MTk5NmZjMDdiNzdkMTYyMzY2YjQ1YTp7ImxvZ2luX2Zyb20iOiIvIiwibG9naW5fZXJyb3IiOmZhbHNlfQ==','2018-10-24 10:22:53.432282'),('4i3d9kzk72eo4zrlsabkihjv2ir6pbis','M2I0NTQ4NTY5YzEwM2RkOWI5MTk5NmZjMDdiNzdkMTYyMzY2YjQ1YTp7ImxvZ2luX2Zyb20iOiIvIiwibG9naW5fZXJyb3IiOmZhbHNlfQ==','2019-01-20 16:24:56.439466'),('4in0wm5e4tdqceng0eob5hfpe8pgzjcn','M2I0NTQ4NTY5YzEwM2RkOWI5MTk5NmZjMDdiNzdkMTYyMzY2YjQ1YTp7ImxvZ2luX2Zyb20iOiIvIiwibG9naW5fZXJyb3IiOmZhbHNlfQ==','2018-11-23 09:38:04.515038'),('4p0mjp2gze2cykzrhxqkcmhrxzzoqd59','M2I0NTQ4NTY5YzEwM2RkOWI5MTk5NmZjMDdiNzdkMTYyMzY2YjQ1YTp7ImxvZ2luX2Zyb20iOiIvIiwibG9naW5fZXJyb3IiOmZhbHNlfQ==','2018-11-29 09:41:46.196511'),('4wahwtfugy00a2fkvkhocy0toguzzgg3','ZGRiY2RkMDBkYTk0YzYzZDBjN2I4NjI4MzNjMzc5MGI0ZTk1MWMzZjp7ImxvZ2luX2Zyb20iOiJodHRwczovL3d3dy5ieWluY2QuY29tL2JvYmppYW5nLyIsImxvZ2luX2Vycm9yIjpmYWxzZX0=','2018-10-06 08:39:20.454904'),('4xovyu7711hf5i7ahjcnzkne34t64b1j','M2I0NTQ4NTY5YzEwM2RkOWI5MTk5NmZjMDdiNzdkMTYyMzY2YjQ1YTp7ImxvZ2luX2Zyb20iOiIvIiwibG9naW5fZXJyb3IiOmZhbHNlfQ==','2018-12-24 23:53:16.043098'),('4y8190015zf08hoyxtf9z1nlsm51ewgz','M2I0NTQ4NTY5YzEwM2RkOWI5MTk5NmZjMDdiNzdkMTYyMzY2YjQ1YTp7ImxvZ2luX2Zyb20iOiIvIiwibG9naW5fZXJyb3IiOmZhbHNlfQ==','2019-05-29 14:30:02.827357'),('4z1siklxfoqnvvfaotm3m1e8iw12zfv3','M2I0NTQ4NTY5YzEwM2RkOWI5MTk5NmZjMDdiNzdkMTYyMzY2YjQ1YTp7ImxvZ2luX2Zyb20iOiIvIiwibG9naW5fZXJyb3IiOmZhbHNlfQ==','2019-06-18 03:55:12.540300'),('50heus329vnlntr56nk760x51vjunm8x','M2I0NTQ4NTY5YzEwM2RkOWI5MTk5NmZjMDdiNzdkMTYyMzY2YjQ1YTp7ImxvZ2luX2Zyb20iOiIvIiwibG9naW5fZXJyb3IiOmZhbHNlfQ==','2019-01-10 12:59:05.990848'),('518295i8ktstfz42uds46vrndek8dvbe','M2I0NTQ4NTY5YzEwM2RkOWI5MTk5NmZjMDdiNzdkMTYyMzY2YjQ1YTp7ImxvZ2luX2Zyb20iOiIvIiwibG9naW5fZXJyb3IiOmZhbHNlfQ==','2018-10-07 12:51:06.130707'),('523jfehe5131gjiusp13yl2nxdwfmakr','MDIzZDMyZTliYTA4OGNiZmE3NzBjMjNjY2E4MWY4OWZjNmVlZmRjMzp7ImxvZ2luX2Zyb20iOiJodHRwczovL3d3dy5ieWluY2QuY29tL2JvYmppYW5nL3NlYXJjaC8/cT10ZXN0IiwibG9naW5fZXJyb3IiOmZhbHNlLCJfYXV0aF91c2VyX2lkIjoiMiIsIl9hdXRoX3VzZXJfYmFja2VuZCI6ImRqYW5nby5jb250cmliLmF1dGguYmFja2VuZHMuTW9kZWxCYWNrZW5kIiwiX2F1dGhfdXNlcl9oYXNoIjoiODJkMGQ1ZmI4NzAxNTRmYmMyYWIyZGNkZDk0NDlhNWUzMTI2NjlmOSJ9','2018-10-31 22:36:16.051986'),('54o4f069a33aik9k6zpg3sxclj07ma96','M2I0NTQ4NTY5YzEwM2RkOWI5MTk5NmZjMDdiNzdkMTYyMzY2YjQ1YTp7ImxvZ2luX2Zyb20iOiIvIiwibG9naW5fZXJyb3IiOmZhbHNlfQ==','2019-01-28 10:06:23.897565'),('56cqfa47bd7zcs7a1s0wtc9rwcq4nmyv','M2I0NTQ4NTY5YzEwM2RkOWI5MTk5NmZjMDdiNzdkMTYyMzY2YjQ1YTp7ImxvZ2luX2Zyb20iOiIvIiwibG9naW5fZXJyb3IiOmZhbHNlfQ==','2018-11-22 23:31:37.660916'),('58blpdmhq0086hzrt1f3ibms8khbsyfm','MWRmZGI1MTFkYjFmYmYzZWJiYmZjYWYyNDE2ODRkZGMyYmMxMWFhMDp7ImxvZ2luX2Zyb20iOiJodHRwczovL3d3dy5ieWluY2QuY29tL2JvYmppYW5nL2FydGljbGUtMDE1Ni8iLCJsb2dpbl9lcnJvciI6ZmFsc2V9','2018-12-17 18:44:39.630489'),('5c3yme1iaqokda4y9qntvciao7rlyhqu','M2I0NTQ4NTY5YzEwM2RkOWI5MTk5NmZjMDdiNzdkMTYyMzY2YjQ1YTp7ImxvZ2luX2Zyb20iOiIvIiwibG9naW5fZXJyb3IiOmZhbHNlfQ==','2018-09-19 01:58:59.331045'),('5ceakkesn0murra4l14x6mc10fphyjbo','NjgyYjVjNWIzOGU5MWIwZjgwYTA1MDMyNGRjZDAyZWUzZjQwZmQxMzp7ImxvZ2luX2Zyb20iOiJodHRwczovL3d3dy5ieWluY2QuY29tL2JvYmppYW5nLyIsImxvZ2luX2Vycm9yIjpmYWxzZSwiX2F1dGhfdXNlcl9pZCI6IjIiLCJfYXV0aF91c2VyX2JhY2tlbmQiOiJkamFuZ28uY29udHJpYi5hdXRoLmJhY2tlbmRzLk1vZGVsQmFja2VuZCIsIl9hdXRoX3VzZXJfaGFzaCI6IjgyZDBkNWZiODcwMTU0ZmJjMmFiMmRjZGQ5NDQ5YTVlMzEyNjY5ZjkifQ==','2018-12-20 16:39:40.305359'),('5lff0f7uvvz7k2qbifqc97o3x50yp4lk','YmJlMGY4N2RjYTE2OWVjZmMwZmYxNTNiMDQ0OGI0Y2ZkMjU0ZGIzNTp7ImxvZ2luX2Zyb20iOiJodHRwczovL2J5aW5jZC5jb20vYm9iamlhbmcvIiwibG9naW5fZXJyb3IiOiJcdTk1MTlcdThiZWZcdTc2ODRcdTc1MjhcdTYyMzdcdTU0MGRcdTYyMTZcdTViYzZcdTc4MDEifQ==','2019-06-24 13:44:51.905312'),('5sd6crke1svopy7g8zzwfl855z184o6q','ZGRiY2RkMDBkYTk0YzYzZDBjN2I4NjI4MzNjMzc5MGI0ZTk1MWMzZjp7ImxvZ2luX2Zyb20iOiJodHRwczovL3d3dy5ieWluY2QuY29tL2JvYmppYW5nLyIsImxvZ2luX2Vycm9yIjpmYWxzZX0=','2018-12-16 10:17:20.883049'),('5ts8p0ud0vd0tp2r602ql6vlhzwc6a2p','M2I0NTQ4NTY5YzEwM2RkOWI5MTk5NmZjMDdiNzdkMTYyMzY2YjQ1YTp7ImxvZ2luX2Zyb20iOiIvIiwibG9naW5fZXJyb3IiOmZhbHNlfQ==','2019-07-03 21:56:31.197643'),('5uk3g0ap2wlrmm79gt6sapai2rakx0bt','M2I0NTQ4NTY5YzEwM2RkOWI5MTk5NmZjMDdiNzdkMTYyMzY2YjQ1YTp7ImxvZ2luX2Zyb20iOiIvIiwibG9naW5fZXJyb3IiOmZhbHNlfQ==','2018-09-29 13:06:25.859740'),('61rkr06i49wjcxsp8ow0icovtah40kr7','MDFlZTNiZjlmM2I3ZWYwMGI5YjkyZTA2MDgxYzI4ODBjZmExMzQyYjp7ImxvZ2luX2Zyb20iOiJodHRwOi8vYnlpbmNkLmNvbTo4MDA4L2JvYmppYW5nLyIsImxvZ2luX2Vycm9yIjpmYWxzZSwiX2F1dGhfdXNlcl9pZCI6IjIiLCJfYXV0aF91c2VyX2JhY2tlbmQiOiJkamFuZ28uY29udHJpYi5hdXRoLmJhY2tlbmRzLk1vZGVsQmFja2VuZCIsIl9hdXRoX3VzZXJfaGFzaCI6IjgyZDBkNWZiODcwMTU0ZmJjMmFiMmRjZGQ5NDQ5YTVlMzEyNjY5ZjkifQ==','2018-09-25 16:42:25.877298'),('633ye50jg70koiyccxh8y0f78z0o5ycx','M2I0NTQ4NTY5YzEwM2RkOWI5MTk5NmZjMDdiNzdkMTYyMzY2YjQ1YTp7ImxvZ2luX2Zyb20iOiIvIiwibG9naW5fZXJyb3IiOmZhbHNlfQ==','2019-05-17 01:17:26.000165'),('6733fnfvyojvjiw5rpganc1d1eo9v60m','M2I0NTQ4NTY5YzEwM2RkOWI5MTk5NmZjMDdiNzdkMTYyMzY2YjQ1YTp7ImxvZ2luX2Zyb20iOiIvIiwibG9naW5fZXJyb3IiOmZhbHNlfQ==','2019-04-07 03:32:16.671579'),('67zu1oeuath50th80wv1vchafcwwr39j','YzdhYWU0M2RjMjUzM2IyYzFiYmFlYmZhYTdhNGRmMWZlYTBmNTM2Yjp7ImxvZ2luX2Zyb20iOiJodHRwczovL3d3dy5ieWluY2QuY29tL2JvYmppYW5nL2FydGljbGUtMDE2NC8iLCJsb2dpbl9lcnJvciI6ZmFsc2V9','2019-04-09 11:20:14.650279'),('6ivuixf7zhrtcszj2xfdfsgb22btnk8f','M2I0NTQ4NTY5YzEwM2RkOWI5MTk5NmZjMDdiNzdkMTYyMzY2YjQ1YTp7ImxvZ2luX2Zyb20iOiIvIiwibG9naW5fZXJyb3IiOmZhbHNlfQ==','2019-07-10 01:25:50.777012'),('6lm2lp206qfd5yb07kufkpojabj352bo','M2I0NTQ4NTY5YzEwM2RkOWI5MTk5NmZjMDdiNzdkMTYyMzY2YjQ1YTp7ImxvZ2luX2Zyb20iOiIvIiwibG9naW5fZXJyb3IiOmZhbHNlfQ==','2018-09-17 15:26:44.861747'),('6q29b09crzc9rm50tet18quf695wdcsx','M2I0NTQ4NTY5YzEwM2RkOWI5MTk5NmZjMDdiNzdkMTYyMzY2YjQ1YTp7ImxvZ2luX2Zyb20iOiIvIiwibG9naW5fZXJyb3IiOmZhbHNlfQ==','2018-12-10 14:41:30.611862'),('6q7nsgsyax4tylidi3afhvdg5t9qjagl','M2I0NTQ4NTY5YzEwM2RkOWI5MTk5NmZjMDdiNzdkMTYyMzY2YjQ1YTp7ImxvZ2luX2Zyb20iOiIvIiwibG9naW5fZXJyb3IiOmZhbHNlfQ==','2019-05-19 16:37:53.139634'),('6wh59jba33y69gobign5suo4cwa13zom','NjgyYjVjNWIzOGU5MWIwZjgwYTA1MDMyNGRjZDAyZWUzZjQwZmQxMzp7ImxvZ2luX2Zyb20iOiJodHRwczovL3d3dy5ieWluY2QuY29tL2JvYmppYW5nLyIsImxvZ2luX2Vycm9yIjpmYWxzZSwiX2F1dGhfdXNlcl9pZCI6IjIiLCJfYXV0aF91c2VyX2JhY2tlbmQiOiJkamFuZ28uY29udHJpYi5hdXRoLmJhY2tlbmRzLk1vZGVsQmFja2VuZCIsIl9hdXRoX3VzZXJfaGFzaCI6IjgyZDBkNWZiODcwMTU0ZmJjMmFiMmRjZGQ5NDQ5YTVlMzEyNjY5ZjkifQ==','2018-11-20 17:21:36.287867'),('6zz84fgmhsc4nzglwl94bw6m5kmyzxr9','M2I0NTQ4NTY5YzEwM2RkOWI5MTk5NmZjMDdiNzdkMTYyMzY2YjQ1YTp7ImxvZ2luX2Zyb20iOiIvIiwibG9naW5fZXJyb3IiOmZhbHNlfQ==','2018-12-02 07:47:47.825699'),('71f7cz3xw4avkfbt6gqns462hexkr1bo','NjI3Nzk0MGQ1ZmVkMmE0MDE0YzRjNGJhYmVhMjk5OGFmMTE4OTU3MTp7ImxvZ2luX2Zyb20iOiJodHRwczovL3d3dy5ieWluY2QuY29tL2JvYmppYW5nL2Fib3V0X3NpdGUvIiwibG9naW5fZXJyb3IiOmZhbHNlfQ==','2019-02-12 21:22:48.643683'),('7ak0iqohiuly78b33mp2fdkv63yabhlx','M2I0NTQ4NTY5YzEwM2RkOWI5MTk5NmZjMDdiNzdkMTYyMzY2YjQ1YTp7ImxvZ2luX2Zyb20iOiIvIiwibG9naW5fZXJyb3IiOmZhbHNlfQ==','2019-04-12 16:35:34.045895'),('7fl28b0ckuht2evs3zp0hn82ze2949yh','M2I0NTQ4NTY5YzEwM2RkOWI5MTk5NmZjMDdiNzdkMTYyMzY2YjQ1YTp7ImxvZ2luX2Zyb20iOiIvIiwibG9naW5fZXJyb3IiOmZhbHNlfQ==','2019-05-07 02:10:45.340453'),('7jhmi6mogkrar8fl2r5l6hixp3fw4khm','M2I0NTQ4NTY5YzEwM2RkOWI5MTk5NmZjMDdiNzdkMTYyMzY2YjQ1YTp7ImxvZ2luX2Zyb20iOiIvIiwibG9naW5fZXJyb3IiOmZhbHNlfQ==','2019-05-28 16:28:59.623584'),('7l6gxijub6jba8eelw27q57iu4nitm49','M2I0NTQ4NTY5YzEwM2RkOWI5MTk5NmZjMDdiNzdkMTYyMzY2YjQ1YTp7ImxvZ2luX2Zyb20iOiIvIiwibG9naW5fZXJyb3IiOmZhbHNlfQ==','2019-04-24 06:36:10.005163'),('7o6ny5634ioafvu6n42wy289qyrdousi','M2I0NTQ4NTY5YzEwM2RkOWI5MTk5NmZjMDdiNzdkMTYyMzY2YjQ1YTp7ImxvZ2luX2Zyb20iOiIvIiwibG9naW5fZXJyb3IiOmZhbHNlfQ==','2018-09-29 13:04:11.887766'),('7p81jgrtq5l84o34ox9jw1efqhanwvz1','M2I0NTQ4NTY5YzEwM2RkOWI5MTk5NmZjMDdiNzdkMTYyMzY2YjQ1YTp7ImxvZ2luX2Zyb20iOiIvIiwibG9naW5fZXJyb3IiOmZhbHNlfQ==','2019-05-24 13:31:54.961941'),('7yjsyae14igwd8gnb5d70mhzzf87q1fq','M2I0NTQ4NTY5YzEwM2RkOWI5MTk5NmZjMDdiNzdkMTYyMzY2YjQ1YTp7ImxvZ2luX2Zyb20iOiIvIiwibG9naW5fZXJyb3IiOmZhbHNlfQ==','2019-04-25 13:09:50.477304'),('86gubo3idnr1upefy82vf8eg6a87pfus','M2I0NTQ4NTY5YzEwM2RkOWI5MTk5NmZjMDdiNzdkMTYyMzY2YjQ1YTp7ImxvZ2luX2Zyb20iOiIvIiwibG9naW5fZXJyb3IiOmZhbHNlfQ==','2019-01-28 20:45:45.374656'),('87p8qxm5pse9ipjuuxvxyqpqtclmuws8','M2I0NTQ4NTY5YzEwM2RkOWI5MTk5NmZjMDdiNzdkMTYyMzY2YjQ1YTp7ImxvZ2luX2Zyb20iOiIvIiwibG9naW5fZXJyb3IiOmZhbHNlfQ==','2018-09-22 02:08:09.515331'),('8sz0k9diybbmo38oar207a2k7lzhraw1','NjI3Nzk0MGQ1ZmVkMmE0MDE0YzRjNGJhYmVhMjk5OGFmMTE4OTU3MTp7ImxvZ2luX2Zyb20iOiJodHRwczovL3d3dy5ieWluY2QuY29tL2JvYmppYW5nL2Fib3V0X3NpdGUvIiwibG9naW5fZXJyb3IiOmZhbHNlfQ==','2019-05-01 10:51:47.836766'),('8uwarq21jlgd28jbpsdj2sqsfsfpjpdm','ZGRiY2RkMDBkYTk0YzYzZDBjN2I4NjI4MzNjMzc5MGI0ZTk1MWMzZjp7ImxvZ2luX2Zyb20iOiJodHRwczovL3d3dy5ieWluY2QuY29tL2JvYmppYW5nLyIsImxvZ2luX2Vycm9yIjpmYWxzZX0=','2018-10-09 08:22:04.811346'),('8z1y3w2m01yc1urieglowpfvzg6hcyoo','M2I0NTQ4NTY5YzEwM2RkOWI5MTk5NmZjMDdiNzdkMTYyMzY2YjQ1YTp7ImxvZ2luX2Zyb20iOiIvIiwibG9naW5fZXJyb3IiOmZhbHNlfQ==','2018-11-10 06:25:15.183640'),('92tws36kjvjmqy8xagjuutf5e1qb5utc','M2I0NTQ4NTY5YzEwM2RkOWI5MTk5NmZjMDdiNzdkMTYyMzY2YjQ1YTp7ImxvZ2luX2Zyb20iOiIvIiwibG9naW5fZXJyb3IiOmZhbHNlfQ==','2019-01-19 05:47:26.445787'),('9e1utcx4c81em2jxnh3qgrxyltf0cbur','M2RjODhhMGM3YjRmMmVmMGQ0ZGMwYTUzYzRjOTY0OWJiYTExOGVkMzp7Il9hdXRoX3VzZXJfaWQiOiIyIiwiX2F1dGhfdXNlcl9iYWNrZW5kIjoiZGphbmdvLmNvbnRyaWIuYXV0aC5iYWNrZW5kcy5Nb2RlbEJhY2tlbmQiLCJfYXV0aF91c2VyX2hhc2giOiI4MmQwZDVmYjg3MDE1NGZiYzJhYjJkY2RkOTQ0OWE1ZTMxMjY2OWY5In0=','2018-07-19 06:52:04.788206'),('9eoirzycrag20gb083w4dbsf8v15qxji','YTUxOTAyODU0MzUxZWJlZDYyOGQ5MGNlMGZkMDExZGE3NjkwNjU1NDp7ImxvZ2luX2Zyb20iOiJodHRwczovL2J5aW5jZC5jb20vYm9iamlhbmcvIiwibG9naW5fZXJyb3IiOmZhbHNlLCJfYXV0aF91c2VyX2lkIjoiMiIsIl9hdXRoX3VzZXJfYmFja2VuZCI6ImRqYW5nby5jb250cmliLmF1dGguYmFja2VuZHMuTW9kZWxCYWNrZW5kIiwiX2F1dGhfdXNlcl9oYXNoIjoiNjVkZjQyZTA1NTNiY2Q1YWEyMzQyMzllZWI1ZThmMGM0YzU0NzFlYSJ9','2019-06-24 14:07:48.704744'),('9gsf163l4xci3ng5ql3i0aokzty31ir2','M2I0NTQ4NTY5YzEwM2RkOWI5MTk5NmZjMDdiNzdkMTYyMzY2YjQ1YTp7ImxvZ2luX2Zyb20iOiIvIiwibG9naW5fZXJyb3IiOmZhbHNlfQ==','2019-05-02 04:26:31.554750'),('9h2wb11cc04obs0bmpt3tedw8myq8tv5','YmJlMGY4N2RjYTE2OWVjZmMwZmYxNTNiMDQ0OGI0Y2ZkMjU0ZGIzNTp7ImxvZ2luX2Zyb20iOiJodHRwczovL2J5aW5jZC5jb20vYm9iamlhbmcvIiwibG9naW5fZXJyb3IiOiJcdTk1MTlcdThiZWZcdTc2ODRcdTc1MjhcdTYyMzdcdTU0MGRcdTYyMTZcdTViYzZcdTc4MDEifQ==','2019-06-25 13:43:22.266142'),('9lk3nkza0kebhlw55pyiq7r4qwlnkvwx','ZWE3ZTEwMmI2NzhmYWQ1YmJmZjA0Mzg2NWQ5NTcxNGNmZjAyNTJmYTp7ImxvZ2luX2Zyb20iOiJodHRwczovL2J5aW5jZC5jb20vYm9iamlhbmcvIiwibG9naW5fZXJyb3IiOmZhbHNlfQ==','2018-09-28 03:54:11.497100'),('9mbfg7rz97k0nurxz6l3hh8bd1ki9827','M2I0NTQ4NTY5YzEwM2RkOWI5MTk5NmZjMDdiNzdkMTYyMzY2YjQ1YTp7ImxvZ2luX2Zyb20iOiIvIiwibG9naW5fZXJyb3IiOmZhbHNlfQ==','2018-09-23 13:54:18.738923'),('9q5o3pdonk7f565ptnuauk2s1ri37oxp','M2RjODhhMGM3YjRmMmVmMGQ0ZGMwYTUzYzRjOTY0OWJiYTExOGVkMzp7Il9hdXRoX3VzZXJfaWQiOiIyIiwiX2F1dGhfdXNlcl9iYWNrZW5kIjoiZGphbmdvLmNvbnRyaWIuYXV0aC5iYWNrZW5kcy5Nb2RlbEJhY2tlbmQiLCJfYXV0aF91c2VyX2hhc2giOiI4MmQwZDVmYjg3MDE1NGZiYzJhYjJkY2RkOTQ0OWE1ZTMxMjY2OWY5In0=','2018-07-19 06:07:53.613766'),('9q6cx1yxh4la5i3l1ubcruo7lb08wg63','M2I0NTQ4NTY5YzEwM2RkOWI5MTk5NmZjMDdiNzdkMTYyMzY2YjQ1YTp7ImxvZ2luX2Zyb20iOiIvIiwibG9naW5fZXJyb3IiOmZhbHNlfQ==','2019-07-14 09:01:18.163968'),('9qa6nyss2vf2raih29rmymqwis6envka','ZGRiY2RkMDBkYTk0YzYzZDBjN2I4NjI4MzNjMzc5MGI0ZTk1MWMzZjp7ImxvZ2luX2Zyb20iOiJodHRwczovL3d3dy5ieWluY2QuY29tL2JvYmppYW5nLyIsImxvZ2luX2Vycm9yIjpmYWxzZX0=','2018-09-30 07:38:36.606097'),('9z5u8f5cn341qcn932ekyvfobwggb9b8','MzYyYjNhOWRlZjUxZTIwY2QzN2Q1ZmZkMWU0Y2I1MDc0OWUyNDgwYjp7Il9hdXRoX3VzZXJfaWQiOiIxIiwiX2F1dGhfdXNlcl9iYWNrZW5kIjoiZGphbmdvLmNvbnRyaWIuYXV0aC5iYWNrZW5kcy5Nb2RlbEJhY2tlbmQiLCJfYXV0aF91c2VyX2hhc2giOiI3OTY4NDJmNGZiOWIwYjVjMWQwYTM3YTllOGY0YzhkNzg1YjJiZmQwIn0=','2018-07-13 03:19:18.002543'),('a7k0mkjsbwxw3y7m4ng3dc7qpnnmiycx','M2I0NTQ4NTY5YzEwM2RkOWI5MTk5NmZjMDdiNzdkMTYyMzY2YjQ1YTp7ImxvZ2luX2Zyb20iOiIvIiwibG9naW5fZXJyb3IiOmZhbHNlfQ==','2019-07-12 09:59:47.008873'),('ac5r3klspy4pr968rlh651956vi39y4j','OWM5YWI5NTBkM2YwYTRiODUwNGNmZDkzMDQ3MTQ1OTU0NmZkYzZlNzp7fQ==','2018-09-15 23:21:05.741919'),('aelfcrobuwj68a4mdqkj9icdr3nynhf2','M2I0NTQ4NTY5YzEwM2RkOWI5MTk5NmZjMDdiNzdkMTYyMzY2YjQ1YTp7ImxvZ2luX2Zyb20iOiIvIiwibG9naW5fZXJyb3IiOmZhbHNlfQ==','2018-09-21 09:34:14.051945'),('alifp7sxkpzaohahamqrdq4m3l92ga3u','M2I0NTQ4NTY5YzEwM2RkOWI5MTk5NmZjMDdiNzdkMTYyMzY2YjQ1YTp7ImxvZ2luX2Zyb20iOiIvIiwibG9naW5fZXJyb3IiOmZhbHNlfQ==','2019-05-30 01:14:15.919501'),('aqwe6drznmsc45ukzddlg37jpo08q5rx','M2I0NTQ4NTY5YzEwM2RkOWI5MTk5NmZjMDdiNzdkMTYyMzY2YjQ1YTp7ImxvZ2luX2Zyb20iOiIvIiwibG9naW5fZXJyb3IiOmZhbHNlfQ==','2019-04-30 11:11:23.347081'),('ayqkvxta30v7fepa24wrt8slbeohcx4b','M2I0NTQ4NTY5YzEwM2RkOWI5MTk5NmZjMDdiNzdkMTYyMzY2YjQ1YTp7ImxvZ2luX2Zyb20iOiIvIiwibG9naW5fZXJyb3IiOmZhbHNlfQ==','2019-05-08 14:43:08.654674'),('b0hldisl7mi4feqdvwcd0hn6i6pswg1y','M2I0NTQ4NTY5YzEwM2RkOWI5MTk5NmZjMDdiNzdkMTYyMzY2YjQ1YTp7ImxvZ2luX2Zyb20iOiIvIiwibG9naW5fZXJyb3IiOmZhbHNlfQ==','2018-12-17 11:16:10.275284'),('b1x0kkusueho1ryn9ci9atrwvyv542v3','M2I0NTQ4NTY5YzEwM2RkOWI5MTk5NmZjMDdiNzdkMTYyMzY2YjQ1YTp7ImxvZ2luX2Zyb20iOiIvIiwibG9naW5fZXJyb3IiOmZhbHNlfQ==','2019-01-22 01:24:48.636965'),('b45w7u3z3u7qxa0yce00zj3z5ehdoqo5','M2I0NTQ4NTY5YzEwM2RkOWI5MTk5NmZjMDdiNzdkMTYyMzY2YjQ1YTp7ImxvZ2luX2Zyb20iOiIvIiwibG9naW5fZXJyb3IiOmZhbHNlfQ==','2018-11-11 23:49:28.395580'),('b6uag6lt6a31qh68dln5mkahb8a04j13','ZGRiY2RkMDBkYTk0YzYzZDBjN2I4NjI4MzNjMzc5MGI0ZTk1MWMzZjp7ImxvZ2luX2Zyb20iOiJodHRwczovL3d3dy5ieWluY2QuY29tL2JvYmppYW5nLyIsImxvZ2luX2Vycm9yIjpmYWxzZX0=','2019-02-15 17:44:21.442149'),('b9nhma4mmc95ba1roryo5dg4jmjmj163','M2I0NTQ4NTY5YzEwM2RkOWI5MTk5NmZjMDdiNzdkMTYyMzY2YjQ1YTp7ImxvZ2luX2Zyb20iOiIvIiwibG9naW5fZXJyb3IiOmZhbHNlfQ==','2018-11-27 22:17:00.679293'),('bcvlz2v9wpbm2m9885fjn173peqzz6pw','M2I0NTQ4NTY5YzEwM2RkOWI5MTk5NmZjMDdiNzdkMTYyMzY2YjQ1YTp7ImxvZ2luX2Zyb20iOiIvIiwibG9naW5fZXJyb3IiOmZhbHNlfQ==','2018-11-30 13:16:49.677003'),('bkdn538v88bcv5qo1tenjfjkkipq6o7r','M2I0NTQ4NTY5YzEwM2RkOWI5MTk5NmZjMDdiNzdkMTYyMzY2YjQ1YTp7ImxvZ2luX2Zyb20iOiIvIiwibG9naW5fZXJyb3IiOmZhbHNlfQ==','2018-10-31 23:38:23.962484'),('blidlmd51ekzx2deu9srl23f82bezklm','NjI3Nzk0MGQ1ZmVkMmE0MDE0YzRjNGJhYmVhMjk5OGFmMTE4OTU3MTp7ImxvZ2luX2Zyb20iOiJodHRwczovL3d3dy5ieWluY2QuY29tL2JvYmppYW5nL2Fib3V0X3NpdGUvIiwibG9naW5fZXJyb3IiOmZhbHNlfQ==','2019-02-21 09:27:55.690117'),('bmqifv6qpqi737mmg5hywqzkyuuq8ab4','ZWE3ZTEwMmI2NzhmYWQ1YmJmZjA0Mzg2NWQ5NTcxNGNmZjAyNTJmYTp7ImxvZ2luX2Zyb20iOiJodHRwczovL2J5aW5jZC5jb20vYm9iamlhbmcvIiwibG9naW5fZXJyb3IiOmZhbHNlfQ==','2018-10-09 03:56:08.619828'),('bn83cz4q5ik104l9nzmcskd0v9mgl6i7','ZGRiY2RkMDBkYTk0YzYzZDBjN2I4NjI4MzNjMzc5MGI0ZTk1MWMzZjp7ImxvZ2luX2Zyb20iOiJodHRwczovL3d3dy5ieWluY2QuY29tL2JvYmppYW5nLyIsImxvZ2luX2Vycm9yIjpmYWxzZX0=','2018-10-04 02:52:42.074112'),('bpl05dv4n3wqgt2hiqdwa2uwgisjkwq3','M2I0NTQ4NTY5YzEwM2RkOWI5MTk5NmZjMDdiNzdkMTYyMzY2YjQ1YTp7ImxvZ2luX2Zyb20iOiIvIiwibG9naW5fZXJyb3IiOmZhbHNlfQ==','2018-11-10 16:09:55.581514'),('br7bzw24821fst60sqdkbif334wxolop','M2I0NTQ4NTY5YzEwM2RkOWI5MTk5NmZjMDdiNzdkMTYyMzY2YjQ1YTp7ImxvZ2luX2Zyb20iOiIvIiwibG9naW5fZXJyb3IiOmZhbHNlfQ==','2019-04-09 07:49:37.568736'),('bwx10mlaayg2jgis9bra5g2g3l5y874t','M2I0NTQ4NTY5YzEwM2RkOWI5MTk5NmZjMDdiNzdkMTYyMzY2YjQ1YTp7ImxvZ2luX2Zyb20iOiIvIiwibG9naW5fZXJyb3IiOmZhbHNlfQ==','2019-06-07 06:20:21.364109'),('c1rlw5vh8bn6g7gfwo1x6ajmf7g6xwpg','M2I0NTQ4NTY5YzEwM2RkOWI5MTk5NmZjMDdiNzdkMTYyMzY2YjQ1YTp7ImxvZ2luX2Zyb20iOiIvIiwibG9naW5fZXJyb3IiOmZhbHNlfQ==','2019-06-23 10:32:10.789898'),('cd8vzpxu3fqbco3avqflb0qwnx9ery7y','M2I0NTQ4NTY5YzEwM2RkOWI5MTk5NmZjMDdiNzdkMTYyMzY2YjQ1YTp7ImxvZ2luX2Zyb20iOiIvIiwibG9naW5fZXJyb3IiOmZhbHNlfQ==','2019-06-26 04:45:44.354669'),('cg2noufm9cqu00eilj7hpa9q1y4o4vb3','M2I0NTQ4NTY5YzEwM2RkOWI5MTk5NmZjMDdiNzdkMTYyMzY2YjQ1YTp7ImxvZ2luX2Zyb20iOiIvIiwibG9naW5fZXJyb3IiOmZhbHNlfQ==','2019-05-07 15:55:00.692955'),('ciyejqoxjqpn71vvwdlc1l05txjhiobo','ZTRiZDQ3ZGVjNGU5NjMxZjhhYTE3MDIxM2ZjZDFjMDE1MGE5YmVkMTp7ImxvZ2luX2Zyb20iOiJodHRwOi8vd3d3LmJ5aW5jZC5jb20vYm9iamlhbmcvbG9naW4vIiwibG9naW5fZXJyb3IiOmZhbHNlfQ==','2019-06-22 14:17:08.704246'),('clkpxm8mhz9w7tnanzunroisdycvi0ts','M2I0NTQ4NTY5YzEwM2RkOWI5MTk5NmZjMDdiNzdkMTYyMzY2YjQ1YTp7ImxvZ2luX2Zyb20iOiIvIiwibG9naW5fZXJyb3IiOmZhbHNlfQ==','2019-03-29 14:46:05.266050'),('cqw2xxjkltfzil2xsrgvv8vc7lzsisum','ZGRiY2RkMDBkYTk0YzYzZDBjN2I4NjI4MzNjMzc5MGI0ZTk1MWMzZjp7ImxvZ2luX2Zyb20iOiJodHRwczovL3d3dy5ieWluY2QuY29tL2JvYmppYW5nLyIsImxvZ2luX2Vycm9yIjpmYWxzZX0=','2019-01-16 10:51:58.893046'),('cug26dz82gl24ki7zh2w7y1aiqan7p0o','M2RjODhhMGM3YjRmMmVmMGQ0ZGMwYTUzYzRjOTY0OWJiYTExOGVkMzp7Il9hdXRoX3VzZXJfaWQiOiIyIiwiX2F1dGhfdXNlcl9iYWNrZW5kIjoiZGphbmdvLmNvbnRyaWIuYXV0aC5iYWNrZW5kcy5Nb2RlbEJhY2tlbmQiLCJfYXV0aF91c2VyX2hhc2giOiI4MmQwZDVmYjg3MDE1NGZiYzJhYjJkY2RkOTQ0OWE1ZTMxMjY2OWY5In0=','2018-07-30 02:24:07.179977'),('d0wcyjx0nstd9fq9593zr4b8qzvu7f72','ZTNhYzFmODUyNzgyMmM2MmNiMzNiZmYwYTdkYzdhNmI4YTE2ZmQ0NDp7ImxvZ2luX2Zyb20iOiJodHRwczovL3d3dy5ieWluY2QuY29tL2JvYmppYW5nL2Fib3V0LyIsImxvZ2luX2Vycm9yIjpmYWxzZX0=','2018-12-15 10:58:47.293957'),('d7dy45rvmbphkkm238x9yhne9wearl59','Mzc4ODJhYzQwMmEzZjIzMTYwMGU2NTE1ZTc2NWQ2NWQzMGZjMGE2Mzp7ImxvZ2luX2Zyb20iOiJodHRwOi8vMTIwLjc4LjEzMy4yMDc6ODAwOC9ib2JqaWFuZy8iLCJsb2dpbl9lcnJvciI6ZmFsc2UsIl9hdXRoX3VzZXJfaWQiOiIyIiwiX2F1dGhfdXNlcl9iYWNrZW5kIjoiZGphbmdvLmNvbnRyaWIuYXV0aC5iYWNrZW5kcy5Nb2RlbEJhY2tlbmQiLCJfYXV0aF91c2VyX2hhc2giOiIwMGQ3ZDRlMmNjZjQ4MjM4ZTI5NDMwYjFjZjU3M2E0N2EwN2I0NjRhIn0=','2019-01-20 12:45:07.979228'),('d9drnq7upobxcvhhltzpk0mcreroy7x2','M2I0NTQ4NTY5YzEwM2RkOWI5MTk5NmZjMDdiNzdkMTYyMzY2YjQ1YTp7ImxvZ2luX2Zyb20iOiIvIiwibG9naW5fZXJyb3IiOmZhbHNlfQ==','2019-05-29 14:26:20.602495'),('db0bz8gra0jswwmljverxqjhnguwya2x','M2I0NTQ4NTY5YzEwM2RkOWI5MTk5NmZjMDdiNzdkMTYyMzY2YjQ1YTp7ImxvZ2luX2Zyb20iOiIvIiwibG9naW5fZXJyb3IiOmZhbHNlfQ==','2019-02-04 02:37:48.492975'),('dgrcjl5ug46o3gyn295s85o650dodnfl','M2I0NTQ4NTY5YzEwM2RkOWI5MTk5NmZjMDdiNzdkMTYyMzY2YjQ1YTp7ImxvZ2luX2Zyb20iOiIvIiwibG9naW5fZXJyb3IiOmZhbHNlfQ==','2018-09-28 16:39:25.659680'),('dnzze3arq83cz2l7umyfqif8p7i85n8y','M2I0NTQ4NTY5YzEwM2RkOWI5MTk5NmZjMDdiNzdkMTYyMzY2YjQ1YTp7ImxvZ2luX2Zyb20iOiIvIiwibG9naW5fZXJyb3IiOmZhbHNlfQ==','2018-11-22 03:40:29.604998'),('edzxknhdbki3z6z5cts5piqw5zfvt1rp','M2I0NTQ4NTY5YzEwM2RkOWI5MTk5NmZjMDdiNzdkMTYyMzY2YjQ1YTp7ImxvZ2luX2Zyb20iOiIvIiwibG9naW5fZXJyb3IiOmZhbHNlfQ==','2018-11-04 02:10:53.231207'),('eeg1wckxslchzqcipgk0wmgcmbb9rcla','OWM5YWI5NTBkM2YwYTRiODUwNGNmZDkzMDQ3MTQ1OTU0NmZkYzZlNzp7fQ==','2018-09-15 23:19:19.836310'),('ehnto61qoroq43qzf3yie6vaen9n6ghg','YTUxOTAyODU0MzUxZWJlZDYyOGQ5MGNlMGZkMDExZGE3NjkwNjU1NDp7ImxvZ2luX2Zyb20iOiJodHRwczovL2J5aW5jZC5jb20vYm9iamlhbmcvIiwibG9naW5fZXJyb3IiOmZhbHNlLCJfYXV0aF91c2VyX2lkIjoiMiIsIl9hdXRoX3VzZXJfYmFja2VuZCI6ImRqYW5nby5jb250cmliLmF1dGguYmFja2VuZHMuTW9kZWxCYWNrZW5kIiwiX2F1dGhfdXNlcl9oYXNoIjoiNjVkZjQyZTA1NTNiY2Q1YWEyMzQyMzllZWI1ZThmMGM0YzU0NzFlYSJ9','2019-06-24 14:02:12.886493'),('etjc6dcw953g7nm5jnbtm1gkpw41uqdz','M2I0NTQ4NTY5YzEwM2RkOWI5MTk5NmZjMDdiNzdkMTYyMzY2YjQ1YTp7ImxvZ2luX2Zyb20iOiIvIiwibG9naW5fZXJyb3IiOmZhbHNlfQ==','2018-12-18 05:43:28.668389'),('ezl5nxokomik6qqy3gn84p4z12sx5mjq','M2I0NTQ4NTY5YzEwM2RkOWI5MTk5NmZjMDdiNzdkMTYyMzY2YjQ1YTp7ImxvZ2luX2Zyb20iOiIvIiwibG9naW5fZXJyb3IiOmZhbHNlfQ==','2018-12-29 07:14:54.785812'),('f2q6g91zv1u8px0hrj7hk9puvvrvwkku','M2I0NTQ4NTY5YzEwM2RkOWI5MTk5NmZjMDdiNzdkMTYyMzY2YjQ1YTp7ImxvZ2luX2Zyb20iOiIvIiwibG9naW5fZXJyb3IiOmZhbHNlfQ==','2019-03-26 23:47:14.009300'),('f3t0oc2ezmzmzmcqesdihs4ek3n0yufn','M2I0NTQ4NTY5YzEwM2RkOWI5MTk5NmZjMDdiNzdkMTYyMzY2YjQ1YTp7ImxvZ2luX2Zyb20iOiIvIiwibG9naW5fZXJyb3IiOmZhbHNlfQ==','2019-05-03 11:56:58.931623'),('f7pi4iizoyl1konugvxrvi8793dr6sb9','NTNjNjFjMWYyZDFiNDFmZTcyYzYwYmRjMmU2MjI1YjZjNGM4ODE5Njp7ImxvZ2luX2Zyb20iOiJodHRwczovL3d3dy5ieWluY2QuY29tL2JvYmppYW5nL2Fib3V0X21lLyIsImxvZ2luX2Vycm9yIjpmYWxzZX0=','2019-02-22 11:25:07.872932'),('fdj1sprrswdtxsfqtcojik92iyewsbd1','M2I0NTQ4NTY5YzEwM2RkOWI5MTk5NmZjMDdiNzdkMTYyMzY2YjQ1YTp7ImxvZ2luX2Zyb20iOiIvIiwibG9naW5fZXJyb3IiOmZhbHNlfQ==','2019-06-07 14:49:09.066249'),('fiddt7s576cwi9giupsassyaa3cbp0qo','ZGRiY2RkMDBkYTk0YzYzZDBjN2I4NjI4MzNjMzc5MGI0ZTk1MWMzZjp7ImxvZ2luX2Zyb20iOiJodHRwczovL3d3dy5ieWluY2QuY29tL2JvYmppYW5nLyIsImxvZ2luX2Vycm9yIjpmYWxzZX0=','2018-10-01 07:25:12.915501'),('fjyfydr9eh15paw4va9yxhpa2msmfs76','M2I0NTQ4NTY5YzEwM2RkOWI5MTk5NmZjMDdiNzdkMTYyMzY2YjQ1YTp7ImxvZ2luX2Zyb20iOiIvIiwibG9naW5fZXJyb3IiOmZhbHNlfQ==','2019-05-05 23:12:28.849837'),('fs2g5qm6fgqp3ev4hfyeh26fd6lb6at5','M2I0NTQ4NTY5YzEwM2RkOWI5MTk5NmZjMDdiNzdkMTYyMzY2YjQ1YTp7ImxvZ2luX2Zyb20iOiIvIiwibG9naW5fZXJyb3IiOmZhbHNlfQ==','2018-12-28 12:25:49.978092'),('fy3hx1ec6hgec24tav6dpyosz6ui5tkx','ZGRiY2RkMDBkYTk0YzYzZDBjN2I4NjI4MzNjMzc5MGI0ZTk1MWMzZjp7ImxvZ2luX2Zyb20iOiJodHRwczovL3d3dy5ieWluY2QuY29tL2JvYmppYW5nLyIsImxvZ2luX2Vycm9yIjpmYWxzZX0=','2019-04-01 08:13:54.379605'),('fzfcm6e9frjvjh8o9dnvmj17fy9l5s4x','M2I0NTQ4NTY5YzEwM2RkOWI5MTk5NmZjMDdiNzdkMTYyMzY2YjQ1YTp7ImxvZ2luX2Zyb20iOiIvIiwibG9naW5fZXJyb3IiOmZhbHNlfQ==','2018-09-30 01:54:50.513315'),('g46yzdb8h9vwickmegsti4s9ydcutbit','YTUxOTAyODU0MzUxZWJlZDYyOGQ5MGNlMGZkMDExZGE3NjkwNjU1NDp7ImxvZ2luX2Zyb20iOiJodHRwczovL2J5aW5jZC5jb20vYm9iamlhbmcvIiwibG9naW5fZXJyb3IiOmZhbHNlLCJfYXV0aF91c2VyX2lkIjoiMiIsIl9hdXRoX3VzZXJfYmFja2VuZCI6ImRqYW5nby5jb250cmliLmF1dGguYmFja2VuZHMuTW9kZWxCYWNrZW5kIiwiX2F1dGhfdXNlcl9oYXNoIjoiNjVkZjQyZTA1NTNiY2Q1YWEyMzQyMzllZWI1ZThmMGM0YzU0NzFlYSJ9','2019-06-24 14:04:23.648524'),('gffrlqix0greic4q7f17g9lwqz22x258','M2I0NTQ4NTY5YzEwM2RkOWI5MTk5NmZjMDdiNzdkMTYyMzY2YjQ1YTp7ImxvZ2luX2Zyb20iOiIvIiwibG9naW5fZXJyb3IiOmZhbHNlfQ==','2019-06-16 15:44:52.420816'),('gikwptqclsbar5dlwhmzo5vp4osyw9eq','M2I0NTQ4NTY5YzEwM2RkOWI5MTk5NmZjMDdiNzdkMTYyMzY2YjQ1YTp7ImxvZ2luX2Zyb20iOiIvIiwibG9naW5fZXJyb3IiOmZhbHNlfQ==','2018-10-27 02:21:14.072336'),('glclc6zfry20aqh9zki3ynjsrb590xbl','ZGRiY2RkMDBkYTk0YzYzZDBjN2I4NjI4MzNjMzc5MGI0ZTk1MWMzZjp7ImxvZ2luX2Zyb20iOiJodHRwczovL3d3dy5ieWluY2QuY29tL2JvYmppYW5nLyIsImxvZ2luX2Vycm9yIjpmYWxzZX0=','2018-09-26 07:53:52.187054'),('gqdeliv62wimu20eegx0gd3zmmdo7i8t','M2I0NTQ4NTY5YzEwM2RkOWI5MTk5NmZjMDdiNzdkMTYyMzY2YjQ1YTp7ImxvZ2luX2Zyb20iOiIvIiwibG9naW5fZXJyb3IiOmZhbHNlfQ==','2019-05-18 14:00:24.255878'),('gx25klna9ajhgsbs879xgp01c9d40pat','NjgyYjVjNWIzOGU5MWIwZjgwYTA1MDMyNGRjZDAyZWUzZjQwZmQxMzp7ImxvZ2luX2Zyb20iOiJodHRwczovL3d3dy5ieWluY2QuY29tL2JvYmppYW5nLyIsImxvZ2luX2Vycm9yIjpmYWxzZSwiX2F1dGhfdXNlcl9pZCI6IjIiLCJfYXV0aF91c2VyX2JhY2tlbmQiOiJkamFuZ28uY29udHJpYi5hdXRoLmJhY2tlbmRzLk1vZGVsQmFja2VuZCIsIl9hdXRoX3VzZXJfaGFzaCI6IjgyZDBkNWZiODcwMTU0ZmJjMmFiMmRjZGQ5NDQ5YTVlMzEyNjY5ZjkifQ==','2018-10-21 12:22:58.533842'),('h7o3rkaxkxrvb8u743w2sre301951jsp','YTUxOTAyODU0MzUxZWJlZDYyOGQ5MGNlMGZkMDExZGE3NjkwNjU1NDp7ImxvZ2luX2Zyb20iOiJodHRwczovL2J5aW5jZC5jb20vYm9iamlhbmcvIiwibG9naW5fZXJyb3IiOmZhbHNlLCJfYXV0aF91c2VyX2lkIjoiMiIsIl9hdXRoX3VzZXJfYmFja2VuZCI6ImRqYW5nby5jb250cmliLmF1dGguYmFja2VuZHMuTW9kZWxCYWNrZW5kIiwiX2F1dGhfdXNlcl9oYXNoIjoiNjVkZjQyZTA1NTNiY2Q1YWEyMzQyMzllZWI1ZThmMGM0YzU0NzFlYSJ9','2019-06-24 14:02:02.848946'),('hah6nypujc0y2ms6py21aoa2tkuccv5n','M2RjODhhMGM3YjRmMmVmMGQ0ZGMwYTUzYzRjOTY0OWJiYTExOGVkMzp7Il9hdXRoX3VzZXJfaWQiOiIyIiwiX2F1dGhfdXNlcl9iYWNrZW5kIjoiZGphbmdvLmNvbnRyaWIuYXV0aC5iYWNrZW5kcy5Nb2RlbEJhY2tlbmQiLCJfYXV0aF91c2VyX2hhc2giOiI4MmQwZDVmYjg3MDE1NGZiYzJhYjJkY2RkOTQ0OWE1ZTMxMjY2OWY5In0=','2018-07-12 07:21:04.895621'),('hfl7fm3nfzn369ybfbjn7kl8jm9jo1dh','YmJlMGY4N2RjYTE2OWVjZmMwZmYxNTNiMDQ0OGI0Y2ZkMjU0ZGIzNTp7ImxvZ2luX2Zyb20iOiJodHRwczovL2J5aW5jZC5jb20vYm9iamlhbmcvIiwibG9naW5fZXJyb3IiOiJcdTk1MTlcdThiZWZcdTc2ODRcdTc1MjhcdTYyMzdcdTU0MGRcdTYyMTZcdTViYzZcdTc4MDEifQ==','2019-06-25 14:35:59.993097'),('hs5clv7y17i44rkqfwub1bqqn5x9ejyb','ZGRiY2RkMDBkYTk0YzYzZDBjN2I4NjI4MzNjMzc5MGI0ZTk1MWMzZjp7ImxvZ2luX2Zyb20iOiJodHRwczovL3d3dy5ieWluY2QuY29tL2JvYmppYW5nLyIsImxvZ2luX2Vycm9yIjpmYWxzZX0=','2018-10-07 08:29:16.828995'),('i3elmgis8km3h6eupzwubwwf7c7vt56t','M2I0NTQ4NTY5YzEwM2RkOWI5MTk5NmZjMDdiNzdkMTYyMzY2YjQ1YTp7ImxvZ2luX2Zyb20iOiIvIiwibG9naW5fZXJyb3IiOmZhbHNlfQ==','2018-11-10 20:50:21.056750'),('i3hfixhyxz69ddixwyr2k5hh08778ztv','M2I0NTQ4NTY5YzEwM2RkOWI5MTk5NmZjMDdiNzdkMTYyMzY2YjQ1YTp7ImxvZ2luX2Zyb20iOiIvIiwibG9naW5fZXJyb3IiOmZhbHNlfQ==','2018-11-24 01:41:22.263320'),('i48uhwcud06pz8l5i7ja13asw9m6wzhn','ZWE3ZTEwMmI2NzhmYWQ1YmJmZjA0Mzg2NWQ5NTcxNGNmZjAyNTJmYTp7ImxvZ2luX2Zyb20iOiJodHRwczovL2J5aW5jZC5jb20vYm9iamlhbmcvIiwibG9naW5fZXJyb3IiOmZhbHNlfQ==','2018-10-07 03:58:13.339762'),('ia63h7suduvdxtr8smclrekja12ws8gp','M2I0NTQ4NTY5YzEwM2RkOWI5MTk5NmZjMDdiNzdkMTYyMzY2YjQ1YTp7ImxvZ2luX2Zyb20iOiIvIiwibG9naW5fZXJyb3IiOmZhbHNlfQ==','2018-11-05 23:30:49.241728'),('iahb2nn2epu9zzg67rzc4a63su9a59aa','M2I0NTQ4NTY5YzEwM2RkOWI5MTk5NmZjMDdiNzdkMTYyMzY2YjQ1YTp7ImxvZ2luX2Zyb20iOiIvIiwibG9naW5fZXJyb3IiOmZhbHNlfQ==','2019-06-27 15:34:43.880342'),('ibvmdb5xdm34pm6rl3neb1qxxyeg24ep','NTNjNjFjMWYyZDFiNDFmZTcyYzYwYmRjMmU2MjI1YjZjNGM4ODE5Njp7ImxvZ2luX2Zyb20iOiJodHRwczovL3d3dy5ieWluY2QuY29tL2JvYmppYW5nL2Fib3V0X21lLyIsImxvZ2luX2Vycm9yIjpmYWxzZX0=','2019-02-17 13:25:00.394739'),('iew7ff5r33545rbeezp6wpqtp8p0ewx0','M2I0NTQ4NTY5YzEwM2RkOWI5MTk5NmZjMDdiNzdkMTYyMzY2YjQ1YTp7ImxvZ2luX2Zyb20iOiIvIiwibG9naW5fZXJyb3IiOmZhbHNlfQ==','2018-10-06 04:51:29.249520'),('ig0pe0cfggns34v0tjk5ku8zo5j02t0a','M2RjODhhMGM3YjRmMmVmMGQ0ZGMwYTUzYzRjOTY0OWJiYTExOGVkMzp7Il9hdXRoX3VzZXJfaWQiOiIyIiwiX2F1dGhfdXNlcl9iYWNrZW5kIjoiZGphbmdvLmNvbnRyaWIuYXV0aC5iYWNrZW5kcy5Nb2RlbEJhY2tlbmQiLCJfYXV0aF91c2VyX2hhc2giOiI4MmQwZDVmYjg3MDE1NGZiYzJhYjJkY2RkOTQ0OWE1ZTMxMjY2OWY5In0=','2018-09-03 09:54:39.200464'),('ih4dxcv5hh63pewo2hcv91b3ddh0josy','M2I0NTQ4NTY5YzEwM2RkOWI5MTk5NmZjMDdiNzdkMTYyMzY2YjQ1YTp7ImxvZ2luX2Zyb20iOiIvIiwibG9naW5fZXJyb3IiOmZhbHNlfQ==','2019-02-03 02:15:58.221569'),('ii01q68psou9ssn09n8ki28xu8oorbu3','M2I0NTQ4NTY5YzEwM2RkOWI5MTk5NmZjMDdiNzdkMTYyMzY2YjQ1YTp7ImxvZ2luX2Zyb20iOiIvIiwibG9naW5fZXJyb3IiOmZhbHNlfQ==','2019-07-03 11:49:47.043083'),('inku8qog38aade4qgip8nfsd7y5t0chy','YTUxOTAyODU0MzUxZWJlZDYyOGQ5MGNlMGZkMDExZGE3NjkwNjU1NDp7ImxvZ2luX2Zyb20iOiJodHRwczovL2J5aW5jZC5jb20vYm9iamlhbmcvIiwibG9naW5fZXJyb3IiOmZhbHNlLCJfYXV0aF91c2VyX2lkIjoiMiIsIl9hdXRoX3VzZXJfYmFja2VuZCI6ImRqYW5nby5jb250cmliLmF1dGguYmFja2VuZHMuTW9kZWxCYWNrZW5kIiwiX2F1dGhfdXNlcl9oYXNoIjoiNjVkZjQyZTA1NTNiY2Q1YWEyMzQyMzllZWI1ZThmMGM0YzU0NzFlYSJ9','2019-06-25 11:28:13.149456'),('inp965s921jne9vovjezsrj6jbfdxpu7','OWM5YWI5NTBkM2YwYTRiODUwNGNmZDkzMDQ3MTQ1OTU0NmZkYzZlNzp7fQ==','2018-09-15 23:20:07.647579'),('iwlmbhbjjgj3l06vqev0e1b5cexeav36','ZWE3ZTEwMmI2NzhmYWQ1YmJmZjA0Mzg2NWQ5NTcxNGNmZjAyNTJmYTp7ImxvZ2luX2Zyb20iOiJodHRwczovL2J5aW5jZC5jb20vYm9iamlhbmcvIiwibG9naW5fZXJyb3IiOmZhbHNlfQ==','2018-09-25 03:48:30.510698'),('izb999vzob6h67tp91q6pm3ukaijyzp5','M2I0NTQ4NTY5YzEwM2RkOWI5MTk5NmZjMDdiNzdkMTYyMzY2YjQ1YTp7ImxvZ2luX2Zyb20iOiIvIiwibG9naW5fZXJyb3IiOmZhbHNlfQ==','2019-02-20 21:34:34.728450'),('j36nluyu62nuqbdhrln1rfs3wgdzd1ri','M2I0NTQ4NTY5YzEwM2RkOWI5MTk5NmZjMDdiNzdkMTYyMzY2YjQ1YTp7ImxvZ2luX2Zyb20iOiIvIiwibG9naW5fZXJyb3IiOmZhbHNlfQ==','2018-09-25 01:34:40.885717'),('j6ujdt25k91euqybh3s3j44r2x3r9qnh','OGM4N2Q3ZWFmN2FhYWJjZTI4YjU3ZjAxYWZmY2UzNWQ5ZTlhYmZjZjp7ImxvZ2luX2Zyb20iOiJodHRwczovL3d3dy5ieWluY2QuY29tL2JvYmppYW5nLyIsImxvZ2luX2Vycm9yIjpmYWxzZSwiX2F1dGhfdXNlcl9pZCI6IjIiLCJfYXV0aF91c2VyX2JhY2tlbmQiOiJkamFuZ28uY29udHJpYi5hdXRoLmJhY2tlbmRzLk1vZGVsQmFja2VuZCIsIl9hdXRoX3VzZXJfaGFzaCI6IjY1ZGY0MmUwNTUzYmNkNWFhMjM0MjM5ZWViNWU4ZjBjNGM1NDcxZWEifQ==','2019-07-13 23:22:22.809595'),('j709jdfo7m7cg17a4quwt6g7l09ad2ph','M2I0NTQ4NTY5YzEwM2RkOWI5MTk5NmZjMDdiNzdkMTYyMzY2YjQ1YTp7ImxvZ2luX2Zyb20iOiIvIiwibG9naW5fZXJyb3IiOmZhbHNlfQ==','2018-11-23 00:52:13.949189'),('j7ols772hdg98ctct7ftov2x19ja7pi1','M2I0NTQ4NTY5YzEwM2RkOWI5MTk5NmZjMDdiNzdkMTYyMzY2YjQ1YTp7ImxvZ2luX2Zyb20iOiIvIiwibG9naW5fZXJyb3IiOmZhbHNlfQ==','2019-03-12 17:13:47.298938'),('jfqigokku42by6wv7kv87crmbmesf0hy','M2I0NTQ4NTY5YzEwM2RkOWI5MTk5NmZjMDdiNzdkMTYyMzY2YjQ1YTp7ImxvZ2luX2Zyb20iOiIvIiwibG9naW5fZXJyb3IiOmZhbHNlfQ==','2019-05-07 10:04:06.290194'),('joa2r6un4phw194w4yixk27gqkvr239o','M2I0NTQ4NTY5YzEwM2RkOWI5MTk5NmZjMDdiNzdkMTYyMzY2YjQ1YTp7ImxvZ2luX2Zyb20iOiIvIiwibG9naW5fZXJyb3IiOmZhbHNlfQ==','2018-11-05 02:48:59.720450'),('joffqtyt7m04i6mgielqc0j8imq5yi5q','M2I0NTQ4NTY5YzEwM2RkOWI5MTk5NmZjMDdiNzdkMTYyMzY2YjQ1YTp7ImxvZ2luX2Zyb20iOiIvIiwibG9naW5fZXJyb3IiOmZhbHNlfQ==','2018-10-27 00:04:30.083624'),('jq3t886gw4j3omy9y0uuuzrcak9wr7xd','M2I0NTQ4NTY5YzEwM2RkOWI5MTk5NmZjMDdiNzdkMTYyMzY2YjQ1YTp7ImxvZ2luX2Zyb20iOiIvIiwibG9naW5fZXJyb3IiOmZhbHNlfQ==','2019-06-08 14:19:28.001942'),('jre66r9pubjwhvajk8lwqrz38qk2u35x','YTUxOTAyODU0MzUxZWJlZDYyOGQ5MGNlMGZkMDExZGE3NjkwNjU1NDp7ImxvZ2luX2Zyb20iOiJodHRwczovL2J5aW5jZC5jb20vYm9iamlhbmcvIiwibG9naW5fZXJyb3IiOmZhbHNlLCJfYXV0aF91c2VyX2lkIjoiMiIsIl9hdXRoX3VzZXJfYmFja2VuZCI6ImRqYW5nby5jb250cmliLmF1dGguYmFja2VuZHMuTW9kZWxCYWNrZW5kIiwiX2F1dGhfdXNlcl9oYXNoIjoiNjVkZjQyZTA1NTNiY2Q1YWEyMzQyMzllZWI1ZThmMGM0YzU0NzFlYSJ9','2019-06-24 14:10:37.918260'),('jsma8widdljhk5wv8fe98bhfcaj59mcr','N2VlYWMwNjk0MDUwNWY3ZDg3OTE1NWE4Yzk0YjZlNmFlMTc3MzVkNjp7ImxvZ2luX2Zyb20iOiJodHRwczovL3d3dy5ieWluY2QuY29tL2JvYmppYW5nL2NhdGVnb3JpemF0aW9uLyIsImxvZ2luX2Vycm9yIjpmYWxzZX0=','2019-01-16 13:52:00.042096'),('jtaket1puz6a0x20z9zjg1q8wym9e315','ZGRiY2RkMDBkYTk0YzYzZDBjN2I4NjI4MzNjMzc5MGI0ZTk1MWMzZjp7ImxvZ2luX2Zyb20iOiJodHRwczovL3d3dy5ieWluY2QuY29tL2JvYmppYW5nLyIsImxvZ2luX2Vycm9yIjpmYWxzZX0=','2018-09-27 02:49:07.345097'),('k3adsuyd9s3akl32nav3skqkfuy8lwgz','M2I0NTQ4NTY5YzEwM2RkOWI5MTk5NmZjMDdiNzdkMTYyMzY2YjQ1YTp7ImxvZ2luX2Zyb20iOiIvIiwibG9naW5fZXJyb3IiOmZhbHNlfQ==','2019-01-31 15:50:47.302740'),('k4z2cuun0rkgadzmn28ib1oyg8r906n7','M2I0NTQ4NTY5YzEwM2RkOWI5MTk5NmZjMDdiNzdkMTYyMzY2YjQ1YTp7ImxvZ2luX2Zyb20iOiIvIiwibG9naW5fZXJyb3IiOmZhbHNlfQ==','2019-06-17 16:44:54.908055'),('k5wu4r3ocuuq8soqz66rkt3twn65ab07','M2I0NTQ4NTY5YzEwM2RkOWI5MTk5NmZjMDdiNzdkMTYyMzY2YjQ1YTp7ImxvZ2luX2Zyb20iOiIvIiwibG9naW5fZXJyb3IiOmZhbHNlfQ==','2018-09-26 00:33:01.417449'),('k8ohitco8n8c9jhpmpflq084h2cfdb6y','YmJlMGY4N2RjYTE2OWVjZmMwZmYxNTNiMDQ0OGI0Y2ZkMjU0ZGIzNTp7ImxvZ2luX2Zyb20iOiJodHRwczovL2J5aW5jZC5jb20vYm9iamlhbmcvIiwibG9naW5fZXJyb3IiOiJcdTk1MTlcdThiZWZcdTc2ODRcdTc1MjhcdTYyMzdcdTU0MGRcdTYyMTZcdTViYzZcdTc4MDEifQ==','2019-06-25 13:37:28.132935'),('k95adxmhgjig1kyzmtps2xk7l0atiud6','NTNjNjFjMWYyZDFiNDFmZTcyYzYwYmRjMmU2MjI1YjZjNGM4ODE5Njp7ImxvZ2luX2Zyb20iOiJodHRwczovL3d3dy5ieWluY2QuY29tL2JvYmppYW5nL2Fib3V0X21lLyIsImxvZ2luX2Vycm9yIjpmYWxzZX0=','2019-02-11 16:33:54.984875'),('kch1xquerb3xnntc018ffvi4d5h8y0j1','ZTNhYzFmODUyNzgyMmM2MmNiMzNiZmYwYTdkYzdhNmI4YTE2ZmQ0NDp7ImxvZ2luX2Zyb20iOiJodHRwczovL3d3dy5ieWluY2QuY29tL2JvYmppYW5nL2Fib3V0LyIsImxvZ2luX2Vycm9yIjpmYWxzZX0=','2018-12-15 10:56:19.556321'),('kg3zg9gpkr0kr0ujrwf8e0xthzbuiykz','ZTNhYzFmODUyNzgyMmM2MmNiMzNiZmYwYTdkYzdhNmI4YTE2ZmQ0NDp7ImxvZ2luX2Zyb20iOiJodHRwczovL3d3dy5ieWluY2QuY29tL2JvYmppYW5nL2Fib3V0LyIsImxvZ2luX2Vycm9yIjpmYWxzZX0=','2019-01-16 14:13:40.792299'),('kgm3e7ty9w9h3ialu0rpnfdeuu5w6rg2','M2I0NTQ4NTY5YzEwM2RkOWI5MTk5NmZjMDdiNzdkMTYyMzY2YjQ1YTp7ImxvZ2luX2Zyb20iOiIvIiwibG9naW5fZXJyb3IiOmZhbHNlfQ==','2019-02-21 06:05:13.482426'),('khdnrq1wgcmuh1jwbwj8dfvdn3999hfq','M2I0NTQ4NTY5YzEwM2RkOWI5MTk5NmZjMDdiNzdkMTYyMzY2YjQ1YTp7ImxvZ2luX2Zyb20iOiIvIiwibG9naW5fZXJyb3IiOmZhbHNlfQ==','2018-12-07 12:15:23.483217'),('kjt1nkg4pvlzhtnzzghvtymd9mjxqpb9','ZWE3ZTEwMmI2NzhmYWQ1YmJmZjA0Mzg2NWQ5NTcxNGNmZjAyNTJmYTp7ImxvZ2luX2Zyb20iOiJodHRwczovL2J5aW5jZC5jb20vYm9iamlhbmcvIiwibG9naW5fZXJyb3IiOmZhbHNlfQ==','2018-09-23 03:54:51.211514'),('klrvgziowutl8ihf4c7ik1coiz95fb13','NjgyYjVjNWIzOGU5MWIwZjgwYTA1MDMyNGRjZDAyZWUzZjQwZmQxMzp7ImxvZ2luX2Zyb20iOiJodHRwczovL3d3dy5ieWluY2QuY29tL2JvYmppYW5nLyIsImxvZ2luX2Vycm9yIjpmYWxzZSwiX2F1dGhfdXNlcl9pZCI6IjIiLCJfYXV0aF91c2VyX2JhY2tlbmQiOiJkamFuZ28uY29udHJpYi5hdXRoLmJhY2tlbmRzLk1vZGVsQmFja2VuZCIsIl9hdXRoX3VzZXJfaGFzaCI6IjgyZDBkNWZiODcwMTU0ZmJjMmFiMmRjZGQ5NDQ5YTVlMzEyNjY5ZjkifQ==','2018-11-02 08:39:57.352917'),('ksj8t59v0x82afwo9afoxi2v98xfkjj5','M2I0NTQ4NTY5YzEwM2RkOWI5MTk5NmZjMDdiNzdkMTYyMzY2YjQ1YTp7ImxvZ2luX2Zyb20iOiIvIiwibG9naW5fZXJyb3IiOmZhbHNlfQ==','2019-02-06 22:15:44.134490'),('kutod33i5bnxo90srshs419fzqjnioth','M2I0NTQ4NTY5YzEwM2RkOWI5MTk5NmZjMDdiNzdkMTYyMzY2YjQ1YTp7ImxvZ2luX2Zyb20iOiIvIiwibG9naW5fZXJyb3IiOmZhbHNlfQ==','2019-06-11 05:05:14.861659'),('kxrn8h1mkbq34eypk7gc3tx8kp8txzs9','M2I0NTQ4NTY5YzEwM2RkOWI5MTk5NmZjMDdiNzdkMTYyMzY2YjQ1YTp7ImxvZ2luX2Zyb20iOiIvIiwibG9naW5fZXJyb3IiOmZhbHNlfQ==','2019-05-06 05:01:04.705782'),('kxsey1qvixyznxibzksfwvd4hz0jqqsk','YTUxOTAyODU0MzUxZWJlZDYyOGQ5MGNlMGZkMDExZGE3NjkwNjU1NDp7ImxvZ2luX2Zyb20iOiJodHRwczovL2J5aW5jZC5jb20vYm9iamlhbmcvIiwibG9naW5fZXJyb3IiOmZhbHNlLCJfYXV0aF91c2VyX2lkIjoiMiIsIl9hdXRoX3VzZXJfYmFja2VuZCI6ImRqYW5nby5jb250cmliLmF1dGguYmFja2VuZHMuTW9kZWxCYWNrZW5kIiwiX2F1dGhfdXNlcl9oYXNoIjoiNjVkZjQyZTA1NTNiY2Q1YWEyMzQyMzllZWI1ZThmMGM0YzU0NzFlYSJ9','2019-06-25 10:46:41.694517'),('l7495xyo4cfj0zozd80ukk8v3dxuhkdc','ZGRiY2RkMDBkYTk0YzYzZDBjN2I4NjI4MzNjMzc5MGI0ZTk1MWMzZjp7ImxvZ2luX2Zyb20iOiJodHRwczovL3d3dy5ieWluY2QuY29tL2JvYmppYW5nLyIsImxvZ2luX2Vycm9yIjpmYWxzZX0=','2018-09-29 02:50:48.179883'),('lajtcvadt6uqz0k0uxcu1ky7llpbl9og','M2RjODhhMGM3YjRmMmVmMGQ0ZGMwYTUzYzRjOTY0OWJiYTExOGVkMzp7Il9hdXRoX3VzZXJfaWQiOiIyIiwiX2F1dGhfdXNlcl9iYWNrZW5kIjoiZGphbmdvLmNvbnRyaWIuYXV0aC5iYWNrZW5kcy5Nb2RlbEJhY2tlbmQiLCJfYXV0aF91c2VyX2hhc2giOiI4MmQwZDVmYjg3MDE1NGZiYzJhYjJkY2RkOTQ0OWE1ZTMxMjY2OWY5In0=','2018-10-09 15:31:19.459640'),('lf7bgwugwngh8j8d18978rxdd0loy3s0','M2I0NTQ4NTY5YzEwM2RkOWI5MTk5NmZjMDdiNzdkMTYyMzY2YjQ1YTp7ImxvZ2luX2Zyb20iOiIvIiwibG9naW5fZXJyb3IiOmZhbHNlfQ==','2018-11-01 00:11:43.919558'),('lhz434qhour4wv4kosvmz5ppyhfrgapo','M2I0NTQ4NTY5YzEwM2RkOWI5MTk5NmZjMDdiNzdkMTYyMzY2YjQ1YTp7ImxvZ2luX2Zyb20iOiIvIiwibG9naW5fZXJyb3IiOmZhbHNlfQ==','2018-12-30 14:22:39.374409'),('lidfd5bxp2ehbh1tln9x0dkguuyxhyku','M2I0NTQ4NTY5YzEwM2RkOWI5MTk5NmZjMDdiNzdkMTYyMzY2YjQ1YTp7ImxvZ2luX2Zyb20iOiIvIiwibG9naW5fZXJyb3IiOmZhbHNlfQ==','2019-01-04 03:17:57.181070'),('lpf47ovux6edb979l44o71n2gp10joj6','M2I0NTQ4NTY5YzEwM2RkOWI5MTk5NmZjMDdiNzdkMTYyMzY2YjQ1YTp7ImxvZ2luX2Zyb20iOiIvIiwibG9naW5fZXJyb3IiOmZhbHNlfQ==','2018-11-30 01:52:07.366064'),('lsd7gfd42gmxjxwvmejbkuuugy85obuj','MDkxMGQwYjk3Y2Q3MzAwMDJmNDI4YWIxZDc4ZDY3NTQzZDdjNDExYjp7ImxvZ2luX2Zyb20iOiJodHRwczovL3d3dy5ieWluY2QuY29tL2JvYmppYW5nL2Fib3V0X21lLyIsImxvZ2luX2Vycm9yIjpmYWxzZSwiX2F1dGhfdXNlcl9pZCI6IjIiLCJfYXV0aF91c2VyX2JhY2tlbmQiOiJkamFuZ28uY29udHJpYi5hdXRoLmJhY2tlbmRzLk1vZGVsQmFja2VuZCIsIl9hdXRoX3VzZXJfaGFzaCI6IjAwZDdkNGUyY2NmNDgyMzhlMjk0MzBiMWNmNTczYTQ3YTA3YjQ2NGEifQ==','2019-01-20 15:56:21.945583'),('lua0pf6h34x14a17iqwv0sd3xtg2t40h','YTUxOTAyODU0MzUxZWJlZDYyOGQ5MGNlMGZkMDExZGE3NjkwNjU1NDp7ImxvZ2luX2Zyb20iOiJodHRwczovL2J5aW5jZC5jb20vYm9iamlhbmcvIiwibG9naW5fZXJyb3IiOmZhbHNlLCJfYXV0aF91c2VyX2lkIjoiMiIsIl9hdXRoX3VzZXJfYmFja2VuZCI6ImRqYW5nby5jb250cmliLmF1dGguYmFja2VuZHMuTW9kZWxCYWNrZW5kIiwiX2F1dGhfdXNlcl9oYXNoIjoiNjVkZjQyZTA1NTNiY2Q1YWEyMzQyMzllZWI1ZThmMGM0YzU0NzFlYSJ9','2019-06-24 14:11:45.982998'),('luko31tiw8whafsm0d1h4ayimriy76u5','M2I0NTQ4NTY5YzEwM2RkOWI5MTk5NmZjMDdiNzdkMTYyMzY2YjQ1YTp7ImxvZ2luX2Zyb20iOiIvIiwibG9naW5fZXJyb3IiOmZhbHNlfQ==','2018-12-26 13:33:26.995715'),('m0cdjr1yt770pp047rj5ya101dxrtjx2','ZTNhYzFmODUyNzgyMmM2MmNiMzNiZmYwYTdkYzdhNmI4YTE2ZmQ0NDp7ImxvZ2luX2Zyb20iOiJodHRwczovL3d3dy5ieWluY2QuY29tL2JvYmppYW5nL2Fib3V0LyIsImxvZ2luX2Vycm9yIjpmYWxzZX0=','2018-12-17 18:03:12.740895'),('m7i3pqv8c4r0s44wuqkwc51vvxzlx66u','M2I0NTQ4NTY5YzEwM2RkOWI5MTk5NmZjMDdiNzdkMTYyMzY2YjQ1YTp7ImxvZ2luX2Zyb20iOiIvIiwibG9naW5fZXJyb3IiOmZhbHNlfQ==','2019-01-20 00:41:16.499128'),('mp0o2k67mmmxgkmwtfiq8y5z8dpesofg','M2I0NTQ4NTY5YzEwM2RkOWI5MTk5NmZjMDdiNzdkMTYyMzY2YjQ1YTp7ImxvZ2luX2Zyb20iOiIvIiwibG9naW5fZXJyb3IiOmZhbHNlfQ==','2018-11-24 16:34:18.599003'),('msnz7z2t7g2jza1efftovg5ka05wsmne','M2I0NTQ4NTY5YzEwM2RkOWI5MTk5NmZjMDdiNzdkMTYyMzY2YjQ1YTp7ImxvZ2luX2Zyb20iOiIvIiwibG9naW5fZXJyb3IiOmZhbHNlfQ==','2019-06-24 07:18:07.494298'),('mx846yws9txyec1ptscce2gqhcz1awn4','M2I0NTQ4NTY5YzEwM2RkOWI5MTk5NmZjMDdiNzdkMTYyMzY2YjQ1YTp7ImxvZ2luX2Zyb20iOiIvIiwibG9naW5fZXJyb3IiOmZhbHNlfQ==','2018-10-22 05:33:05.365296'),('n2jpt9kbjy6j1r52zj3x0oklqaqyumb7','M2I0NTQ4NTY5YzEwM2RkOWI5MTk5NmZjMDdiNzdkMTYyMzY2YjQ1YTp7ImxvZ2luX2Zyb20iOiIvIiwibG9naW5fZXJyb3IiOmZhbHNlfQ==','2019-02-26 22:10:25.579539'),('n43ag6zz9h0rb72xmib0eouikzk5bup1','ZWE3ZTEwMmI2NzhmYWQ1YmJmZjA0Mzg2NWQ5NTcxNGNmZjAyNTJmYTp7ImxvZ2luX2Zyb20iOiJodHRwczovL2J5aW5jZC5jb20vYm9iamlhbmcvIiwibG9naW5fZXJyb3IiOmZhbHNlfQ==','2018-10-10 04:01:13.892261'),('n500z8ht6t96v23m444n0uk0uot18orz','M2I0NTQ4NTY5YzEwM2RkOWI5MTk5NmZjMDdiNzdkMTYyMzY2YjQ1YTp7ImxvZ2luX2Zyb20iOiIvIiwibG9naW5fZXJyb3IiOmZhbHNlfQ==','2019-03-05 10:20:28.531940'),('n85aw5f53t7lmb40fxzcn43vt9ojxgjx','M2I0NTQ4NTY5YzEwM2RkOWI5MTk5NmZjMDdiNzdkMTYyMzY2YjQ1YTp7ImxvZ2luX2Zyb20iOiIvIiwibG9naW5fZXJyb3IiOmZhbHNlfQ==','2019-05-18 08:43:29.647349'),('ncq036d2costd6uajgmwy4y6ukwwce57','YmJlMGY4N2RjYTE2OWVjZmMwZmYxNTNiMDQ0OGI0Y2ZkMjU0ZGIzNTp7ImxvZ2luX2Zyb20iOiJodHRwczovL2J5aW5jZC5jb20vYm9iamlhbmcvIiwibG9naW5fZXJyb3IiOiJcdTk1MTlcdThiZWZcdTc2ODRcdTc1MjhcdTYyMzdcdTU0MGRcdTYyMTZcdTViYzZcdTc4MDEifQ==','2019-06-25 14:35:01.356319'),('nft29vqd2gla3j0x6tl0cbx88uo16x7k','M2I0NTQ4NTY5YzEwM2RkOWI5MTk5NmZjMDdiNzdkMTYyMzY2YjQ1YTp7ImxvZ2luX2Zyb20iOiIvIiwibG9naW5fZXJyb3IiOmZhbHNlfQ==','2019-05-15 12:57:00.646492'),('nnoo7t6nczl3ls5wxyr24wwf7x9uq0t3','M2I0NTQ4NTY5YzEwM2RkOWI5MTk5NmZjMDdiNzdkMTYyMzY2YjQ1YTp7ImxvZ2luX2Zyb20iOiIvIiwibG9naW5fZXJyb3IiOmZhbHNlfQ==','2019-06-18 20:41:45.378181'),('nsf0hightzruwi2hbt7igzbpfmihp9gx','M2I0NTQ4NTY5YzEwM2RkOWI5MTk5NmZjMDdiNzdkMTYyMzY2YjQ1YTp7ImxvZ2luX2Zyb20iOiIvIiwibG9naW5fZXJyb3IiOmZhbHNlfQ==','2019-02-13 19:20:44.284292'),('o2bk9baaw7lezvmkgl4i90sz94jhuilr','ZGRiY2RkMDBkYTk0YzYzZDBjN2I4NjI4MzNjMzc5MGI0ZTk1MWMzZjp7ImxvZ2luX2Zyb20iOiJodHRwczovL3d3dy5ieWluY2QuY29tL2JvYmppYW5nLyIsImxvZ2luX2Vycm9yIjpmYWxzZX0=','2018-09-23 08:12:08.632287'),('o2oi9h0yzdslryqdl80dc2pq3y3mnqr9','M2I0NTQ4NTY5YzEwM2RkOWI5MTk5NmZjMDdiNzdkMTYyMzY2YjQ1YTp7ImxvZ2luX2Zyb20iOiIvIiwibG9naW5fZXJyb3IiOmZhbHNlfQ==','2019-05-15 12:45:00.216307'),('o56glszfc0xo79gsweekcdvpq48hdk2l','M2I0NTQ4NTY5YzEwM2RkOWI5MTk5NmZjMDdiNzdkMTYyMzY2YjQ1YTp7ImxvZ2luX2Zyb20iOiIvIiwibG9naW5fZXJyb3IiOmZhbHNlfQ==','2019-06-22 14:30:44.665456'),('o85gaya68fwbbyp1fp586vi5i8sfnsal','M2I0NTQ4NTY5YzEwM2RkOWI5MTk5NmZjMDdiNzdkMTYyMzY2YjQ1YTp7ImxvZ2luX2Zyb20iOiIvIiwibG9naW5fZXJyb3IiOmZhbHNlfQ==','2018-10-21 00:49:04.889709'),('o9f2plvnt9pz2cjb734sx0ypya9y70jy','M2RjODhhMGM3YjRmMmVmMGQ0ZGMwYTUzYzRjOTY0OWJiYTExOGVkMzp7Il9hdXRoX3VzZXJfaWQiOiIyIiwiX2F1dGhfdXNlcl9iYWNrZW5kIjoiZGphbmdvLmNvbnRyaWIuYXV0aC5iYWNrZW5kcy5Nb2RlbEJhY2tlbmQiLCJfYXV0aF91c2VyX2hhc2giOiI4MmQwZDVmYjg3MDE1NGZiYzJhYjJkY2RkOTQ0OWE1ZTMxMjY2OWY5In0=','2018-09-09 08:15:46.020484'),('oet8d1wpp2ybm5zkay8xhnodmt708sjp','M2I0NTQ4NTY5YzEwM2RkOWI5MTk5NmZjMDdiNzdkMTYyMzY2YjQ1YTp7ImxvZ2luX2Zyb20iOiIvIiwibG9naW5fZXJyb3IiOmZhbHNlfQ==','2018-10-03 13:30:02.561604'),('oge88xkvoeyl62tpwlmvntpgq7mhqebd','Yzk5ZjM5N2VjOTU1NGNjNTI0Y2EyYzUxNGUzMDlkOGMwOWVlZWEzODp7ImxvZ2luX2Zyb20iOiJodHRwOi8vMTIwLjc4LjEzMy4yMDc6ODAwOC9ib2JqaWFuZy8iLCJsb2dpbl9lcnJvciI6ZmFsc2V9','2018-10-24 13:40:50.045959'),('ohsox2opfbfvskm39rfr10d8q917s02r','M2I0NTQ4NTY5YzEwM2RkOWI5MTk5NmZjMDdiNzdkMTYyMzY2YjQ1YTp7ImxvZ2luX2Zyb20iOiIvIiwibG9naW5fZXJyb3IiOmZhbHNlfQ==','2019-03-31 01:40:01.553329'),('oi02hx6f4z1ktfje43qocfoqw1ssl72m','NjI3Nzk0MGQ1ZmVkMmE0MDE0YzRjNGJhYmVhMjk5OGFmMTE4OTU3MTp7ImxvZ2luX2Zyb20iOiJodHRwczovL3d3dy5ieWluY2QuY29tL2JvYmppYW5nL2Fib3V0X3NpdGUvIiwibG9naW5fZXJyb3IiOmZhbHNlfQ==','2019-02-15 20:21:56.497656'),('oi49s44wegtfsf8q2h6m7j721mp16628','M2I0NTQ4NTY5YzEwM2RkOWI5MTk5NmZjMDdiNzdkMTYyMzY2YjQ1YTp7ImxvZ2luX2Zyb20iOiIvIiwibG9naW5fZXJyb3IiOmZhbHNlfQ==','2019-02-28 11:54:02.524820'),('oij2mis0txhr6l0qf55d1b9auxhd492k','N2VlYWMwNjk0MDUwNWY3ZDg3OTE1NWE4Yzk0YjZlNmFlMTc3MzVkNjp7ImxvZ2luX2Zyb20iOiJodHRwczovL3d3dy5ieWluY2QuY29tL2JvYmppYW5nL2NhdGVnb3JpemF0aW9uLyIsImxvZ2luX2Vycm9yIjpmYWxzZX0=','2018-12-17 18:01:34.966568'),('ooajkmddlijryna2imfuh8nk8r7lrf9b','N2VlYWMwNjk0MDUwNWY3ZDg3OTE1NWE4Yzk0YjZlNmFlMTc3MzVkNjp7ImxvZ2luX2Zyb20iOiJodHRwczovL3d3dy5ieWluY2QuY29tL2JvYmppYW5nL2NhdGVnb3JpemF0aW9uLyIsImxvZ2luX2Vycm9yIjpmYWxzZX0=','2019-06-23 10:46:28.593714'),('ot178121is11afgcabouwn3ixogmgxzm','M2I0NTQ4NTY5YzEwM2RkOWI5MTk5NmZjMDdiNzdkMTYyMzY2YjQ1YTp7ImxvZ2luX2Zyb20iOiIvIiwibG9naW5fZXJyb3IiOmZhbHNlfQ==','2018-12-29 17:50:34.055540'),('p27yoxk1c7ltvjf713yblt8y2re29ayz','M2I0NTQ4NTY5YzEwM2RkOWI5MTk5NmZjMDdiNzdkMTYyMzY2YjQ1YTp7ImxvZ2luX2Zyb20iOiIvIiwibG9naW5fZXJyb3IiOmZhbHNlfQ==','2019-07-13 04:58:28.407950'),('p2g2ye5l5skmhrafva9tm1nss34mqqmz','ZGRiY2RkMDBkYTk0YzYzZDBjN2I4NjI4MzNjMzc5MGI0ZTk1MWMzZjp7ImxvZ2luX2Zyb20iOiJodHRwczovL3d3dy5ieWluY2QuY29tL2JvYmppYW5nLyIsImxvZ2luX2Vycm9yIjpmYWxzZX0=','2018-10-03 08:44:32.789771'),('p3omtkllxlcvfd4jmjj5r971tc6picuq','M2RjODhhMGM3YjRmMmVmMGQ0ZGMwYTUzYzRjOTY0OWJiYTExOGVkMzp7Il9hdXRoX3VzZXJfaWQiOiIyIiwiX2F1dGhfdXNlcl9iYWNrZW5kIjoiZGphbmdvLmNvbnRyaWIuYXV0aC5iYWNrZW5kcy5Nb2RlbEJhY2tlbmQiLCJfYXV0aF91c2VyX2hhc2giOiI4MmQwZDVmYjg3MDE1NGZiYzJhYjJkY2RkOTQ0OWE1ZTMxMjY2OWY5In0=','2018-08-25 03:47:44.293562'),('p515ngfhix68i9uas8990ysvcvengcqj','NjI3Nzk0MGQ1ZmVkMmE0MDE0YzRjNGJhYmVhMjk5OGFmMTE4OTU3MTp7ImxvZ2luX2Zyb20iOiJodHRwczovL3d3dy5ieWluY2QuY29tL2JvYmppYW5nL2Fib3V0X3NpdGUvIiwibG9naW5fZXJyb3IiOmZhbHNlfQ==','2019-06-07 18:53:47.605436'),('p5uqo7h4n5v530ipjaon7yzvxxltqz3t','M2I0NTQ4NTY5YzEwM2RkOWI5MTk5NmZjMDdiNzdkMTYyMzY2YjQ1YTp7ImxvZ2luX2Zyb20iOiIvIiwibG9naW5fZXJyb3IiOmZhbHNlfQ==','2018-10-20 19:02:24.836912'),('p9w5m2v2fpum9yz6cx29wn1jy0doz0x5','M2I0NTQ4NTY5YzEwM2RkOWI5MTk5NmZjMDdiNzdkMTYyMzY2YjQ1YTp7ImxvZ2luX2Zyb20iOiIvIiwibG9naW5fZXJyb3IiOmZhbHNlfQ==','2018-10-14 00:24:39.977940'),('pa74uijj3r63575ydu1s5gwjw28d9oni','NTNjNjFjMWYyZDFiNDFmZTcyYzYwYmRjMmU2MjI1YjZjNGM4ODE5Njp7ImxvZ2luX2Zyb20iOiJodHRwczovL3d3dy5ieWluY2QuY29tL2JvYmppYW5nL2Fib3V0X21lLyIsImxvZ2luX2Vycm9yIjpmYWxzZX0=','2019-04-10 22:02:35.965098'),('pefe49u8xc03ah4vvaep43mter30fvc2','ZTRiZDQ3ZGVjNGU5NjMxZjhhYTE3MDIxM2ZjZDFjMDE1MGE5YmVkMTp7ImxvZ2luX2Zyb20iOiJodHRwOi8vd3d3LmJ5aW5jZC5jb20vYm9iamlhbmcvbG9naW4vIiwibG9naW5fZXJyb3IiOmZhbHNlfQ==','2019-06-07 14:26:08.846844'),('pezwv02iekobls2jsdx8x62c67no2y4g','M2I0NTQ4NTY5YzEwM2RkOWI5MTk5NmZjMDdiNzdkMTYyMzY2YjQ1YTp7ImxvZ2luX2Zyb20iOiIvIiwibG9naW5fZXJyb3IiOmZhbHNlfQ==','2018-11-13 15:24:30.283573'),('pgmr90fyuqiy089vh68rfm7sgobwwdb0','ZGRiY2RkMDBkYTk0YzYzZDBjN2I4NjI4MzNjMzc5MGI0ZTk1MWMzZjp7ImxvZ2luX2Zyb20iOiJodHRwczovL3d3dy5ieWluY2QuY29tL2JvYmppYW5nLyIsImxvZ2luX2Vycm9yIjpmYWxzZX0=','2018-09-24 07:45:43.004155'),('pgo62oa217mdgysd1ktnchxftj5db1oq','MzYyYjNhOWRlZjUxZTIwY2QzN2Q1ZmZkMWU0Y2I1MDc0OWUyNDgwYjp7Il9hdXRoX3VzZXJfaWQiOiIxIiwiX2F1dGhfdXNlcl9iYWNrZW5kIjoiZGphbmdvLmNvbnRyaWIuYXV0aC5iYWNrZW5kcy5Nb2RlbEJhY2tlbmQiLCJfYXV0aF91c2VyX2hhc2giOiI3OTY4NDJmNGZiOWIwYjVjMWQwYTM3YTllOGY0YzhkNzg1YjJiZmQwIn0=','2018-07-12 02:54:45.349608'),('pi0du7dykxgewudeckre9sml54qbtrfu','YmJlODI2NWE4MDMzZTQ3ODdiZDc2NzM5M2JlNjE3OGEzMWVmYmRlNjp7ImxvZ2luX2Zyb20iOiJodHRwczovL3d3dy5ieWluY2QuY29tL2JvYmppYW5nL2FydGljbGUtMDE2OC8iLCJsb2dpbl9lcnJvciI6Ilx1OTUxOVx1OGJlZlx1NzY4NFx1NzUyOFx1NjIzN1x1NTQwZFx1NjIxNlx1NWJjNlx1NzgwMSJ9','2019-05-22 01:02:33.579943'),('pjqi4xfmyrasn5eqgv43vxg9mkjwut42','NTNjNjFjMWYyZDFiNDFmZTcyYzYwYmRjMmU2MjI1YjZjNGM4ODE5Njp7ImxvZ2luX2Zyb20iOiJodHRwczovL3d3dy5ieWluY2QuY29tL2JvYmppYW5nL2Fib3V0X21lLyIsImxvZ2luX2Vycm9yIjpmYWxzZX0=','2019-03-14 15:29:21.078577'),('pqewahqqbs8etqpzijzb7brovn9tne7k','M2I0NTQ4NTY5YzEwM2RkOWI5MTk5NmZjMDdiNzdkMTYyMzY2YjQ1YTp7ImxvZ2luX2Zyb20iOiIvIiwibG9naW5fZXJyb3IiOmZhbHNlfQ==','2018-10-26 11:44:07.667813'),('q25e2wp4h4cq63g7l5chwoc4blm3au3i','M2I0NTQ4NTY5YzEwM2RkOWI5MTk5NmZjMDdiNzdkMTYyMzY2YjQ1YTp7ImxvZ2luX2Zyb20iOiIvIiwibG9naW5fZXJyb3IiOmZhbHNlfQ==','2019-03-21 08:41:53.661527'),('q5vtiht7zn0wlb0nr4vzfo6tus1dq8qd','M2I0NTQ4NTY5YzEwM2RkOWI5MTk5NmZjMDdiNzdkMTYyMzY2YjQ1YTp7ImxvZ2luX2Zyb20iOiIvIiwibG9naW5fZXJyb3IiOmZhbHNlfQ==','2018-12-07 04:13:30.674604'),('qfzoryjvn4hqs3hgslx27e6w6w94ur49','M2I0NTQ4NTY5YzEwM2RkOWI5MTk5NmZjMDdiNzdkMTYyMzY2YjQ1YTp7ImxvZ2luX2Zyb20iOiIvIiwibG9naW5fZXJyb3IiOmZhbHNlfQ==','2019-05-18 03:21:28.571891'),('qo0509wqfe4d6twdzxsjmzdnb8k5zy89','ZGRiY2RkMDBkYTk0YzYzZDBjN2I4NjI4MzNjMzc5MGI0ZTk1MWMzZjp7ImxvZ2luX2Zyb20iOiJodHRwczovL3d3dy5ieWluY2QuY29tL2JvYmppYW5nLyIsImxvZ2luX2Vycm9yIjpmYWxzZX0=','2018-10-08 08:26:52.635427'),('qutda9j7cc4zl0bs4krfl849hd2n3sm4','M2I0NTQ4NTY5YzEwM2RkOWI5MTk5NmZjMDdiNzdkMTYyMzY2YjQ1YTp7ImxvZ2luX2Zyb20iOiIvIiwibG9naW5fZXJyb3IiOmZhbHNlfQ==','2019-06-23 00:22:16.783228'),('qxbmrumgezg72lws1adl89fsu6kjqtv2','M2I0NTQ4NTY5YzEwM2RkOWI5MTk5NmZjMDdiNzdkMTYyMzY2YjQ1YTp7ImxvZ2luX2Zyb20iOiIvIiwibG9naW5fZXJyb3IiOmZhbHNlfQ==','2019-04-17 05:26:24.289694'),('r18kg6qt34q8snqd13hytfv5bzhdwlmz','M2I0NTQ4NTY5YzEwM2RkOWI5MTk5NmZjMDdiNzdkMTYyMzY2YjQ1YTp7ImxvZ2luX2Zyb20iOiIvIiwibG9naW5fZXJyb3IiOmZhbHNlfQ==','2018-11-13 20:23:36.681995'),('r1b24f4124ndfy61360iibqc3w8k7mvj','M2I0NTQ4NTY5YzEwM2RkOWI5MTk5NmZjMDdiNzdkMTYyMzY2YjQ1YTp7ImxvZ2luX2Zyb20iOiIvIiwibG9naW5fZXJyb3IiOmZhbHNlfQ==','2018-10-21 01:22:33.117446'),('r2ne70p8o8307badamuvoo85x1tqitg3','M2I0NTQ4NTY5YzEwM2RkOWI5MTk5NmZjMDdiNzdkMTYyMzY2YjQ1YTp7ImxvZ2luX2Zyb20iOiIvIiwibG9naW5fZXJyb3IiOmZhbHNlfQ==','2019-05-16 00:35:46.423232'),('r449a0r00puua8kkbl6ewinli066uhb4','M2I0NTQ4NTY5YzEwM2RkOWI5MTk5NmZjMDdiNzdkMTYyMzY2YjQ1YTp7ImxvZ2luX2Zyb20iOiIvIiwibG9naW5fZXJyb3IiOmZhbHNlfQ==','2019-07-09 16:08:20.074091'),('r4c5etb5yfufdecj35ar09ftfv059wh5','YmJlMGY4N2RjYTE2OWVjZmMwZmYxNTNiMDQ0OGI0Y2ZkMjU0ZGIzNTp7ImxvZ2luX2Zyb20iOiJodHRwczovL2J5aW5jZC5jb20vYm9iamlhbmcvIiwibG9naW5fZXJyb3IiOiJcdTk1MTlcdThiZWZcdTc2ODRcdTc1MjhcdTYyMzdcdTU0MGRcdTYyMTZcdTViYzZcdTc4MDEifQ==','2019-06-25 13:38:21.577627'),('r52g4wzi17jjjpmsxwal0vkcjl8vfsrr','M2I0NTQ4NTY5YzEwM2RkOWI5MTk5NmZjMDdiNzdkMTYyMzY2YjQ1YTp7ImxvZ2luX2Zyb20iOiIvIiwibG9naW5fZXJyb3IiOmZhbHNlfQ==','2018-12-28 20:32:12.087820'),('rgg0s5if8amt4lfuk3fa7jw3m1v0tgtp','M2I0NTQ4NTY5YzEwM2RkOWI5MTk5NmZjMDdiNzdkMTYyMzY2YjQ1YTp7ImxvZ2luX2Zyb20iOiIvIiwibG9naW5fZXJyb3IiOmZhbHNlfQ==','2019-05-25 01:24:53.144004'),('rl03adzww6r1g0u7plyahhcci1qef6ji','YTU2MWQ5MTNkMGNjZDI2YmU3ODg3YWU2OWFjMDNkMWM0Yjg0OGUxMzp7Il9hdXRoX3VzZXJfaWQiOiIyIiwiX2F1dGhfdXNlcl9iYWNrZW5kIjoiZGphbmdvLmNvbnRyaWIuYXV0aC5iYWNrZW5kcy5Nb2RlbEJhY2tlbmQiLCJfYXV0aF91c2VyX2hhc2giOiI4MmQwZDVmYjg3MDE1NGZiYzJhYjJkY2RkOTQ0OWE1ZTMxMjY2OWY5Iiwid2l6YXJkX3hhZG1pbnVzZXJ3aWRnZXRfYWRtaW5fd2l6YXJkX2Zvcm1fcGx1Z2luIjp7InN0ZXAiOiJXaWRnZXRcdTdjN2JcdTU3OGIiLCJzdGVwX2RhdGEiOnt9LCJzdGVwX2ZpbGVzIjp7fSwiZXh0cmFfZGF0YSI6e319LCJMSVNUX1FVRVJZIjpbWyJibG9nIiwicG9zdCJdLCIiXX0=','2018-09-08 06:58:09.175727'),('s2c2ijvfm20u3tej0ixjok9yy3uyt7ay','NjgyYjVjNWIzOGU5MWIwZjgwYTA1MDMyNGRjZDAyZWUzZjQwZmQxMzp7ImxvZ2luX2Zyb20iOiJodHRwczovL3d3dy5ieWluY2QuY29tL2JvYmppYW5nLyIsImxvZ2luX2Vycm9yIjpmYWxzZSwiX2F1dGhfdXNlcl9pZCI6IjIiLCJfYXV0aF91c2VyX2JhY2tlbmQiOiJkamFuZ28uY29udHJpYi5hdXRoLmJhY2tlbmRzLk1vZGVsQmFja2VuZCIsIl9hdXRoX3VzZXJfaGFzaCI6IjgyZDBkNWZiODcwMTU0ZmJjMmFiMmRjZGQ5NDQ5YTVlMzEyNjY5ZjkifQ==','2018-11-25 17:50:37.089764'),('s5d3np851g1jtzck9ahlnz17xycqlvc4','M2I0NTQ4NTY5YzEwM2RkOWI5MTk5NmZjMDdiNzdkMTYyMzY2YjQ1YTp7ImxvZ2luX2Zyb20iOiIvIiwibG9naW5fZXJyb3IiOmZhbHNlfQ==','2019-01-30 17:57:51.710797'),('s6k7dgew3ogxnnan3qg1hv9d9s9lk1gk','NjgyYjVjNWIzOGU5MWIwZjgwYTA1MDMyNGRjZDAyZWUzZjQwZmQxMzp7ImxvZ2luX2Zyb20iOiJodHRwczovL3d3dy5ieWluY2QuY29tL2JvYmppYW5nLyIsImxvZ2luX2Vycm9yIjpmYWxzZSwiX2F1dGhfdXNlcl9pZCI6IjIiLCJfYXV0aF91c2VyX2JhY2tlbmQiOiJkamFuZ28uY29udHJpYi5hdXRoLmJhY2tlbmRzLk1vZGVsQmFja2VuZCIsIl9hdXRoX3VzZXJfaGFzaCI6IjgyZDBkNWZiODcwMTU0ZmJjMmFiMmRjZGQ5NDQ5YTVlMzEyNjY5ZjkifQ==','2018-10-30 13:29:44.601950'),('s7fbpsd6hezkqgu4wuils6ef9irntdrl','M2I0NTQ4NTY5YzEwM2RkOWI5MTk5NmZjMDdiNzdkMTYyMzY2YjQ1YTp7ImxvZ2luX2Zyb20iOiIvIiwibG9naW5fZXJyb3IiOmZhbHNlfQ==','2018-11-02 13:27:32.097162'),('s8o34ezv49ukhix2f4qyofwohn9q80om','NjI3Nzk0MGQ1ZmVkMmE0MDE0YzRjNGJhYmVhMjk5OGFmMTE4OTU3MTp7ImxvZ2luX2Zyb20iOiJodHRwczovL3d3dy5ieWluY2QuY29tL2JvYmppYW5nL2Fib3V0X3NpdGUvIiwibG9naW5fZXJyb3IiOmZhbHNlfQ==','2019-03-14 16:57:26.293869'),('slshmrroc5gfr995bqh293yehqueqm0j','YTUxOTAyODU0MzUxZWJlZDYyOGQ5MGNlMGZkMDExZGE3NjkwNjU1NDp7ImxvZ2luX2Zyb20iOiJodHRwczovL2J5aW5jZC5jb20vYm9iamlhbmcvIiwibG9naW5fZXJyb3IiOmZhbHNlLCJfYXV0aF91c2VyX2lkIjoiMiIsIl9hdXRoX3VzZXJfYmFja2VuZCI6ImRqYW5nby5jb250cmliLmF1dGguYmFja2VuZHMuTW9kZWxCYWNrZW5kIiwiX2F1dGhfdXNlcl9oYXNoIjoiNjVkZjQyZTA1NTNiY2Q1YWEyMzQyMzllZWI1ZThmMGM0YzU0NzFlYSJ9','2019-06-24 13:51:21.322227'),('snf7a3g0d7r78ciwrl8yf7bo9a4pe15d','ZGRiY2RkMDBkYTk0YzYzZDBjN2I4NjI4MzNjMzc5MGI0ZTk1MWMzZjp7ImxvZ2luX2Zyb20iOiJodHRwczovL3d3dy5ieWluY2QuY29tL2JvYmppYW5nLyIsImxvZ2luX2Vycm9yIjpmYWxzZX0=','2018-09-22 08:34:12.323163'),('srmuam47m3qqdn7lw43d6egseuzi2rel','M2I0NTQ4NTY5YzEwM2RkOWI5MTk5NmZjMDdiNzdkMTYyMzY2YjQ1YTp7ImxvZ2luX2Zyb20iOiIvIiwibG9naW5fZXJyb3IiOmZhbHNlfQ==','2018-12-06 12:33:06.460155'),('ss8d5z1cyis2lrz1jo1k7srhg0f6s3gc','M2I0NTQ4NTY5YzEwM2RkOWI5MTk5NmZjMDdiNzdkMTYyMzY2YjQ1YTp7ImxvZ2luX2Zyb20iOiIvIiwibG9naW5fZXJyb3IiOmZhbHNlfQ==','2018-12-12 15:54:57.787890'),('su3ve62urps0zp28apvm0uldaddclb25','YmJlMGY4N2RjYTE2OWVjZmMwZmYxNTNiMDQ0OGI0Y2ZkMjU0ZGIzNTp7ImxvZ2luX2Zyb20iOiJodHRwczovL2J5aW5jZC5jb20vYm9iamlhbmcvIiwibG9naW5fZXJyb3IiOiJcdTk1MTlcdThiZWZcdTc2ODRcdTc1MjhcdTYyMzdcdTU0MGRcdTYyMTZcdTViYzZcdTc4MDEifQ==','2019-06-25 11:17:05.274668'),('suwtgyu2neshd4l6bbqkokqh88msodzn','M2I0NTQ4NTY5YzEwM2RkOWI5MTk5NmZjMDdiNzdkMTYyMzY2YjQ1YTp7ImxvZ2luX2Zyb20iOiIvIiwibG9naW5fZXJyb3IiOmZhbHNlfQ==','2019-05-12 13:09:23.649140'),('sxhd9cboav56nsvxg8zq6r8dj652pya1','M2I0NTQ4NTY5YzEwM2RkOWI5MTk5NmZjMDdiNzdkMTYyMzY2YjQ1YTp7ImxvZ2luX2Zyb20iOiIvIiwibG9naW5fZXJyb3IiOmZhbHNlfQ==','2018-09-28 16:48:17.563978'),('sy1dn1oz1fc6w4nvxvt6gpbu9f5odkvp','M2I0NTQ4NTY5YzEwM2RkOWI5MTk5NmZjMDdiNzdkMTYyMzY2YjQ1YTp7ImxvZ2luX2Zyb20iOiIvIiwibG9naW5fZXJyb3IiOmZhbHNlfQ==','2019-03-19 09:11:21.212306'),('t0y26hcj8fm4ociab2gg8zsh2eiqhmxc','M2RjODhhMGM3YjRmMmVmMGQ0ZGMwYTUzYzRjOTY0OWJiYTExOGVkMzp7Il9hdXRoX3VzZXJfaWQiOiIyIiwiX2F1dGhfdXNlcl9iYWNrZW5kIjoiZGphbmdvLmNvbnRyaWIuYXV0aC5iYWNrZW5kcy5Nb2RlbEJhY2tlbmQiLCJfYXV0aF91c2VyX2hhc2giOiI4MmQwZDVmYjg3MDE1NGZiYzJhYjJkY2RkOTQ0OWE1ZTMxMjY2OWY5In0=','2018-08-19 03:15:00.823866'),('t4nrgf80lggjwjyl62psgawz70b0pp0m','M2I0NTQ4NTY5YzEwM2RkOWI5MTk5NmZjMDdiNzdkMTYyMzY2YjQ1YTp7ImxvZ2luX2Zyb20iOiIvIiwibG9naW5fZXJyb3IiOmZhbHNlfQ==','2018-11-29 18:36:19.062331'),('t9ru08o26fql90sul2i00hzn31nc178m','Zjk5YmM4NjA5NTM1YjZkNTg2MGMwMjVjNTJkODU4MmI2ZTI1ZTliMDp7ImxvZ2luX2Zyb20iOiJodHRwOi8vMTIwLjc4LjEzMy4yMDc6ODAwOC9ib2JqaWFuZy8iLCJsb2dpbl9lcnJvciI6ZmFsc2UsIl9hdXRoX3VzZXJfaWQiOiIyIiwiX2F1dGhfdXNlcl9iYWNrZW5kIjoiZGphbmdvLmNvbnRyaWIuYXV0aC5iYWNrZW5kcy5Nb2RlbEJhY2tlbmQiLCJfYXV0aF91c2VyX2hhc2giOiI4MmQwZDVmYjg3MDE1NGZiYzJhYjJkY2RkOTQ0OWE1ZTMxMjY2OWY5In0=','2018-10-21 13:12:12.742734'),('tcbclo006ps509o6tvqzr3o94r35fw5l','M2I0NTQ4NTY5YzEwM2RkOWI5MTk5NmZjMDdiNzdkMTYyMzY2YjQ1YTp7ImxvZ2luX2Zyb20iOiIvIiwibG9naW5fZXJyb3IiOmZhbHNlfQ==','2018-11-03 00:43:49.672188'),('tdh72nbd489og9dfunwlud2ep3e6nuv2','ZGRiY2RkMDBkYTk0YzYzZDBjN2I4NjI4MzNjMzc5MGI0ZTk1MWMzZjp7ImxvZ2luX2Zyb20iOiJodHRwczovL3d3dy5ieWluY2QuY29tL2JvYmppYW5nLyIsImxvZ2luX2Vycm9yIjpmYWxzZX0=','2018-10-10 08:31:25.450021'),('tfv7f9qjpxm7315mg906gt5sg1i358kt','YTUxOTAyODU0MzUxZWJlZDYyOGQ5MGNlMGZkMDExZGE3NjkwNjU1NDp7ImxvZ2luX2Zyb20iOiJodHRwczovL2J5aW5jZC5jb20vYm9iamlhbmcvIiwibG9naW5fZXJyb3IiOmZhbHNlLCJfYXV0aF91c2VyX2lkIjoiMiIsIl9hdXRoX3VzZXJfYmFja2VuZCI6ImRqYW5nby5jb250cmliLmF1dGguYmFja2VuZHMuTW9kZWxCYWNrZW5kIiwiX2F1dGhfdXNlcl9oYXNoIjoiNjVkZjQyZTA1NTNiY2Q1YWEyMzQyMzllZWI1ZThmMGM0YzU0NzFlYSJ9','2019-06-24 14:09:44.037366'),('tiqw1uj35d5nqof2aktdknteckbc0xkg','M2I0NTQ4NTY5YzEwM2RkOWI5MTk5NmZjMDdiNzdkMTYyMzY2YjQ1YTp7ImxvZ2luX2Zyb20iOiIvIiwibG9naW5fZXJyb3IiOmZhbHNlfQ==','2018-12-11 16:49:04.231490'),('tk23sofrty6zvcxblb8u2l085ysg7nom','ZGRiY2RkMDBkYTk0YzYzZDBjN2I4NjI4MzNjMzc5MGI0ZTk1MWMzZjp7ImxvZ2luX2Zyb20iOiJodHRwczovL3d3dy5ieWluY2QuY29tL2JvYmppYW5nLyIsImxvZ2luX2Vycm9yIjpmYWxzZX0=','2018-09-28 02:50:14.209470'),('tmknhmxyzpbow5b1dw3mt53o17t0kx09','M2I0NTQ4NTY5YzEwM2RkOWI5MTk5NmZjMDdiNzdkMTYyMzY2YjQ1YTp7ImxvZ2luX2Zyb20iOiIvIiwibG9naW5fZXJyb3IiOmZhbHNlfQ==','2019-07-06 06:47:11.081816'),('to9jlmor17yfcawqfb8se2zk46wpaloe','M2I0NTQ4NTY5YzEwM2RkOWI5MTk5NmZjMDdiNzdkMTYyMzY2YjQ1YTp7ImxvZ2luX2Zyb20iOiIvIiwibG9naW5fZXJyb3IiOmZhbHNlfQ==','2018-12-30 14:52:06.676765'),('ts43q4vlwegrb2x891suzmgolwsrv6sv','ZWE3ZTEwMmI2NzhmYWQ1YmJmZjA0Mzg2NWQ5NTcxNGNmZjAyNTJmYTp7ImxvZ2luX2Zyb20iOiJodHRwczovL2J5aW5jZC5jb20vYm9iamlhbmcvIiwibG9naW5fZXJyb3IiOmZhbHNlfQ==','2018-10-06 04:00:32.898389'),('twqsxwsvqb8msa2e722jbyy4pm5w4l6k','M2I0NTQ4NTY5YzEwM2RkOWI5MTk5NmZjMDdiNzdkMTYyMzY2YjQ1YTp7ImxvZ2luX2Zyb20iOiIvIiwibG9naW5fZXJyb3IiOmZhbHNlfQ==','2018-11-22 10:46:24.199509'),('u4oec1nx43x59kl1sywd314mwj9s5bhp','MWZjZTA2ZGVmNjExZjQyY2VmYjNlMTM2OTAzODQ5YTg0OGI1YzhjOTp7ImxvZ2luX2Zyb20iOiJodHRwOi8vMTIwLjc4LjEzMy4yMDc6ODAwOC9ib2JqaWFuZy8iLCJsb2dpbl9lcnJvciI6Ilx1OTUxOVx1OGJlZlx1NzY4NFx1NzUyOFx1NjIzN1x1NTQwZFx1NjIxNlx1NWJjNlx1NzgwMSJ9','2018-09-16 09:15:08.715647'),('u4watv6gyn9mdedvglluw8vmyloc665b','ZWE3ZTEwMmI2NzhmYWQ1YmJmZjA0Mzg2NWQ5NTcxNGNmZjAyNTJmYTp7ImxvZ2luX2Zyb20iOiJodHRwczovL2J5aW5jZC5jb20vYm9iamlhbmcvIiwibG9naW5fZXJyb3IiOmZhbHNlfQ==','2018-10-08 03:58:12.208004'),('u7gztbz4gr3wd9qh3nyai4gfjnld0ul2','M2I0NTQ4NTY5YzEwM2RkOWI5MTk5NmZjMDdiNzdkMTYyMzY2YjQ1YTp7ImxvZ2luX2Zyb20iOiIvIiwibG9naW5fZXJyb3IiOmZhbHNlfQ==','2019-06-24 17:41:17.533587'),('u82o5qd9tplhlrlasxwcmuq0l1s6khw6','M2I0NTQ4NTY5YzEwM2RkOWI5MTk5NmZjMDdiNzdkMTYyMzY2YjQ1YTp7ImxvZ2luX2Zyb20iOiIvIiwibG9naW5fZXJyb3IiOmZhbHNlfQ==','2018-11-28 11:38:12.159879'),('udw5ygxzcuj37fzml7psx6gb6dz7v26x','M2I0NTQ4NTY5YzEwM2RkOWI5MTk5NmZjMDdiNzdkMTYyMzY2YjQ1YTp7ImxvZ2luX2Zyb20iOiIvIiwibG9naW5fZXJyb3IiOmZhbHNlfQ==','2018-11-26 00:31:10.016193'),('ukfj7lohdthi5jdc9yskalslrvfgkpmp','YTUxOTAyODU0MzUxZWJlZDYyOGQ5MGNlMGZkMDExZGE3NjkwNjU1NDp7ImxvZ2luX2Zyb20iOiJodHRwczovL2J5aW5jZC5jb20vYm9iamlhbmcvIiwibG9naW5fZXJyb3IiOmZhbHNlLCJfYXV0aF91c2VyX2lkIjoiMiIsIl9hdXRoX3VzZXJfYmFja2VuZCI6ImRqYW5nby5jb250cmliLmF1dGguYmFja2VuZHMuTW9kZWxCYWNrZW5kIiwiX2F1dGhfdXNlcl9oYXNoIjoiNjVkZjQyZTA1NTNiY2Q1YWEyMzQyMzllZWI1ZThmMGM0YzU0NzFlYSJ9','2019-06-24 14:26:26.021955'),('uokugqnivboarnabfconquxbr36jkdn2','NTNjNjFjMWYyZDFiNDFmZTcyYzYwYmRjMmU2MjI1YjZjNGM4ODE5Njp7ImxvZ2luX2Zyb20iOiJodHRwczovL3d3dy5ieWluY2QuY29tL2JvYmppYW5nL2Fib3V0X21lLyIsImxvZ2luX2Vycm9yIjpmYWxzZX0=','2019-02-13 15:42:44.605673'),('uxior7uzbg35nd08i6squsmmjefayk79','M2I0NTQ4NTY5YzEwM2RkOWI5MTk5NmZjMDdiNzdkMTYyMzY2YjQ1YTp7ImxvZ2luX2Zyb20iOiIvIiwibG9naW5fZXJyb3IiOmZhbHNlfQ==','2018-11-14 20:01:59.681577'),('v70pv12ux3jcnl35y1duj3arzsxty6m8','M2I0NTQ4NTY5YzEwM2RkOWI5MTk5NmZjMDdiNzdkMTYyMzY2YjQ1YTp7ImxvZ2luX2Zyb20iOiIvIiwibG9naW5fZXJyb3IiOmZhbHNlfQ==','2019-03-12 00:35:27.221739'),('vrutfqv5tcgym5y4l783udw7lu907wc9','M2I0NTQ4NTY5YzEwM2RkOWI5MTk5NmZjMDdiNzdkMTYyMzY2YjQ1YTp7ImxvZ2luX2Zyb20iOiIvIiwibG9naW5fZXJyb3IiOmZhbHNlfQ==','2018-12-18 01:49:51.750460'),('vsd2ai6iu6seiv61k98e496jmx65vtj8','ZGRiY2RkMDBkYTk0YzYzZDBjN2I4NjI4MzNjMzc5MGI0ZTk1MWMzZjp7ImxvZ2luX2Zyb20iOiJodHRwczovL3d3dy5ieWluY2QuY29tL2JvYmppYW5nLyIsImxvZ2luX2Vycm9yIjpmYWxzZX0=','2018-10-02 07:52:48.086505'),('vx6asvpcdr3cy0yi1czu2vhmmnu7t9dv','M2I0NTQ4NTY5YzEwM2RkOWI5MTk5NmZjMDdiNzdkMTYyMzY2YjQ1YTp7ImxvZ2luX2Zyb20iOiIvIiwibG9naW5fZXJyb3IiOmZhbHNlfQ==','2019-05-29 06:44:42.544792'),('vya6vjxkh3mizok1ze5qgaon3mac4reu','M2I0NTQ4NTY5YzEwM2RkOWI5MTk5NmZjMDdiNzdkMTYyMzY2YjQ1YTp7ImxvZ2luX2Zyb20iOiIvIiwibG9naW5fZXJyb3IiOmZhbHNlfQ==','2019-05-11 02:09:39.304504'),('vyw0lf3d92dsgmtapfkneicqmwox1srr','M2I0NTQ4NTY5YzEwM2RkOWI5MTk5NmZjMDdiNzdkMTYyMzY2YjQ1YTp7ImxvZ2luX2Zyb20iOiIvIiwibG9naW5fZXJyb3IiOmZhbHNlfQ==','2019-05-14 02:52:20.617692'),('w74y09e8s1csa1yryfcs5uuylwqpq77g','M2I0NTQ4NTY5YzEwM2RkOWI5MTk5NmZjMDdiNzdkMTYyMzY2YjQ1YTp7ImxvZ2luX2Zyb20iOiIvIiwibG9naW5fZXJyb3IiOmZhbHNlfQ==','2018-09-30 07:54:50.581301'),('wff0f9f5cq5fyc4nkflevobohbhqpzuo','M2I0NTQ4NTY5YzEwM2RkOWI5MTk5NmZjMDdiNzdkMTYyMzY2YjQ1YTp7ImxvZ2luX2Zyb20iOiIvIiwibG9naW5fZXJyb3IiOmZhbHNlfQ==','2018-12-29 22:45:41.469279'),('wi2opw47cklpuupx10io8xld1waqs4c8','M2RjODhhMGM3YjRmMmVmMGQ0ZGMwYTUzYzRjOTY0OWJiYTExOGVkMzp7Il9hdXRoX3VzZXJfaWQiOiIyIiwiX2F1dGhfdXNlcl9iYWNrZW5kIjoiZGphbmdvLmNvbnRyaWIuYXV0aC5iYWNrZW5kcy5Nb2RlbEJhY2tlbmQiLCJfYXV0aF91c2VyX2hhc2giOiI4MmQwZDVmYjg3MDE1NGZiYzJhYjJkY2RkOTQ0OWE1ZTMxMjY2OWY5In0=','2018-07-22 07:51:29.691578'),('wipvx52wt9g4t3vir70texdb7hv7fm2e','YTUxOTAyODU0MzUxZWJlZDYyOGQ5MGNlMGZkMDExZGE3NjkwNjU1NDp7ImxvZ2luX2Zyb20iOiJodHRwczovL2J5aW5jZC5jb20vYm9iamlhbmcvIiwibG9naW5fZXJyb3IiOmZhbHNlLCJfYXV0aF91c2VyX2lkIjoiMiIsIl9hdXRoX3VzZXJfYmFja2VuZCI6ImRqYW5nby5jb250cmliLmF1dGguYmFja2VuZHMuTW9kZWxCYWNrZW5kIiwiX2F1dGhfdXNlcl9oYXNoIjoiNjVkZjQyZTA1NTNiY2Q1YWEyMzQyMzllZWI1ZThmMGM0YzU0NzFlYSJ9','2019-06-24 14:04:14.185586'),('wkj9gf2f8cmzy9mn0l9m2dy23zwsx21r','M2I0NTQ4NTY5YzEwM2RkOWI5MTk5NmZjMDdiNzdkMTYyMzY2YjQ1YTp7ImxvZ2luX2Zyb20iOiIvIiwibG9naW5fZXJyb3IiOmZhbHNlfQ==','2019-05-10 22:14:37.575115'),('wsfrd663x2k1b5qj81gvibzf8ytokp1q','M2I0NTQ4NTY5YzEwM2RkOWI5MTk5NmZjMDdiNzdkMTYyMzY2YjQ1YTp7ImxvZ2luX2Zyb20iOiIvIiwibG9naW5fZXJyb3IiOmZhbHNlfQ==','2019-03-20 22:04:50.927250'),('ww1n1h1ut4f6zefz8yjvft5lmsrky4yz','M2I0NTQ4NTY5YzEwM2RkOWI5MTk5NmZjMDdiNzdkMTYyMzY2YjQ1YTp7ImxvZ2luX2Zyb20iOiIvIiwibG9naW5fZXJyb3IiOmZhbHNlfQ==','2018-11-30 07:18:30.721165'),('x1ui1pphmahgys7xqsyq4f1a5m8cm597','M2I0NTQ4NTY5YzEwM2RkOWI5MTk5NmZjMDdiNzdkMTYyMzY2YjQ1YTp7ImxvZ2luX2Zyb20iOiIvIiwibG9naW5fZXJyb3IiOmZhbHNlfQ==','2018-10-23 10:22:01.286109'),('x4y4y3jscb57xdxdac6qmnq5xqecjf42','ZTNhYzFmODUyNzgyMmM2MmNiMzNiZmYwYTdkYzdhNmI4YTE2ZmQ0NDp7ImxvZ2luX2Zyb20iOiJodHRwczovL3d3dy5ieWluY2QuY29tL2JvYmppYW5nL2Fib3V0LyIsImxvZ2luX2Vycm9yIjpmYWxzZX0=','2018-12-17 14:42:43.675834'),('xeeq0oi13ekkmiwf9crlckrgpgbas19p','ZWE3ZTEwMmI2NzhmYWQ1YmJmZjA0Mzg2NWQ5NTcxNGNmZjAyNTJmYTp7ImxvZ2luX2Zyb20iOiJodHRwczovL2J5aW5jZC5jb20vYm9iamlhbmcvIiwibG9naW5fZXJyb3IiOmZhbHNlfQ==','2018-10-05 04:01:22.688987'),('xh4a6zoxg2rycb8pqh6m5r5xbr7o907h','M2I0NTQ4NTY5YzEwM2RkOWI5MTk5NmZjMDdiNzdkMTYyMzY2YjQ1YTp7ImxvZ2luX2Zyb20iOiIvIiwibG9naW5fZXJyb3IiOmZhbHNlfQ==','2019-04-10 01:18:16.358036'),('xiz2q7p7jaqiamn4oaupnkr8iq3185x7','M2I0NTQ4NTY5YzEwM2RkOWI5MTk5NmZjMDdiNzdkMTYyMzY2YjQ1YTp7ImxvZ2luX2Zyb20iOiIvIiwibG9naW5fZXJyb3IiOmZhbHNlfQ==','2018-11-09 19:17:21.346451'),('xotqwgtiz80d3cp2mdjjgn3s1sns024y','YmJlMGY4N2RjYTE2OWVjZmMwZmYxNTNiMDQ0OGI0Y2ZkMjU0ZGIzNTp7ImxvZ2luX2Zyb20iOiJodHRwczovL2J5aW5jZC5jb20vYm9iamlhbmcvIiwibG9naW5fZXJyb3IiOiJcdTk1MTlcdThiZWZcdTc2ODRcdTc1MjhcdTYyMzdcdTU0MGRcdTYyMTZcdTViYzZcdTc4MDEifQ==','2019-06-24 13:44:11.519494'),('xqzkiu2ozh28hvtk03ojwu0i0a0llz8y','ZGRiY2RkMDBkYTk0YzYzZDBjN2I4NjI4MzNjMzc5MGI0ZTk1MWMzZjp7ImxvZ2luX2Zyb20iOiJodHRwczovL3d3dy5ieWluY2QuY29tL2JvYmppYW5nLyIsImxvZ2luX2Vycm9yIjpmYWxzZX0=','2018-09-25 07:50:49.846322'),('xt2vbvt72l8aenmhilx8cqxoirzlywck','M2I0NTQ4NTY5YzEwM2RkOWI5MTk5NmZjMDdiNzdkMTYyMzY2YjQ1YTp7ImxvZ2luX2Zyb20iOiIvIiwibG9naW5fZXJyb3IiOmZhbHNlfQ==','2019-04-26 00:45:24.998979'),('xt6x5gk15hlf90plsr1ohzu9p54hcmvj','M2RjODhhMGM3YjRmMmVmMGQ0ZGMwYTUzYzRjOTY0OWJiYTExOGVkMzp7Il9hdXRoX3VzZXJfaWQiOiIyIiwiX2F1dGhfdXNlcl9iYWNrZW5kIjoiZGphbmdvLmNvbnRyaWIuYXV0aC5iYWNrZW5kcy5Nb2RlbEJhY2tlbmQiLCJfYXV0aF91c2VyX2hhc2giOiI4MmQwZDVmYjg3MDE1NGZiYzJhYjJkY2RkOTQ0OWE1ZTMxMjY2OWY5In0=','2018-08-25 15:53:27.140514'),('xzgtd76kqe1b6u6hvz00q1o43w53bsmx','M2I0NTQ4NTY5YzEwM2RkOWI5MTk5NmZjMDdiNzdkMTYyMzY2YjQ1YTp7ImxvZ2luX2Zyb20iOiIvIiwibG9naW5fZXJyb3IiOmZhbHNlfQ==','2018-10-19 01:38:06.919584'),('xzomzortlh84yui1rq5i8v37blwckso9','M2I0NTQ4NTY5YzEwM2RkOWI5MTk5NmZjMDdiNzdkMTYyMzY2YjQ1YTp7ImxvZ2luX2Zyb20iOiIvIiwibG9naW5fZXJyb3IiOmZhbHNlfQ==','2018-10-22 06:03:57.882945'),('y4p6kynnanzlngekyz5i2r8vxogotdds','M2I0NTQ4NTY5YzEwM2RkOWI5MTk5NmZjMDdiNzdkMTYyMzY2YjQ1YTp7ImxvZ2luX2Zyb20iOiIvIiwibG9naW5fZXJyb3IiOmZhbHNlfQ==','2019-03-23 05:11:06.754915'),('y53fyk99kmkc5m3fmkae4y5mzwgjxyqu','M2I0NTQ4NTY5YzEwM2RkOWI5MTk5NmZjMDdiNzdkMTYyMzY2YjQ1YTp7ImxvZ2luX2Zyb20iOiIvIiwibG9naW5fZXJyb3IiOmZhbHNlfQ==','2018-12-18 13:46:33.395325'),('y7hn6vqbf9cs96r0en2n5p9awcla48yv','M2I0NTQ4NTY5YzEwM2RkOWI5MTk5NmZjMDdiNzdkMTYyMzY2YjQ1YTp7ImxvZ2luX2Zyb20iOiIvIiwibG9naW5fZXJyb3IiOmZhbHNlfQ==','2018-12-28 03:01:41.485002'),('y8e4bbc9a1xaa9slcljvxj19lx2t9ss3','ZGRiY2RkMDBkYTk0YzYzZDBjN2I4NjI4MzNjMzc5MGI0ZTk1MWMzZjp7ImxvZ2luX2Zyb20iOiJodHRwczovL3d3dy5ieWluY2QuY29tL2JvYmppYW5nLyIsImxvZ2luX2Vycm9yIjpmYWxzZX0=','2018-12-14 13:44:06.792287'),('yaj61r2u9irnozr3e57u651k4z3031xf','M2I0NTQ4NTY5YzEwM2RkOWI5MTk5NmZjMDdiNzdkMTYyMzY2YjQ1YTp7ImxvZ2luX2Zyb20iOiIvIiwibG9naW5fZXJyb3IiOmZhbHNlfQ==','2018-09-16 18:18:58.128090'),('yca7w2ila1jutyjmvax2ktywcl8g5z35','M2I0NTQ4NTY5YzEwM2RkOWI5MTk5NmZjMDdiNzdkMTYyMzY2YjQ1YTp7ImxvZ2luX2Zyb20iOiIvIiwibG9naW5fZXJyb3IiOmZhbHNlfQ==','2019-04-08 11:08:50.652452'),('ylww5j65vh40j34wb3wzjqfvdr5ghk0o','YTUxOTAyODU0MzUxZWJlZDYyOGQ5MGNlMGZkMDExZGE3NjkwNjU1NDp7ImxvZ2luX2Zyb20iOiJodHRwczovL2J5aW5jZC5jb20vYm9iamlhbmcvIiwibG9naW5fZXJyb3IiOmZhbHNlLCJfYXV0aF91c2VyX2lkIjoiMiIsIl9hdXRoX3VzZXJfYmFja2VuZCI6ImRqYW5nby5jb250cmliLmF1dGguYmFja2VuZHMuTW9kZWxCYWNrZW5kIiwiX2F1dGhfdXNlcl9oYXNoIjoiNjVkZjQyZTA1NTNiY2Q1YWEyMzQyMzllZWI1ZThmMGM0YzU0NzFlYSJ9','2019-06-25 11:28:22.281784'),('yvndrqb2hbhq9kgiriezjkiaf5dqg35t','YmJlMGY4N2RjYTE2OWVjZmMwZmYxNTNiMDQ0OGI0Y2ZkMjU0ZGIzNTp7ImxvZ2luX2Zyb20iOiJodHRwczovL2J5aW5jZC5jb20vYm9iamlhbmcvIiwibG9naW5fZXJyb3IiOiJcdTk1MTlcdThiZWZcdTc2ODRcdTc1MjhcdTYyMzdcdTU0MGRcdTYyMTZcdTViYzZcdTc4MDEifQ==','2019-06-25 09:51:54.266986'),('yz8ccl8qof75jj1t6keu3av40qiihj3u','ZTRiZDQ3ZGVjNGU5NjMxZjhhYTE3MDIxM2ZjZDFjMDE1MGE5YmVkMTp7ImxvZ2luX2Zyb20iOiJodHRwOi8vd3d3LmJ5aW5jZC5jb20vYm9iamlhbmcvbG9naW4vIiwibG9naW5fZXJyb3IiOmZhbHNlfQ==','2019-05-28 16:20:59.629436'),('z3nh66h2iswpnmvrx9n4bh7px43p0xl3','M2I0NTQ4NTY5YzEwM2RkOWI5MTk5NmZjMDdiNzdkMTYyMzY2YjQ1YTp7ImxvZ2luX2Zyb20iOiIvIiwibG9naW5fZXJyb3IiOmZhbHNlfQ==','2018-11-09 08:15:56.795659'),('z3qyl3un73c8cn01rlrlr73l0j8crzfq','M2I0NTQ4NTY5YzEwM2RkOWI5MTk5NmZjMDdiNzdkMTYyMzY2YjQ1YTp7ImxvZ2luX2Zyb20iOiIvIiwibG9naW5fZXJyb3IiOmZhbHNlfQ==','2018-12-09 05:54:19.111680'),('z9tk3m9pp6jshiegk0ej31usoole7nk2','M2I0NTQ4NTY5YzEwM2RkOWI5MTk5NmZjMDdiNzdkMTYyMzY2YjQ1YTp7ImxvZ2luX2Zyb20iOiIvIiwibG9naW5fZXJyb3IiOmZhbHNlfQ==','2019-04-23 21:36:07.917141'),('zfoyt6xuf6zy4pjta9iaqzw0q64fvzl6','YTUxOTAyODU0MzUxZWJlZDYyOGQ5MGNlMGZkMDExZGE3NjkwNjU1NDp7ImxvZ2luX2Zyb20iOiJodHRwczovL2J5aW5jZC5jb20vYm9iamlhbmcvIiwibG9naW5fZXJyb3IiOmZhbHNlLCJfYXV0aF91c2VyX2lkIjoiMiIsIl9hdXRoX3VzZXJfYmFja2VuZCI6ImRqYW5nby5jb250cmliLmF1dGguYmFja2VuZHMuTW9kZWxCYWNrZW5kIiwiX2F1dGhfdXNlcl9oYXNoIjoiNjVkZjQyZTA1NTNiY2Q1YWEyMzQyMzllZWI1ZThmMGM0YzU0NzFlYSJ9','2019-06-25 10:46:33.503364'),('zpn0iytvrsvup0yhx19aqy9ypusls8zx','M2I0NTQ4NTY5YzEwM2RkOWI5MTk5NmZjMDdiNzdkMTYyMzY2YjQ1YTp7ImxvZ2luX2Zyb20iOiIvIiwibG9naW5fZXJyb3IiOmZhbHNlfQ==','2018-10-23 23:21:17.252968'),('ztqqeayjokodf3x1vth7i0sqkaek0u4l','M2I0NTQ4NTY5YzEwM2RkOWI5MTk5NmZjMDdiNzdkMTYyMzY2YjQ1YTp7ImxvZ2luX2Zyb20iOiIvIiwibG9naW5fZXJyb3IiOmZhbHNlfQ==','2019-05-09 01:46:29.257894'),('zyr5loedx8bbacpimol2hfniqioeuzfo','M2I0NTQ4NTY5YzEwM2RkOWI5MTk5NmZjMDdiNzdkMTYyMzY2YjQ1YTp7ImxvZ2luX2Zyb20iOiIvIiwibG9naW5fZXJyb3IiOmZhbHNlfQ==','2019-02-27 05:41:50.846157'),('zzbwadsl9s9z17ayhelaifwsxgidjbxi','YTUxOTAyODU0MzUxZWJlZDYyOGQ5MGNlMGZkMDExZGE3NjkwNjU1NDp7ImxvZ2luX2Zyb20iOiJodHRwczovL2J5aW5jZC5jb20vYm9iamlhbmcvIiwibG9naW5fZXJyb3IiOmZhbHNlLCJfYXV0aF91c2VyX2lkIjoiMiIsIl9hdXRoX3VzZXJfYmFja2VuZCI6ImRqYW5nby5jb250cmliLmF1dGguYmFja2VuZHMuTW9kZWxCYWNrZW5kIiwiX2F1dGhfdXNlcl9oYXNoIjoiNjVkZjQyZTA1NTNiY2Q1YWEyMzQyMzllZWI1ZThmMGM0YzU0NzFlYSJ9','2019-06-24 14:06:24.542793');
/*!40000 ALTER TABLE `django_session` ENABLE KEYS */;
UNLOCK TABLES;

--
-- Table structure for table `reversion_revision`
--

DROP TABLE IF EXISTS `reversion_revision`;
/*!40101 SET @saved_cs_client     = @@character_set_client */;
/*!40101 SET character_set_client = utf8 */;
CREATE TABLE `reversion_revision` (
  `id` int(11) NOT NULL AUTO_INCREMENT,
  `date_created` datetime(6) NOT NULL,
  `comment` longtext NOT NULL,
  `user_id` int(11) DEFAULT NULL,
  PRIMARY KEY (`id`),
  KEY `reversion_revision_user_id_17095f45_fk_auth_user_id` (`user_id`),
  KEY `reversion_revision_date_created_96f7c20c` (`date_created`),
  CONSTRAINT `reversion_revision_user_id_17095f45_fk_auth_user_id` FOREIGN KEY (`user_id`) REFERENCES `auth_user` (`id`)
) ENGINE=InnoDB DEFAULT CHARSET=utf8;
/*!40101 SET character_set_client = @saved_cs_client */;

--
-- Dumping data for table `reversion_revision`
--

LOCK TABLES `reversion_revision` WRITE;
/*!40000 ALTER TABLE `reversion_revision` DISABLE KEYS */;
/*!40000 ALTER TABLE `reversion_revision` ENABLE KEYS */;
UNLOCK TABLES;

--
-- Table structure for table `reversion_version`
--

DROP TABLE IF EXISTS `reversion_version`;
/*!40101 SET @saved_cs_client     = @@character_set_client */;
/*!40101 SET character_set_client = utf8 */;
CREATE TABLE `reversion_version` (
  `id` int(11) NOT NULL AUTO_INCREMENT,
  `object_id` varchar(191) NOT NULL,
  `format` varchar(255) NOT NULL,
  `serialized_data` longtext NOT NULL,
  `object_repr` longtext NOT NULL,
  `content_type_id` int(11) NOT NULL,
  `revision_id` int(11) NOT NULL,
  `db` varchar(191) NOT NULL,
  PRIMARY KEY (`id`),
  UNIQUE KEY `reversion_version_db_content_type_id_objec_b2c54f65_uniq` (`db`,`content_type_id`,`object_id`,`revision_id`),
  KEY `reversion_version_content_type_id_7d0ff25c_fk_django_co` (`content_type_id`),
  KEY `reversion_version_revision_id_af9f6a9d_fk_reversion_revision_id` (`revision_id`),
  CONSTRAINT `reversion_version_content_type_id_7d0ff25c_fk_django_co` FOREIGN KEY (`content_type_id`) REFERENCES `django_content_type` (`id`),
  CONSTRAINT `reversion_version_revision_id_af9f6a9d_fk_reversion_revision_id` FOREIGN KEY (`revision_id`) REFERENCES `reversion_revision` (`id`)
) ENGINE=InnoDB DEFAULT CHARSET=utf8;
/*!40101 SET character_set_client = @saved_cs_client */;

--
-- Dumping data for table `reversion_version`
--

LOCK TABLES `reversion_version` WRITE;
/*!40000 ALTER TABLE `reversion_version` DISABLE KEYS */;
/*!40000 ALTER TABLE `reversion_version` ENABLE KEYS */;
UNLOCK TABLES;

--
-- Table structure for table `xadmin_bookmark`
--

DROP TABLE IF EXISTS `xadmin_bookmark`;
/*!40101 SET @saved_cs_client     = @@character_set_client */;
/*!40101 SET character_set_client = utf8 */;
CREATE TABLE `xadmin_bookmark` (
  `id` int(11) NOT NULL AUTO_INCREMENT,
  `title` varchar(128) NOT NULL,
  `url_name` varchar(64) NOT NULL,
  `query` varchar(1000) NOT NULL,
  `is_share` tinyint(1) NOT NULL,
  `content_type_id` int(11) NOT NULL,
  `user_id` int(11) DEFAULT NULL,
  PRIMARY KEY (`id`),
  KEY `xadmin_bookmark_content_type_id_60941679_fk_django_co` (`content_type_id`),
  KEY `xadmin_bookmark_user_id_42d307fc_fk_auth_user_id` (`user_id`),
  CONSTRAINT `xadmin_bookmark_content_type_id_60941679_fk_django_co` FOREIGN KEY (`content_type_id`) REFERENCES `django_content_type` (`id`),
  CONSTRAINT `xadmin_bookmark_user_id_42d307fc_fk_auth_user_id` FOREIGN KEY (`user_id`) REFERENCES `auth_user` (`id`)
) ENGINE=InnoDB DEFAULT CHARSET=utf8;
/*!40101 SET character_set_client = @saved_cs_client */;

--
-- Dumping data for table `xadmin_bookmark`
--

LOCK TABLES `xadmin_bookmark` WRITE;
/*!40000 ALTER TABLE `xadmin_bookmark` DISABLE KEYS */;
/*!40000 ALTER TABLE `xadmin_bookmark` ENABLE KEYS */;
UNLOCK TABLES;

--
-- Table structure for table `xadmin_log`
--

DROP TABLE IF EXISTS `xadmin_log`;
/*!40101 SET @saved_cs_client     = @@character_set_client */;
/*!40101 SET character_set_client = utf8 */;
CREATE TABLE `xadmin_log` (
  `id` int(11) NOT NULL AUTO_INCREMENT,
  `action_time` datetime(6) NOT NULL,
  `ip_addr` char(39) DEFAULT NULL,
  `object_id` longtext,
  `object_repr` varchar(200) NOT NULL,
  `action_flag` varchar(32) NOT NULL,
  `message` longtext NOT NULL,
  `content_type_id` int(11) DEFAULT NULL,
  `user_id` int(11) NOT NULL,
  PRIMARY KEY (`id`),
  KEY `xadmin_log_content_type_id_2a6cb852_fk_django_content_type_id` (`content_type_id`),
  KEY `xadmin_log_user_id_bb16a176_fk_auth_user_id` (`user_id`),
  CONSTRAINT `xadmin_log_content_type_id_2a6cb852_fk_django_content_type_id` FOREIGN KEY (`content_type_id`) REFERENCES `django_content_type` (`id`),
  CONSTRAINT `xadmin_log_user_id_bb16a176_fk_auth_user_id` FOREIGN KEY (`user_id`) REFERENCES `auth_user` (`id`)
) ENGINE=InnoDB AUTO_INCREMENT=3 DEFAULT CHARSET=utf8;
/*!40101 SET character_set_client = @saved_cs_client */;

--
-- Dumping data for table `xadmin_log`
--

LOCK TABLES `xadmin_log` WRITE;
/*!40000 ALTER TABLE `xadmin_log` DISABLE KEYS */;
INSERT INTO `xadmin_log` VALUES (1,'2018-08-25 03:52:58.205020','182.49.51.217','42','xadmin','change','修改 text，published_date 和 tag',7,2),(2,'2018-08-25 04:34:57.187245','182.49.51.217','42','xadmin','change','修改 visiable',7,2);
/*!40000 ALTER TABLE `xadmin_log` ENABLE KEYS */;
UNLOCK TABLES;

--
-- Table structure for table `xadmin_usersettings`
--

DROP TABLE IF EXISTS `xadmin_usersettings`;
/*!40101 SET @saved_cs_client     = @@character_set_client */;
/*!40101 SET character_set_client = utf8 */;
CREATE TABLE `xadmin_usersettings` (
  `id` int(11) NOT NULL AUTO_INCREMENT,
  `key` varchar(256) NOT NULL,
  `value` longtext NOT NULL,
  `user_id` int(11) NOT NULL,
  PRIMARY KEY (`id`),
  KEY `xadmin_usersettings_user_id_edeabe4a_fk_auth_user_id` (`user_id`),
  CONSTRAINT `xadmin_usersettings_user_id_edeabe4a_fk_auth_user_id` FOREIGN KEY (`user_id`) REFERENCES `auth_user` (`id`)
) ENGINE=InnoDB AUTO_INCREMENT=2 DEFAULT CHARSET=utf8;
/*!40101 SET character_set_client = @saved_cs_client */;

--
-- Dumping data for table `xadmin_usersettings`
--

LOCK TABLES `xadmin_usersettings` WRITE;
/*!40000 ALTER TABLE `xadmin_usersettings` DISABLE KEYS */;
INSERT INTO `xadmin_usersettings` VALUES (1,'dashboard:home:pos','',2);
/*!40000 ALTER TABLE `xadmin_usersettings` ENABLE KEYS */;
UNLOCK TABLES;

--
-- Table structure for table `xadmin_userwidget`
--

DROP TABLE IF EXISTS `xadmin_userwidget`;
/*!40101 SET @saved_cs_client     = @@character_set_client */;
/*!40101 SET character_set_client = utf8 */;
CREATE TABLE `xadmin_userwidget` (
  `id` int(11) NOT NULL AUTO_INCREMENT,
  `page_id` varchar(256) NOT NULL,
  `widget_type` varchar(50) NOT NULL,
  `value` longtext NOT NULL,
  `user_id` int(11) NOT NULL,
  PRIMARY KEY (`id`),
  KEY `xadmin_userwidget_user_id_c159233a_fk_auth_user_id` (`user_id`),
  CONSTRAINT `xadmin_userwidget_user_id_c159233a_fk_auth_user_id` FOREIGN KEY (`user_id`) REFERENCES `auth_user` (`id`)
) ENGINE=InnoDB DEFAULT CHARSET=utf8;
/*!40101 SET character_set_client = @saved_cs_client */;

--
-- Dumping data for table `xadmin_userwidget`
--

LOCK TABLES `xadmin_userwidget` WRITE;
/*!40000 ALTER TABLE `xadmin_userwidget` DISABLE KEYS */;
/*!40000 ALTER TABLE `xadmin_userwidget` ENABLE KEYS */;
UNLOCK TABLES;
/*!40103 SET TIME_ZONE=@OLD_TIME_ZONE */;

/*!40101 SET SQL_MODE=@OLD_SQL_MODE */;
/*!40014 SET FOREIGN_KEY_CHECKS=@OLD_FOREIGN_KEY_CHECKS */;
/*!40014 SET UNIQUE_CHECKS=@OLD_UNIQUE_CHECKS */;
/*!40101 SET CHARACTER_SET_CLIENT=@OLD_CHARACTER_SET_CLIENT */;
/*!40101 SET CHARACTER_SET_RESULTS=@OLD_CHARACTER_SET_RESULTS */;
/*!40101 SET COLLATION_CONNECTION=@OLD_COLLATION_CONNECTION */;
/*!40111 SET SQL_NOTES=@OLD_SQL_NOTES */;

-- Dump completed on 2019-06-30 12:06:12
